{"type":"FeatureCollection","name":"西晋289和308年史图馆视频政权边界试验","metadata":{"version":"2026-10-02.1","registration":{"selected":{"name":"albers-105-25-47-affine","crs":"+proj=aea +lat_1=25 +lat_2=47 +lon_0=105 +lat_0=0 +datum=WGS84 +units=m +no_defs","matrix":[[0.00019886640099397518,-1.2988792915005803e-06],[2.3362619928993386e-07,-0.00020076636443904191],[920.0979298667146,1282.2536695237181]],"rmse_source_px":3.5124265295720374,"max_residual_source_px":5.651145547349341,"leave_one_out_rmse_source_px":4.408437277760347,"residuals":[{"name":"海南东北角","source_xy":[1041,862],"lonlat":[110.68,20.15],"provenance":"coast","residual_px":1.8646944638180443,"leave_one_out_px":2.2827840362815923},{"name":"海南南端","source_xy":[1017,903],"lonlat":[109.55,18.16],"provenance":"coast","residual_px":2.475138639948464,"leave_one_out_px":3.234366696210237},{"name":"海南西端","source_xy":[997,884],"lonlat":[108.64,19.31],"provenance":"coast","residual_px":3.397782298333084,"leave_one_out_px":4.350113326584062},{"name":"台湾北端","source_xy":[1251,724],"lonlat":[121.57,25.28],"provenance":"coast","residual_px":2.8085102286651584,"leave_one_out_px":3.3607302738023725},{"name":"台湾南端","source_xy":[1247,797],"lonlat":[120.84,21.9],"provenance":"coast","residual_px":1.2032699440956596,"leave_one_out_px":1.5783150911797916},{"name":"辽东半岛南端","source_xy":[1191,424],"lonlat":[121.13,38.72],"provenance":"coast","residual_px":2.917832391460967,"leave_one_out_px":3.5255958222944916},{"name":"山东成山角","source_xy":[1227,452],"lonlat":[122.7,37.397],"provenance":"coast","residual_px":3.7499845349534717,"leave_one_out_px":4.403388663513778},{"name":"济州岛质心","source_xy":[1313,526],"lonlat":[126.54,33.38],"provenance":"island-centroid","residual_px":3.8025814283957415,"leave_one_out_px":4.56280881043823},{"name":"九州佐多岬","source_xy":[1397,554],"lonlat":[130.67,30.99],"provenance":"coast","residual_px":3.674195541976031,"leave_one_out_px":5.286239137990089},{"name":"长安县治","source_xy":[990,547],"lonlat":[108.90698,34.24642],"provenance":"CHGIS-county","residual_px":1.4241950348334504,"leave_one_out_px":1.8605854183871093},{"name":"洛阳都城点","source_xy":[1054,533],"lonlat":[112.5963,34.73157],"provenance":"CHGIS-county","residual_px":2.812362598961154,"leave_one_out_px":3.3450034912029762},{"name":"成都县治","source_xy":[908,629],"lonlat":[104.075401,30.666059],"provenance":"CHGIS-county","residual_px":4.780068537592388,"leave_one_out_px":7.118586556802561},{"name":"建邺县治","source_xy":[1179,582],"lonlat":[118.76899,32.052563],"provenance":"CHGIS-county","residual_px":4.802707362976167,"leave_one_out_px":5.189862596590078},{"name":"番禺县治","source_xy":[1089,785],"lonlat":[113.256066,23.134624],"provenance":"CHGIS-county","residual_px":5.651145547349341,"leave_one_out_px":6.424730942303484},{"name":"高句丽集安都城点","source_xy":[1264,351],"lonlat":[126.19,41.13],"provenance":"geographic-city","residual_px":4.03106808999029,"leave_one_out_px":5.386402935142671}]},"models":[{"name":"geographic-affine","crs":"EPSG:4326","matrix":[[18.63488469375844,-2.402546517490372],[-2.4276988372400514,-22.276788627065596],[-965.9172779099212,1573.4492419055935]],"rmse_source_px":12.203853751294071,"max_residual_source_px":21.977108076232998,"leave_one_out_rmse_source_px":15.980054857387179,"residuals":[{"name":"海南东北角","source_xy":[1041,862],"lonlat":[110.68,20.15],"provenance":"coast","residual_px":7.463618101005845,"leave_one_out_px":9.106146748361027},{"name":"海南南端","source_xy":[1017,903],"lonlat":[109.55,18.16],"provenance":"coast","residual_px":14.698156495601788,"leave_one_out_px":19.16036926393849},{"name":"海南西端","source_xy":[997,884],"lonlat":[108.64,19.31],"provenance":"coast","residual_px":14.798985190470585,"leave_one_out_px":18.825694158923323},{"name":"台湾北端","source_xy":[1251,724],"lonlat":[121.57,25.28],"provenance":"coast","residual_px":14.089253462419837,"leave_one_out_px":16.538408310899058},{"name":"台湾南端","source_xy":[1247,797],"lonlat":[120.84,21.9],"provenance":"coast","residual_px":14.34982948238369,"leave_one_out_px":18.285769446446604},{"name":"辽东半岛南端","source_xy":[1191,424],"lonlat":[121.13,38.72],"provenance":"coast","residual_px":7.553814599032683,"leave_one_out_px":9.166875295018864},{"name":"山东成山角","source_xy":[1227,452],"lonlat":[122.7,37.397],"provenance":"coast","residual_px":7.00939164441309,"leave_one_out_px":8.261866377603203},{"name":"济州岛质心","source_xy":[1313,526],"lonlat":[126.54,33.38],"provenance":"island-centroid","residual_px":1.9030037277122303,"leave_one_out_px":2.2880659745371967},{"name":"九州佐多岬","source_xy":[1397,554],"lonlat":[130.67,30.99],"provenance":"coast","residual_px":15.471003112366702,"leave_one_out_px":22.270909722181266},{"name":"长安县治","source_xy":[990,547],"lonlat":[108.90698,34.24642],"provenance":"CHGIS-county","residual_px":9.773705107230146,"leave_one_out_px":13.080943561903494},{"name":"洛阳都城点","source_xy":[1054,533],"lonlat":[112.5963,34.73157],"provenance":"CHGIS-county","residual_px":7.103088231333713,"leave_one_out_px":8.585302578545107},{"name":"成都县治","source_xy":[908,629],"lonlat":[104.075401,30.666059],"provenance":"CHGIS-county","residual_px":14.374082615937926,"leave_one_out_px":21.538091016594397},{"name":"建邺县治","source_xy":[1179,582],"lonlat":[118.76899,32.052563],"provenance":"CHGIS-county","residual_px":12.361159710976832,"leave_one_out_px":13.373423066482344},{"name":"番禺县治","source_xy":[1089,785],"lonlat":[113.256066,23.134624],"provenance":"CHGIS-county","residual_px":1.1334212573413067,"leave_one_out_px":1.2841012892099546},{"name":"高句丽集安都城点","source_xy":[1264,351],"lonlat":[126.19,41.13],"provenance":"geographic-city","residual_px":21.977108076232998,"leave_one_out_px":29.58667995717361}]},{"name":"mercator-affine","crs":"EPSG:3857","matrix":[[0.00016759435051473618,-2.1562488682306855e-05],[-1.930676554914969e-05,-0.00017360754713316182],[-973.023543187194,1518.92044832161]],"rmse_source_px":13.211045137452183,"max_residual_source_px":21.81893157804129,"leave_one_out_rmse_source_px":17.669727488477708,"residuals":[{"name":"海南东北角","source_xy":[1041,862],"lonlat":[110.68,20.15],"provenance":"coast","residual_px":9.264918783587797,"leave_one_out_px":11.266151326358823},{"name":"海南南端","source_xy":[1017,903],"lonlat":[109.55,18.16],"provenance":"coast","residual_px":14.660201309120557,"leave_one_out_px":18.928844092921622},{"name":"海南西端","source_xy":[997,884],"lonlat":[108.64,19.31],"provenance":"coast","residual_px":15.821497101819002,"leave_one_out_px":20.023239709516},{"name":"台湾北端","source_xy":[1251,724],"lonlat":[121.57,25.28],"provenance":"coast","residual_px":12.319760914664728,"leave_one_out_px":14.517948605697883},{"name":"台湾南端","source_xy":[1247,797],"lonlat":[120.84,21.9],"provenance":"coast","residual_px":13.981870056400883,"leave_one_out_px":17.812097492821206},{"name":"辽东半岛南端","source_xy":[1191,424],"lonlat":[121.13,38.72],"provenance":"coast","residual_px":10.182701764219814,"leave_one_out_px":12.43319847509667},{"name":"山东成山角","source_xy":[1227,452],"lonlat":[122.7,37.397],"provenance":"coast","residual_px":8.23786739777518,"leave_one_out_px":9.724216110020858},{"name":"济州岛质心","source_xy":[1313,526],"lonlat":[126.54,33.38],"provenance":"island-centroid","residual_px":4.386230398801166,"leave_one_out_px":5.274572930694795},{"name":"九州佐多岬","source_xy":[1397,554],"lonlat":[130.67,30.99],"provenance":"coast","residual_px":20.94804704696246,"leave_one_out_px":30.31303793049807},{"name":"长安县治","source_xy":[990,547],"lonlat":[108.90698,34.24642],"provenance":"CHGIS-county","residual_px":10.996758779109017,"leave_one_out_px":14.642215991425779},{"name":"洛阳都城点","source_xy":[1054,533],"lonlat":[112.5963,34.73157],"provenance":"CHGIS-county","residual_px":6.123986746496998,"leave_one_out_px":7.376932331833326},{"name":"成都县治","source_xy":[908,629],"lonlat":[104.075401,30.666059],"provenance":"CHGIS-county","residual_px":19.02401449436395,"leave_one_out_px":28.27988277890852},{"name":"建邺县治","source_xy":[1179,582],"lonlat":[118.76899,32.052563],"provenance":"CHGIS-county","residual_px":9.395029472435233,"leave_one_out_px":10.149848212532046},{"name":"番禺县治","source_xy":[1089,785],"lonlat":[113.256066,23.134624],"provenance":"CHGIS-county","residual_px":2.3107458937536896,"leave_one_out_px":2.6207296738624763},{"name":"高句丽集安都城点","source_xy":[1264,351],"lonlat":[126.19,41.13],"provenance":"geographic-city","residual_px":21.81893157804129,"leave_one_out_px":29.91305295530596}]},{"name":"albers-105-25-47-affine","crs":"+proj=aea +lat_1=25 +lat_2=47 +lon_0=105 +lat_0=0 +datum=WGS84 +units=m +no_defs","matrix":[[0.00019886640099397518,-1.2988792915005803e-06],[2.3362619928993386e-07,-0.00020076636443904191],[920.0979298667146,1282.2536695237181]],"rmse_source_px":3.5124265295720374,"max_residual_source_px":5.651145547349341,"leave_one_out_rmse_source_px":4.408437277760347,"residuals":[{"name":"海南东北角","source_xy":[1041,862],"lonlat":[110.68,20.15],"provenance":"coast","residual_px":1.8646944638180443,"leave_one_out_px":2.2827840362815923},{"name":"海南南端","source_xy":[1017,903],"lonlat":[109.55,18.16],"provenance":"coast","residual_px":2.475138639948464,"leave_one_out_px":3.234366696210237},{"name":"海南西端","source_xy":[997,884],"lonlat":[108.64,19.31],"provenance":"coast","residual_px":3.397782298333084,"leave_one_out_px":4.350113326584062},{"name":"台湾北端","source_xy":[1251,724],"lonlat":[121.57,25.28],"provenance":"coast","residual_px":2.8085102286651584,"leave_one_out_px":3.3607302738023725},{"name":"台湾南端","source_xy":[1247,797],"lonlat":[120.84,21.9],"provenance":"coast","residual_px":1.2032699440956596,"leave_one_out_px":1.5783150911797916},{"name":"辽东半岛南端","source_xy":[1191,424],"lonlat":[121.13,38.72],"provenance":"coast","residual_px":2.917832391460967,"leave_one_out_px":3.5255958222944916},{"name":"山东成山角","source_xy":[1227,452],"lonlat":[122.7,37.397],"provenance":"coast","residual_px":3.7499845349534717,"leave_one_out_px":4.403388663513778},{"name":"济州岛质心","source_xy":[1313,526],"lonlat":[126.54,33.38],"provenance":"island-centroid","residual_px":3.8025814283957415,"leave_one_out_px":4.56280881043823},{"name":"九州佐多岬","source_xy":[1397,554],"lonlat":[130.67,30.99],"provenance":"coast","residual_px":3.674195541976031,"leave_one_out_px":5.286239137990089},{"name":"长安县治","source_xy":[990,547],"lonlat":[108.90698,34.24642],"provenance":"CHGIS-county","residual_px":1.4241950348334504,"leave_one_out_px":1.8605854183871093},{"name":"洛阳都城点","source_xy":[1054,533],"lonlat":[112.5963,34.73157],"provenance":"CHGIS-county","residual_px":2.812362598961154,"leave_one_out_px":3.3450034912029762},{"name":"成都县治","source_xy":[908,629],"lonlat":[104.075401,30.666059],"provenance":"CHGIS-county","residual_px":4.780068537592388,"leave_one_out_px":7.118586556802561},{"name":"建邺县治","source_xy":[1179,582],"lonlat":[118.76899,32.052563],"provenance":"CHGIS-county","residual_px":4.802707362976167,"leave_one_out_px":5.189862596590078},{"name":"番禺县治","source_xy":[1089,785],"lonlat":[113.256066,23.134624],"provenance":"CHGIS-county","residual_px":5.651145547349341,"leave_one_out_px":6.424730942303484},{"name":"高句丽集安都城点","source_xy":[1264,351],"lonlat":[126.19,41.13],"provenance":"geographic-city","residual_px":4.03106808999029,"leave_one_out_px":5.386402935142671}]}],"crs_author_confirmed":false,"interpretation":"基于15个手读地物及CHGIS治所点的投影候选比较；留一法为模型选择检查，非作者原始坐标系证明。","limits":["1080p手读控制点含数像素不确定性。","西北和最北方远离控制点，属于外推；全亚洲轮廓只能作为视频图数字化试验。","古海岸与概括地形可能不同，不将控制点拟合误差等同历史边界精度。"]},"source_crop_right":1520,"source_size":[1920,1080],"source_jin_mask_pixels":{"289":169942,"308":146107},"caveat":"源视频数字化试验；拟合投影未获作者确认；概括政权边界不提供可考证的县界。","source_times":{"289":{"timestamp_seconds":217.933,"frame_index":6538,"frame_sha256":"64fed4ad0a10129942af896e122f961bdcf2883bef2ee723acaf7d2de32b0288","source_sha256":"3cb314543d4b8cbc135df61cb5330dc41729f1efb55bad66a3f321b4bf66f46a","rule":"最后一个本年年号与地图尚未开始交叉淡化的完整画面；若片尾淡出，退回淡出前最后完整帧"},"308":{"timestamp_seconds":74.967,"frame_index":2249,"frame_sha256":"086b36710da7789ec1c78a52d60f7e688d678b5e9a99070fe1ed451ef21759b0","source_sha256":"706fb20d8a79e6cdf06e8e2ec157df70d3083f3d41a2b6fb8e09381888009baa","rule":"最后一个本年年号与地图尚未开始交叉淡化的完整画面；若片尾淡出，退回淡出前最后完整帧"}}},"features":[{"type":"Feature","id":"video-289-0","properties":{"year":289,"kind":"regime","regime":"坚昆","name":"坚昆","is_jin":false,"is_western_jin":false,"source":"史图馆《中国历代疆域变化第十五版》用户本机视频年末帧","source_frame":"work/jin-video/frames/289.png","source_video_url":"https://www.bilibili.com/video/BV1bc411D7WB/","coordinate_system":"WGS84 longitude / latitude","fidelity":"source-colour-vectorized","boundary_evidence":"按视频可见政治色块及外轮廓提取；文字、河流形成的小空隙闭合；不是逐县控制证据。","classification_note":"","source_timestamp_seconds":217.933,"source_frame_index":6538,"source_frame_sha256":"64fed4ad0a10129942af896e122f961bdcf2883bef2ee723acaf7d2de32b0288","source_video_sha256":"3cb314543d4b8cbc135df61cb5330dc41729f1efb55bad66a3f321b4bf66f46a","source_colour_rgb":[105,137,171],"source_hsv_ranges":[[98,111]]},"geometry":{"type":"Polygon","coordinates":[[[101.74794520328261,52.25283270929989],[101.66899968140822,52.389711728872356],[101.59728892888357,52.38843497190291],[101.5204345766607,52.479269504708384],[101.44862705360477,52.477922289358716],[101.37145554105625,52.56873856694407],[101.29955130978065,52.56732060819745],[101.22206151598355,52.65811860497982],[101.15006064176133,52.656629616005084],[101.07225144444283,52.74740930445331],[101.00015399553827,52.74584899659455],[100.9220242711174,52.83661034720627],[100.84983031881599,52.83497842997317],[100.16818489883693,53.23493900944023],[100.16459506865353,53.28125930469181],[100.09191977651214,53.27926491832219],[100.01184322646023,53.36991550899224],[99.93907192378002,53.36784773121999],[99.24599041536683,53.76532310479203],[99.16773225831203,54.604754871974094],[99.08910066143899,54.64906748942955],[99.03501809168218,55.2121906509294],[98.95553192282811,55.25667318860062],[98.91376209130944,55.68103555056279],[98.83359457234218,55.72564927523154],[98.75203562273566,56.53221963697729],[98.82369693946701,56.582570460615514],[98.80440200957831,56.773401784077244],[98.87638331523755,56.82385408975931],[98.86198841717375,56.96730717539329],[98.93424082603471,57.01783610335599],[98.54898080326353,57.00414541442142],[98.46683389257596,57.04916569114505],[98.23560587808207,57.04037779728299],[98.15318497932452,57.08525236081413],[97.61355751798116,57.063145298335066],[97.37048423746694,57.148851858764736],[96.52231154389659,57.109069833233384],[96.43857639528318,57.15307723071829],[96.05316929807829,57.133286052311135],[95.9690708180296,57.17705605214566],[94.50600243248675,57.092531389803575],[94.42088237563632,57.13545505521791],[94.27536715922416,57.077958266756966],[93.9680236585605,57.058008541422254],[93.88258148145896,57.10062638417109],[93.8144264537621,57.047811560843],[91.21159668957168,56.85193585933092],[90.92821380452864,56.73138047424111],[89.5605609798882,56.60831101850714],[89.28150094147246,56.48512660372346],[87.54644966876677,56.30813179827983],[87.4845915175811,56.2531507489948],[87.10910803003735,56.21207219814245],[87.04772894765848,56.156972556995626],[86.37378853128921,56.08060283139962],[86.31318546093122,56.02528962622096],[86.08913061772873,55.999133382202274],[86.02885740912465,55.94375467036498],[85.73070819871825,55.90829902103677],[85.4624248884948,55.77934236621549],[85.23961064648884,55.75204079225695],[85.19524311090174,55.65008781426399],[84.97300432628887,55.62244146913443],[84.85525036313818,55.511242015685944],[84.63365327082157,55.483151199920854],[84.51675902785071,55.37184178207108],[84.36943425263428,55.35285427676781],[84.2532481968633,55.24148136781016],[84.03287190223602,55.21261245682486],[83.84427205077101,55.09139768231041],[83.69780762262641,55.07182817882462],[83.58332264348334,54.9602421804391],[83.43724394200416,54.940451484993325],[83.32345682528486,54.82880460125822],[83.1777639112598,54.80879417114594],[83.06467139945721,54.697086949324415],[82.91936430719856,54.676858226672856],[82.80696313708212,54.565091197838285],[82.6620418748591,54.544645609721364],[82.55032877800188,54.432819289031194],[82.40579332847072,54.41215824758296],[82.18412782039152,54.18841282671483],[82.11218632313626,54.17794992831017],[82.12895531218687,54.132491773770006],[82.00208321573658,54.06607234943658],[81.96401950493095,53.964764063684775],[81.82073875121148,53.943640669253824],[81.71155214691039,53.831768870802804],[81.51434927807695,53.7544669791281],[81.24424696497856,53.474709848525045],[81.17326430479781,53.463873826486505],[81.1905102388613,53.418774546579336],[81.06602743719381,53.35196839090552],[81.08331879099192,53.30691945630246],[80.95916560361468,53.240083597996644],[80.92323340446556,53.13917447502376],[80.78214495673959,53.11723179752485],[80.72911087537541,53.06128700030403],[80.79957228706198,53.07229379638833],[80.90474640305612,52.9934087882077],[81.06281887369397,52.970285403626065],[81.08000969687778,52.92536431169383],[81.29119610144849,52.95777622141964],[81.3955769452386,52.87862283629292],[81.55318735653779,52.85501538419408],[81.57000414097313,52.81007761035855],[81.6403311658339,52.82067973199185],[81.81433896309709,52.75188586787754],[81.95496859111833,52.772826170874716],[82.0582298365785,52.69333037776199],[82.21513852159585,52.66907653858692],[82.23144413200454,52.62412707017666],[82.37192838912553,52.64466655746284],[82.54467285834733,52.57513369078036],[82.61489991418446,52.58527216650855],[82.71704364847918,52.50544065567729],[82.92764327667722,52.53551010771305],[83.0293197247876,52.4554986119525],[83.09949160579548,52.46540669296123],[83.20084385818213,52.38532041253687],[83.35656211137932,52.35995523790351],[83.37199413155894,52.31498445676195],[83.51215739617732,52.33443618524878],[83.68283189411986,52.26377735857461],[83.75289382905312,52.27337316159238],[83.85313224034165,52.192962524258405],[83.92314244579248,52.20247571415331],[84.02305866492566,52.121992307279044],[84.1778136830235,52.09583885003863],[84.20738853764391,52.00590785849219],[84.54510665981624,51.86320601827835],[84.55959634729896,51.818268324118236],[84.62930332436399,51.82743483120573],[84.72776385131183,51.746692800148196],[84.79741744571142,51.755778114615104],[84.8955596379559,51.67496508142562],[85.0488911215805,51.648008310103826],[85.07705733364419,51.558174775044826],[85.2439793796486,51.486149552443436],[85.25790231583056,51.441255072007685],[85.32730148419067,51.45008052149203],[85.42432348556267,51.36908457224397],[85.57671256843157,51.341648628674484],[85.61764342426405,51.20702937945303],[85.68684114291733,51.21567777734563],[86.42810059159221,50.8880907595824],[86.44108427988544,50.84325455343044],[86.64789299236871,50.867923039912775],[86.74241238713935,50.786379109741304],[86.81130892741497,50.79449269232125],[86.90551835943637,50.71288174431294],[86.97435755953208,50.720917395921525],[87.06825767547856,50.63923974817647],[87.13703924911603,50.6471976998527],[87.23063069863205,50.56545366729783],[87.29935436282445,50.57333414950638],[87.39263779846732,50.49152404391329],[87.54214052089465,50.462270281069976],[87.554279350686,50.41745141654093],[87.62288636011274,50.42517764888004],[87.78410400765611,50.350885770749784],[88.05845603197123,50.381173846025504],[88.15051876810968,50.29898520198811],[88.56206237985822,50.343214426922884],[88.72200857171511,50.26795376671891],[89.75230123083955,50.37248909314686],[89.79992972124913,50.46918044435318],[90.14460927367709,50.502374132534264],[90.19291208733577,50.5990114566781],[90.40020614439707,50.6184953916748],[90.58745097240761,50.727908929508345],[91.07254611172262,50.771693465016746],[91.1224223052099,50.868178882361086],[91.74801630924524,50.92201533960909],[91.80830500190945,50.97309363105122],[92.1565948795197,51.00175856340126],[92.23528901095102,50.962105766164115],[92.58370203816608,50.98978449535031],[92.6708106253623,50.90461262452423],[92.8797473184469,50.920707711927065],[92.96637748164729,50.835400677864385],[93.17516398129233,50.85108050471319],[93.22820131834655,50.946893532852734],[94.13545068695241,51.01122802071278],[94.22055149068582,50.92516175275006],[94.4299074661278,50.939112528137116],[94.51452600055659,50.852917948618675],[94.58424487181104,50.857462575141206],[94.66855416156629,50.77122325050917],[94.73819647063614,50.77569460737396],[94.8221973916641,50.68941072556354],[94.96840202912463,50.65282233794872],[94.97545639883435,50.60748081030027],[95.46206705007157,50.63708839121551],[95.54493502858233,50.55047333645734],[95.89234279291276,50.570460741139826],[95.97455722478693,50.48364301330031],[96.32173577394667,50.50263174922422],[96.40329609646473,50.41561397630326],[97.3057152005356,50.46073161910115],[97.36442048523222,50.55479664897952],[97.57315039953757,50.564363939401574],[97.6323334018306,50.65837983862588],[97.77172583473009,50.66454601602449],[97.90109442460043,50.76154687464064],[98.11055960318436,50.77037991232442],[98.10566944461925,50.81588871897655],[98.24064094021357,50.86714887829615],[98.30106164262102,50.96106599977979],[98.37110835832166,50.96386068897991],[98.3187944121756,51.465810018068375],[98.45528933042067,51.51708142935585],[98.44115867254253,51.65430282534459],[98.50728851533142,51.7028140243977],[98.7198841519681,51.71084916380068],[98.78628037354648,51.75925654853102],[98.9990945337455,51.76690445080156],[99.07432430685256,51.72358161482557],[101.13245289434892,51.78114371602905],[101.12396258960715,51.918798639356446],[101.68129111199568,52.159587715827065],[101.74794520328261,52.25283270929989]]]}},{"type":"Feature","id":"video-289-1","properties":{"year":289,"kind":"regime","regime":"丁零","name":"丁零","is_jin":false,"is_western_jin":false,"source":"史图馆《中国历代疆域变化第十五版》用户本机视频年末帧","source_frame":"work/jin-video/frames/289.png","source_video_url":"https://www.bilibili.com/video/BV1bc411D7WB/","coordinate_system":"WGS84 longitude / latitude","fidelity":"source-colour-vectorized","boundary_evidence":"按视频可见政治色块及外轮廓提取；文字、河流形成的小空隙闭合；不是逐县控制证据。","classification_note":"","source_timestamp_seconds":217.933,"source_frame_index":6538,"source_frame_sha256":"64fed4ad0a10129942af896e122f961bdcf2883bef2ee723acaf7d2de32b0288","source_video_sha256":"3cb314543d4b8cbc135df61cb5330dc41729f1efb55bad66a3f321b4bf66f46a","source_colour_rgb":[144,200,209],"source_hsv_ranges":[[86,100]]},"geometry":{"type":"Polygon","coordinates":[[[98.857175367863,57.01517286797856],[98.88116692102125,56.776083972139155],[98.7325370450175,56.722943212653625],[98.83359457234218,55.72564927523154],[98.98920327673439,55.68363662282549],[99.08910066143899,54.64906748942955],[99.24625375520505,54.56041939332411],[99.31919256359414,53.7677249288221],[99.39240019529416,53.77009218229482],[99.47386253408871,53.67948547416583],[99.54697441848901,53.68177801820542],[99.6281044423355,53.59115278436722],[99.70112047595062,53.59337092937398],[99.78191932143775,53.50272721951848],[99.85483940412212,53.504871273947366],[99.93530820698624,53.414209135548866],[100.00813224190252,53.416279405919475],[100.08827213697845,53.32559888426105],[100.16100003056597,53.32759567516796],[100.24081215173855,53.23689681336773],[100.31344381368206,53.23882042749069],[100.3929292938385,53.14810326652738],[100.46546463703682,53.14995400464142],[100.54462460801973,53.05921858337998],[100.61706354855475,53.06099674436559],[100.69589914111602,52.97024309958212],[100.76824159822179,52.97194898043548],[100.84675394197698,52.881177146842006],[100.91899983800901,52.88281104268504],[100.99719006139277,52.792021052953935],[101.06933932179737,52.79358325704441],[101.14720855201928,52.70277514183239],[101.2192611053032,52.70426594557423],[101.29681046830453,52.61343973354601],[101.36876624600472,52.614859426499116],[101.44599686641574,52.52401514435094],[101.51785580306921,52.525364014241475],[101.59476880416736,52.434501686724055],[101.74071324023758,52.390954899668785],[101.75274932927066,52.16082324694371],[101.68373889272172,52.1136058739356],[101.46953369007213,52.109703553451205],[101.47213028191106,52.063740592894966],[101.33213737829753,52.01502992300937],[101.26632726011775,51.921753177830645],[101.19514329856362,51.92029252085677],[101.22005503789933,51.507677330652164],[101.36417205070035,51.46475233007362],[101.39827012116069,50.87074711624078],[101.545856316319,50.73664071897017],[101.56813434663246,50.32692020071266],[101.43175436561972,50.278811606836356],[101.46464120374483,49.688805696225614],[101.32965117384092,49.640768646801185],[101.2661905203324,49.548779814889876],[101.19754408090286,49.54733975084989],[101.20558171046815,49.41155662895364],[101.07134430527954,49.36335401530024],[101.07961763470945,49.22770321885444],[100.94584341021448,49.179431385296986],[100.94868269362726,49.13424781035452],[100.818115923441,49.040719896108655],[100.82395212242895,48.95042827220962],[100.69092046504497,48.90199178505056],[100.69990880102175,48.76666574833355],[100.56733369457532,48.718160151741216],[100.50579540183924,48.62626488834982],[100.43811404158735,48.62448289848638],[100.44757604916322,48.48934668366377],[100.31573358829098,48.44067729367373],[100.31896549918473,48.395662903785144],[100.18740112782568,48.34689917687166],[100.19071471669974,48.301906476996365],[100.05942783397893,48.25304868967459],[100.06282262047306,48.2080775398203],[99.93181262453055,48.159125966056095],[99.93528813054715,48.114176226470725],[99.80455441857505,48.065131137698415],[99.8081101682747,48.0202026688703],[99.67765213655363,47.97106433401031],[99.61800935798534,47.87910715748998],[99.55110470028552,47.87692568214452],[99.56223431413378,47.74229157930745],[99.43249328124925,47.692992541850835],[99.43627684314092,47.64814343591323],[99.30680893653008,47.598751887120564],[99.31067066800055,47.55392327816907],[99.1814752832723,47.504439476311205],[99.18541472153252,47.45963122727064],[99.05649125356251,47.41005542820012],[99.06050793803979,47.36526740222599],[98.93185578100416,47.31559985939352],[98.87380011589433,47.22358734312585],[98.80756780074579,47.22107288434275],[98.82006072131573,47.08685161691015],[98.69211202041757,47.03702574145328],[98.70479884205382,46.90290804417733],[98.57728043970266,46.85301522141937],[98.5901588546433,46.71899888551016],[98.46306831501074,46.66903900772581],[98.46742992659472,46.62439297566469],[98.34060552629002,46.574342402042994],[98.28397396280052,46.482349320259665],[98.21848227141157,46.47957412769641],[98.2319921285128,46.34576870878241],[98.10585610339142,46.295560864343656],[98.11042646004299,46.250984146874806],[97.9845540705242,46.20068624993924],[97.98919693812637,46.15612772780379],[97.86358758390894,46.105740008237305],[97.8079806723606,46.01370858449353],[97.74295561086402,46.0107222366972],[97.7763320210978,45.69919557169325],[97.65171003524398,45.648697046875334],[97.65653034212538,45.60422896258678],[97.7211687602197,45.607250629183675],[97.79526919092044,45.521314470465214],[98.31195463219413,45.5441623758113],[98.38525153824068,45.457938096958],[98.837075586605,45.47616027909158],[98.9096448160687,45.3896855455365],[99.42566732409541,45.40849227071549],[99.49742906977401,45.321737374577005],[101.49681672941824,45.37595116932172],[101.55677484382271,45.4663076684052],[103.43176550328322,45.49080157047553],[103.4985279858097,45.402079607382426],[104.98421062338623,45.40329214371305],[105.048891282414,45.31387837577291],[105.88745089851831,45.307338366467235],[105.9508742155522,45.21754409964594],[106.91689553650764,45.20344029693443],[106.97888855850985,45.11321980441666],[109.35612321769173,45.049412161388226],[109.41479567707258,44.95819618399314],[109.478891826263,44.95589397222584],[109.5486573938763,45.04249626558882],[111.53562862094742,44.95577104792959],[111.60794384784629,45.04134268926318],[112.05640228029883,45.017680824146545],[112.12942333761248,45.10300062831159],[112.5780908441308,45.07768665457916],[112.65181605989152,45.162751382846054],[112.97246022786315,45.14363244420313],[113.04673926365562,45.22850788259382],[113.36757410992999,45.208494160169884],[113.44240656838389,45.29317839505768],[113.76342204936921,45.27226822699651],[113.83880747515865,45.35675933737761],[114.03154339504438,45.34376112871215],[114.10733427305402,45.42812784089974],[114.30021745042589,45.414763425978066],[114.37641418062724,45.499004840337925],[114.56944197888647,45.4852734039289],[114.64604494323387,45.56938861466817],[114.83921470224152,45.555289347172],[114.9162242644853,45.63927744239121],[115.23836062869776,45.61501941417984],[115.31592280779589,45.69880703747073],[115.50931256761763,45.683795785243575],[115.58728166116151,45.76745400306608],[115.78080379131528,45.75207245055786],[115.85918009780397,45.83560033231331],[116.05283183894954,45.819847698939896],[116.13161563790493,45.903244308196086],[116.32539420769673,45.88711981984649],[116.40458575948458,45.97038421439921],[116.72770471539401,45.94274396307959],[116.80744769368849,46.02580037044307],[117.00140760306576,46.008755734870824],[117.0091209799501,46.05308772232678],[117.14626158108325,46.085900326511194],[117.24866027262347,46.66275267315506],[117.18341770773635,46.668587545155106],[117.1339042273107,46.76325508153535],[117.01099735577344,46.81924610631176],[117.03446311815209,46.952637519898474],[116.91113141702267,47.008583141367374],[117.01291651860265,47.58756618933465],[116.888404213541,47.64363196872814],[116.92763944872043,47.86674093856565],[116.80253874178169,47.92279853159783],[116.87312976344403,48.32505735186271],[116.74712555026056,48.381179369783496],[116.86550748055507,49.053429494680195],[116.73811230438739,49.10973487987693],[116.79362406989337,49.42429365765654],[116.66545285048016,49.48064045148761],[116.75287028456445,49.976143740399515],[116.89813024596131,50.00975992817276],[116.9225119983541,50.14511528026906],[116.99945297249309,50.18444182723183],[117.02410894075355,50.31991017666909],[116.96337221692396,50.370922129504024],[117.03763437255776,50.77807183517627],[116.90700754854892,50.835046984522634],[116.9317173102728,50.97103635132415],[116.80061092864464,51.02798465285194],[116.8416022609663,51.254985062318575],[116.70984364355454,51.31195311118489],[116.73432097373768,51.44836943233833],[116.60207525460984,51.50531251660631],[116.62639852169158,51.64191229954835],[116.77534596455328,51.675981667443054],[116.91701418097189,52.452323730445244],[117.06799706435142,52.48629068054318],[117.093690256652,52.6237121889166],[117.24516933650085,52.65754531501208],[117.33411021745553,52.743173308779426],[117.40562208797259,52.737077344469206],[117.43214092272974,52.87468630541106],[117.58439134101927,52.90824485445537],[117.62038329846779,53.091939707309045],[117.77324949680188,53.1253645906905],[117.80990809627174,53.30931049029521],[117.96339382794005,53.34260095750865],[117.99137354633403,53.48072952983604],[118.14536642645567,53.51388242916473],[118.23671973298227,53.599526961706616],[118.30910512272291,53.592968935055275],[118.33794654976192,53.731301032203014],[118.4927256950099,53.76417184674124],[118.58490687870527,53.84977776280409],[118.6575407229218,53.84304348147947],[118.68725589672847,53.98158332913713],[118.84282510556629,54.014169141282736],[118.93584211501712,54.09973709952467],[119.00872427264277,54.09282437790138],[119.03932537113491,54.23157625995387],[119.1956883990305,54.26387408252066],[119.22678244435747,54.402784927210405],[119.3836637168023,54.434939555138214],[119.41525538166482,54.57401203549324],[118.75413549015572,54.63696859091989],[118.7006786715026,54.736748203209125],[117.44635540970899,54.84773495743303],[117.38153778084451,54.90058638747173],[117.08550320671284,54.92513624047547],[117.02030398307302,54.97787321685427],[116.13003954906122,55.04783891554664],[116.0720816927906,55.14703954162098],[115.10389639172851,55.21684411791091],[115.0441657801335,55.31580909265004],[113.92265664296076,55.38857241584894],[113.86090422018447,55.48723393105248],[112.58484062693236,55.55957671385743],[112.52081995600527,55.65785747464222],[111.69231538212301,55.69884490181731],[111.47576139862173,55.8038127327267],[110.7958924345238,55.83319271086274],[110.57738119139741,55.93705119607582],[109.89569329795778,55.96257023363455],[109.67524626544275,56.06529922233552],[108.68796322213005,56.09558992154606],[108.61729184618346,56.19270125226779],[107.62759335566048,56.2163736512226],[107.40257753097423,56.31614104092864],[106.48692180079986,56.331176534919386],[106.33613070448766,56.428477601996335],[105.49513397837966,56.43678716935412],[105.26596568276435,56.533695556195106],[104.57667703049088,56.53615779687966],[104.34572802979451,56.631822501294835],[103.50196528187408,56.629503681018335],[103.26903687019188,56.723678236079834],[102.5777570111165,56.71740053165783],[102.49694285357683,56.81217670585995],[101.88169309429834,56.80373330272738],[101.72270061719715,56.89697079932863],[101.02977545306248,56.88389981587358],[100.79222596534878,56.97463424275749],[100.02164990628943,56.955376294410044],[99.85951029946322,57.046870304248046],[98.857175367863,57.01517286797856]]]}},{"type":"Feature","id":"video-289-2","properties":{"year":289,"kind":"regime","regime":"匈奴余部","name":"匈奴余部","is_jin":false,"is_western_jin":false,"source":"史图馆《中国历代疆域变化第十五版》用户本机视频年末帧","source_frame":"work/jin-video/frames/289.png","source_video_url":"https://www.bilibili.com/video/BV1bc411D7WB/","coordinate_system":"WGS84 longitude / latitude","fidelity":"source-colour-vectorized","boundary_evidence":"按视频可见政治色块及外轮廓提取；文字、河流形成的小空隙闭合；不是逐县控制证据。","classification_note":"","source_timestamp_seconds":217.933,"source_frame_index":6538,"source_frame_sha256":"64fed4ad0a10129942af896e122f961bdcf2883bef2ee723acaf7d2de32b0288","source_video_sha256":"3cb314543d4b8cbc135df61cb5330dc41729f1efb55bad66a3f321b4bf66f46a","source_colour_rgb":[218,209,160],"source_hsv_ranges":[[18,39]]},"geometry":{"type":"Polygon","coordinates":[[[79.10616776952808,46.97781194036558],[79.17014812958053,46.98917839150353],[79.26786849457005,46.91394593820581],[79.459773624618,46.94774003807643],[79.55711366510299,46.87232456890057],[79.87710158153641,46.92786217462902],[79.97394961044188,46.8521729529324],[80.29417817784788,46.906785495633315],[80.39053135926191,46.83082438758527],[80.71098893303055,46.88451139418189],[80.80684448891785,46.80828027784583],[80.99918979605309,46.84002088189158],[81.09465969113145,46.76361203861908],[81.41534439448205,46.81572711242868],[81.51031251636076,46.739051578526905],[81.7027839703311,46.76984925295422],[81.79736436557971,46.69299845638095],[82.11824246006137,46.74354244414257],[82.21231711368642,46.666428293904325],[82.4048945155912,46.696283638788316],[82.49857950846861,46.618996693218556],[82.819617407935,46.667970747516264],[82.91279287094527,46.590423801858705],[83.23398874766998,46.63847231275988],[83.32665227180631,46.560667296496554],[83.51940440879979,46.58902590232843],[83.61167527151275,46.51105199730221],[83.80440437271467,46.53902521003319],[83.89628210164793,46.4608834460973],[84.34616277012348,46.524859480164594],[84.43740050632465,46.44637813622956],[84.63027697789711,46.47324174266051],[84.72111938167215,46.394595419497314],[84.86281717116516,46.36849839821817],[84.8759543752635,46.32472548486258],[85.0686573438037,46.35099146622406],[85.15883332808986,46.27210333636849],[85.35149537234483,46.29798615592659],[85.4412755658057,46.21893569541315],[85.63389346310814,46.24443585432034],[85.72327753776672,46.16522407837886],[85.91584808277875,46.190342087982266],[86.0048357328057,46.11097000880346],[86.14544732756337,46.08364003231418],[86.15771198980399,46.0397960344558],[86.35008692435032,46.0643218829404],[86.4384089101786,45.98471531317065],[86.57858808869337,45.956973029768186],[86.59055394495775,45.913110690352525],[86.65459645002446,45.92111774114667],[86.80637534217414,45.849298985955116],[86.93440608207442,45.865088605349754],[87.02179577964654,45.78517589947198],[87.16133115492713,45.756882593797144],[87.17289138281244,45.71300053119444],[87.49264914875447,45.75142599412227],[87.70711887425908,45.68629321990915],[87.89903202709512,45.708715137848536],[88.04903554734483,45.635634638172846],[88.17694301002085,45.65030276878503],[88.52900036199468,45.554561794390324],[90.64512004760985,45.77482234394329],[90.76452489541091,45.831322120546204],[90.75524440745278,45.875482314059106],[90.87491458841104,45.931908343294786],[90.92103642941849,46.02637431210843],[91.11484454515684,46.044491067051524],[91.16137268066228,46.138914589291],[91.7442380955671,46.19152615187709],[91.79173384837631,46.285790261001246],[92.50633469105342,46.34667340734517],[92.58769041852733,46.26335813694061],[92.78258042657308,46.279234408770826],[93.05828042776254,46.21128200982412],[93.13880408511655,46.12769486021579],[93.46323143987391,46.152754044096426],[93.54319259544124,46.068957401483836],[93.73774070499995,46.08353001531954],[93.80995197065293,46.043961675586395],[98.04055041318836,46.29270671859781],[98.031307035712,46.38187509238589],[98.15754764345056,46.43216314709192],[98.21396721449766,46.52418954881612],[98.2795015222893,46.526967216957],[98.26604905731973,46.66086241147929],[98.39297978816894,46.71099392400629],[98.44994913177236,46.80301952661359],[98.51576143563689,46.805692674799126],[98.50271980712066,46.93974506678488],[98.63034631690164,46.98971956568637],[98.61749595245027,47.123874570948345],[98.74555378789229,47.173782654656556],[98.73289699846347,47.30804250040492],[98.86138862381877,47.35788428173124],[98.85724050017006,47.40266542059746],[98.98600361645158,47.45241592489653],[98.98193233287164,47.497217403368566],[99.11096755083136,47.54687637966632],[99.10697356728326,47.59169833606002],[99.23628149702114,47.64126553099019],[99.23236527569487,47.68610810386719],[99.36194652662547,47.735583261654824],[99.35810853194333,47.78044658982269],[99.48796371276194,47.829829452267695],[99.4842044113836,47.87471367477997],[99.61433413003203,47.924003981240226],[99.67401175502484,48.01598015930297],[99.74105885449154,48.018106724770945],[99.73024286235744,48.15291184662043],[99.8610934441725,48.20204174811426],[99.85756359295615,48.24700695497992],[99.98869128296619,48.29604355942115],[100.04921607857882,48.388015293897965],[100.25152239454178,48.39379729003543],[100.2482451787683,48.43880981251844],[100.3800348445509,48.48753917067894],[100.37043632619894,48.62266990228767],[100.50267851150097,48.6713305791283],[100.49330252350494,48.80658385552753],[100.62599981749547,48.85517592559937],[100.61684900069847,48.99055422847921],[100.75000401057231,49.03907776593551],[100.7470337299835,49.08423652192697],[100.88047162650983,49.13266491101615],[100.94300025810334,49.22462492589615],[101.01130736164484,49.22617976959487],[100.99726644148967,49.452307205489085],[101.13163044541065,49.5005982678305],[101.1948575284205,49.59262159155626],[101.26355094389552,49.594063216845285],[101.23963097357705,50.002093418403675],[101.37529734931091,50.05030362900366],[101.34141938986065,50.64146077174603],[101.47849008463858,50.68975027125749],[101.47595229346088,50.73532062713667],[101.40605112862225,50.73396814042835],[101.33087168485818,50.82375392423724],[101.18814551949686,50.866480769686255],[101.13527498173538,51.735286034981215],[101.0642988825711,51.73376608087486],[100.99915877302732,51.64054534489731],[100.50315096427259,51.628775102340065],[100.42567419864032,51.718598095318065],[98.65358709981814,51.66242795161313],[98.65815465172913,51.61666545192847],[98.52128985186138,51.56554407660309],[98.54449424340493,51.33702265747356],[98.40830665014224,51.285889071601524],[98.44116104189443,50.96662295241334],[98.30582630988641,50.915511932180316],[98.31058433041873,50.869970025821864],[98.17555209077614,50.818771535619454],[98.11544295602202,50.72488304759642],[97.90612284608305,50.7160592317535],[97.91114427625648,50.67058344101913],[97.77683666593407,50.619088278955076],[97.7174818629734,50.52515037429972],[97.50885570940206,50.51578537986601],[97.44997824553687,50.421797544854414],[96.27070845703905,50.362858140075716],[96.18903790683301,50.44977802248197],[95.8421787293467,50.43048922679049],[95.75985570868946,50.51720832485133],[95.41277177150538,50.49692173733578],[95.32979686613488,50.5834374307328],[94.9825010019709,50.562150758227645],[94.89887487871734,50.64846041459162],[94.69034952115659,50.63518286173221],[94.60624441884734,50.72136603274583],[94.53666908622475,50.71683521096355],[94.45225603940452,50.80297328869119],[94.30542808577412,50.839091672877316],[94.29788272027103,50.88446199473604],[94.088730639288,50.870332994952236],[94.00352760095367,50.956296850673944],[93.37586089345365,50.91180247165331],[93.32263557437736,50.81606122019666],[92.83580087099894,50.779511893025116],[92.74907441330551,50.864715813862816],[92.54034950222649,50.84844552461089],[92.45314576236511,50.933513683802964],[91.27100394691684,50.8351685863763],[91.22093374424398,50.73875099972527],[90.8744741811875,50.70798138293641],[90.82508525068984,50.611504470288416],[90.34134589297872,50.56696763531635],[90.2928479316087,50.47039564021481],[90.08605424951422,50.4507808660052],[90.03801773436315,50.354190467854664],[89.69417068998649,50.32078139957863],[89.64680523919029,50.2241367668917],[89.16675769920161,50.17592930070205],[89.07614322451393,50.2586805181269],[88.45930724477455,50.194062062162715],[88.36777838165492,50.27639178841216],[88.02524613758844,50.239182412167345],[87.93311057498792,50.321266855933494],[87.72755423547076,50.29843343385441],[87.63496316550449,50.3803616436323],[87.4293270223544,50.35711253682869],[87.3362806298175,50.43888324095641],[87.2676934112946,50.4310256485855],[87.17434025715508,50.51273011991645],[87.1056952725167,50.50479533929846],[87.01203470706515,50.58643326796676],[86.94333223702802,50.578421070569],[86.84936361343404,50.65999214358146],[86.78060394197922,50.651902300304585],[86.686326616348,50.733406201523344],[86.61751003073677,50.725238482707965],[86.52292336216641,50.806674892832994],[86.45405015295623,50.79842906826612],[86.35915350359517,50.87979766481786],[86.29022396465548,50.871473503739686],[86.19501669976049,50.952773961041586],[86.1260311282885,50.94437123215235],[86.03051261628306,51.02560322131345],[85.96147131281931,51.01712169278043],[85.86564092535238,51.09828488167795],[85.79654419379644,51.089724321142675],[85.70040130580158,51.1708183744045],[85.63124945342734,51.16217854899008],[85.53479344318238,51.24320312797738],[85.4655867806536,51.23448380429593],[85.36881702984046,51.315438567085785],[85.21640223456939,51.34266110310804],[85.1745530246339,51.47728399682075],[85.10514566300809,51.4683872005972],[85.00757684709961,51.54922882959842],[84.85446175137358,51.576127096669374],[84.81170819224616,51.71084792764308],[84.74210088785085,51.701771795993245],[84.64372658092108,51.7824996240261],[84.57406592927572,51.77334240445756],[84.47537311712973,51.853998825022074],[84.40565945314775,51.84476027852338],[84.30664753619821,51.92534492643321],[84.23688119832615,51.91602481353044],[84.13754958087942,51.99653732014935],[84.06773091111134,51.98713540091518],[83.96807900143155,52.06757539413899],[83.89820834532365,52.05809142820184],[83.79823555569695,52.138458532440964],[83.72831326238173,52.12889227899442],[83.62801900918106,52.20918611515629],[83.55804543138171,52.19953733296839],[83.45742913513187,52.279757518439695],[83.30194429627824,52.30521142824586],[83.28646571461935,52.3501721144923],[83.07630470003186,52.32063417634839],[82.97489957128755,52.400602200131715],[82.90481753692771,52.39064153771064],[82.80308896837298,52.470534277120365],[82.64688762874694,52.49535462651824],[82.63090495253118,52.54030715378895],[82.42042992773355,52.509829131879044],[82.3179113642087,52.58946488650144],[82.16123574063751,52.61381021675346],[82.14488362918821,52.658748927846226],[81.93425489584268,52.62757776424185],[81.83094612253022,52.70695291743669],[81.67380132567015,52.73081999946518],[81.65707796084067,52.77574354353202],[81.44630597520211,52.74387643355957],[81.34220690538106,52.822987328281506],[81.27192700336765,52.81224861440897],[81.16750178486456,52.89127993560723],[81.00966179151575,52.91449763320811],[80.99242457358363,52.95940729067621],[80.78138548019027,52.92658499887414],[80.6761693836701,53.005347028109995],[80.46514281384592,52.972079818003195],[80.48275259177512,52.92722572551209],[80.37761217697084,52.815291069456315],[80.4128433605072,52.72571696481997],[80.29050811474508,52.658629420281045],[80.30815369153996,52.613896151156496],[80.1861402347938,52.54677840267865],[80.15180046895092,52.44619657224685],[80.08213475506089,52.43494421680072],[80.13524757764063,52.30106118287381],[80.01400502762573,52.23395172966597],[79.98009908897781,52.13354731459656],[79.91080046340426,52.12224110754338],[79.96401078457338,51.98870088972098],[79.84353069738413,51.921596849217195],[79.86128312160169,51.877139322829784],[79.74111708133995,51.81000349385737],[79.75890917923152,51.765590291409175],[79.63905599414761,51.698422547230294],[79.65688735024636,51.65405326580773],[79.53734583332422,51.58685348048055],[79.55521603549212,51.54252772083846],[79.4359850044413,51.4752957691968],[79.45389364384332,51.43101313570589],[79.334971921091,51.363748893339604],[79.35291859216942,51.319508993934654],[79.23430500485196,51.25221233717006],[79.25228930530109,51.20801478329905],[79.13398268525548,51.14068558917992],[79.15200421599623,51.09652999575403],[79.03400339975131,51.029168142023],[79.05206176490616,50.98505412736754],[78.93436559367365,50.917659492447676],[78.90278714318185,50.81785595579995],[78.83506772020685,50.8061591412306],[78.88938710477396,50.674090548118535],[78.7724168765729,50.60669250051309],[78.8266972100355,50.474798175417924],[78.71014656768395,50.40742824095094],[78.78241920082807,50.23181371946049],[78.68441117106835,50.120648589455165],[78.73846737040724,49.989141593585465],[78.62286450507032,49.92188343646588],[78.8553910498439,49.353228706416516],[78.74077657239093,49.28628162486341],[78.8999514632404,48.893590908741885],[78.78608200756702,48.82682765347017],[78.97872175695302,48.34792713702668],[78.86570004493586,48.281391320754594],[79.02178110598007,47.89037178702592],[78.90948413503457,47.824000415915776],[79.09841144274034,47.34700811138948],[78.98693942214538,47.28084171508941],[79.10616776952808,46.97781194036558]]]}},{"type":"Feature","id":"video-289-3","properties":{"year":289,"kind":"regime","regime":"悦般","name":"悦般","is_jin":false,"is_western_jin":false,"source":"史图馆《中国历代疆域变化第十五版》用户本机视频年末帧","source_frame":"work/jin-video/frames/289.png","source_video_url":"https://www.bilibili.com/video/BV1bc411D7WB/","coordinate_system":"WGS84 longitude / latitude","fidelity":"source-colour-vectorized","boundary_evidence":"按视频可见政治色块及外轮廓提取；文字、河流形成的小空隙闭合；不是逐县控制证据。","classification_note":"","source_timestamp_seconds":217.933,"source_frame_index":6538,"source_frame_sha256":"64fed4ad0a10129942af896e122f961bdcf2883bef2ee723acaf7d2de32b0288","source_video_sha256":"3cb314543d4b8cbc135df61cb5330dc41729f1efb55bad66a3f321b4bf66f46a","source_colour_rgb":[235,152,208],"source_hsv_ranges":[[147,175]]},"geometry":{"type":"MultiPolygon","coordinates":[[[[81.58976844336841,46.705837760434385],[81.68438739575676,46.62907861496551],[82.00488117801818,46.679861896426324],[82.09899613465736,46.60283915491261],[82.29134445883378,46.632838704879106],[82.38507092071862,46.55564288562805],[82.7057295625923,46.60485831615164],[82.79894822396227,46.5274022375741],[82.99138545198711,46.55646147348582],[83.08421380091977,46.47883477519985],[83.40500396967643,46.526483754176084],[83.49732089334043,46.448600147596906],[83.81825229663015,46.495325303557664],[83.83208251284353,46.45163077921364],[83.71762637768398,46.38936662751362],[83.73149941316521,46.34569786287065],[83.61731186405822,46.28337681250139],[83.63122735959153,46.23973358028754],[83.51730751631638,46.17735566456521],[83.53126511514118,46.13373773878637],[83.33978621846252,46.10544020205373],[83.30416582275637,46.00879139922094],[83.1909260148123,45.94620314710535],[83.20504351922119,45.90265034475901],[83.09206857786114,45.84000557365017],[83.10622682268799,45.79647740560533],[82.78904113280082,45.74828638388554],[82.75437660590497,45.65161391174263],[82.56456040264517,45.6223287889126],[82.53027327886525,45.52564010227648],[82.34089900737618,45.49606921404865],[82.3069871137085,45.399364416111226],[81.48946874079165,45.26820491855071],[81.39649208027318,45.34449606839226],[80.83186072380266,45.25059109764534],[80.80017521361222,45.1536096621112],[79.86395784661025,44.992040964649206],[79.83373994112777,44.894920424178046],[79.72548820688118,44.82985284094876],[79.74153079782096,44.786811420708354],[79.55542232940454,44.75362546148501],[79.52573709285438,44.656503318516016],[79.34007950455907,44.623045682300834],[79.29450117954784,44.56887452042139],[79.34318497181468,44.43999707692546],[79.28150008392208,44.428797767801264],[79.25233221002833,44.3317013440696],[79.14549108471489,44.26628851331809],[79.16176010739717,44.22337688281665],[79.0551684111568,44.157913121388574],[79.10400604315384,44.029251892062504],[79.04271980905453,44.01795958620218],[79.01405140041919,43.92091245669231],[78.90805479045406,43.85538475342181],[78.95695118670157,43.72686695216704],[78.89595124472174,43.71551850348087],[78.8676071642911,43.618509502107734],[78.76219983961006,43.55291656689912],[78.77853698141229,43.5101212886518],[77.74790195461244,43.312414060997035],[77.72128888885915,43.21526385140688],[75.97923643778648,42.860459157550714],[75.95520220966509,42.7630740322406],[74.5881431029102,42.46622529832602],[74.49171046251978,42.53735569921805],[74.07763828744693,42.444060435427645],[73.98072954503606,42.51482947615667],[73.80348122842004,42.4743400227215],[73.70626067546235,42.54491953160647],[73.52909424267781,42.50407484580107],[73.43156287826227,42.57446405681962],[73.2544812377722,42.53326414678257],[73.1566400780728,42.603462295681524],[72.9796461415289,42.56190717956934],[72.8814962197653,42.63191350395846],[72.70459290174459,42.59000320998246],[72.6848671836196,42.63192928950599],[72.54717543522216,42.64575328670937],[72.44848709987949,42.715461660650675],[72.38951247139178,42.70132919033385],[72.29059333293722,42.770931887009944],[72.11369655959646,42.728253395809176],[72.09358555959197,42.770104929284656],[72.1914810482914,42.84047279377751],[72.17138407627168,42.88234459653844],[72.26951085060277,42.952672482085596],[72.2494281200661,42.99456477830735],[72.34778703199518,43.06485279560539],[72.32771875820185,43.10676581077437],[72.426310663447,43.17701407048226],[72.4062570634336,43.21894803141221],[72.46566560914096,43.23308767382883],[72.54456243590111,43.34522102385603],[72.6636701285659,43.373364354636735],[72.68336155184905,43.47138986866248],[72.78281539123523,43.54143872028963],[72.76287021902323,43.583456603691594],[72.86256088433318,43.6534659723867],[72.82267844557006,43.73754672237359],[72.90270958046627,43.84960089869541],[72.8827486822032,43.89166537375023],[72.98299581917524,43.96163842702036],[73.00368192470991,44.19999374872311],[73.06404229613833,44.21390851574664],[73.08453177951729,44.31206846583327],[73.18558332638194,44.381968692947794],[73.1456742385775,44.46628966847084],[73.22706069684342,44.57835882003759],[73.20708710866793,44.620545888852476],[73.26785199239403,44.634388154876724],[73.28875259458295,44.732625302918585],[73.39061987358876,44.80245573713447],[73.37068117855983,44.84469141130269],[73.47279490473544,44.91448422681584],[73.43292889940986,44.99900713860328],[73.51540520449578,45.111072764092015],[73.49545381055229,45.15336269760781],[73.55674335171793,45.167101071613985],[73.65780195213513,45.09619501376803],[73.8416874940551,45.13711560915351],[73.88330469910476,45.193052867153156],[73.74454408807473,45.489566299491884],[73.84799076270865,45.559219470382985],[73.82811392342633,45.60161252258932],[74.0134490348653,45.64237321892312],[74.05551120221192,45.6983451472919],[73.9164729889457,45.99548991036919],[74.47648826458277,46.1168680295401],[74.49958163726484,46.2153585546162],[74.60489316704376,46.284623844331726],[74.58527595394423,46.32722143240518],[74.77302535606928,46.367091873523826],[74.79663116193954,46.46561848461745],[75.11050670880691,46.53150770620265],[75.21195476442641,46.459190885681096],[75.65206058073476,46.549979984780606],[75.75296103221928,46.47727905688151],[76.19389151755972,46.566421242452165],[76.29423779347631,46.49333864093577],[76.48341182052154,46.53099694816084],[76.58339593741002,46.45772271088301],[76.77262940403223,46.49499715202307],[76.8722503707848,46.42153226291819],[77.18784612431726,46.482881283287256],[77.28700226099215,46.40913360469738],[77.47647887356231,46.445477907164125],[77.49431999081102,46.40248718086713],[77.63842172435437,46.38355595378389],[77.73694751590779,46.30952502077385],[78.30584934329647,46.41601080876398],[78.40369714874835,46.341517071217794],[78.72025207410688,46.39949067667345],[78.7495445122446,46.497303699768686],[78.85950863170599,46.563459005455194],[78.8424879444793,46.60663908303795],[78.95271865662424,46.672749163452636],[78.90168725105697,46.80238737564694],[79.3486048905119,46.88195110256411],[79.44597400255547,46.806628632121566],[79.63766426324399,46.840173778853845],[79.8624413987216,46.78680205546359],[80.0542786218943,46.81979318763151],[80.15077604752818,46.744015962710314],[80.47063621346825,46.798216529731945],[80.48666960443201,46.75482055333542],[80.37483021899618,46.689868168201315],[80.45497064640611,46.47307580794688],[80.53462575589705,46.44047423663331],[80.98099928854111,46.51489307576055],[81.02922146855613,46.568834417720495],[80.98222815397624,46.69912852696229],[81.30252357619612,46.75148075794065],[81.39752907447836,46.67489714672426],[81.58976844336841,46.705837760434385]]],[[[80.69461237668547,46.74356297695793],[80.88672264395744,46.77544522239249],[80.98222815397624,46.69912852696229],[80.9024855139121,46.732007165709476],[80.71049027846827,46.700150942820535],[80.69461237668547,46.74356297695793]]]]}},{"type":"Feature","id":"video-289-4","properties":{"year":289,"kind":"regime","regime":"乌孙","name":"乌孙","is_jin":false,"is_western_jin":false,"source":"史图馆《中国历代疆域变化第十五版》用户本机视频年末帧","source_frame":"work/jin-video/frames/289.png","source_video_url":"https://www.bilibili.com/video/BV1bc411D7WB/","coordinate_system":"WGS84 longitude / latitude","fidelity":"source-colour-vectorized","boundary_evidence":"按视频可见政治色块及外轮廓提取；文字、河流形成的小空隙闭合；不是逐县控制证据。","classification_note":"","source_timestamp_seconds":217.933,"source_frame_index":6538,"source_frame_sha256":"64fed4ad0a10129942af896e122f961bdcf2883bef2ee723acaf7d2de32b0288","source_video_sha256":"3cb314543d4b8cbc135df61cb5330dc41729f1efb55bad66a3f321b4bf66f46a","source_colour_rgb":[224,223,19],"source_hsv_ranges":[[27,35]]},"geometry":{"type":"Polygon","coordinates":[[[85.95309216902747,46.058838523099794],[85.88900475912834,46.050514579497445],[85.79996162596159,46.12979888518861],[85.65911879926635,46.156794594068785],[85.64651419660723,46.20061253836043],[85.45401470883682,46.17513312482375],[85.36430664871735,46.254179813279464],[83.38189994727036,45.974684382611436],[83.39590226244098,45.93110883183929],[83.2827068473987,45.86860880225021],[83.24728892984785,45.77202025841711],[83.05693269676206,45.743378918603355],[83.02189524430757,45.64677315825527],[82.70545692875643,45.5984188551829],[82.67098450656124,45.50177117296559],[82.48161536691921,45.47238915856721],[82.4475184175832,45.375724802080526],[80.62814306879518,45.0786086289309],[80.59682016922027,44.98163002586688],[79.91188115856843,44.86282176662065],[79.88165250123512,44.76574620755684],[79.69553350157817,44.73274644587844],[79.66566215403093,44.63565924407315],[79.4799928755323,44.602387335905625],[79.49613440437366,44.559400171740286],[79.3887169602115,44.49413424522656],[79.43717531903265,44.365249352574615],[79.33011047216361,44.29997134029528],[79.34627422655029,44.257034813613096],[79.23945921836174,44.19170555125215],[79.25565348715614,44.14879101494817],[79.14908746453034,44.08341048139007],[79.12024553754739,43.98636993815258],[79.05899406907956,43.97508589368172],[79.10769798065935,43.84647965152117],[79.00172623734862,43.78103421379036],[79.05040059858028,43.652505656775695],[78.94477287566163,43.587045859947615],[78.9164133244121,43.49007453226244],[78.73410423137231,43.455915572876435],[78.70608555730882,43.358929322525555],[78.2819989852641,43.27824102167484],[78.1882402724279,43.3520255795324],[78.00664326304852,43.316925825600684],[77.979674309756,43.219824527359094],[76.71542311018798,42.96740209614658],[76.69034705850876,42.87012744994033],[75.91339230288993,42.70807407701306],[75.88949899488253,42.61070541805093],[75.59204273931428,42.547190285015155],[75.56863999940737,42.449795020303476],[75.15368725740454,42.359755656189144],[75.0579608126542,42.43126768968156],[74.76199954875071,42.36598320217027],[74.66587459127909,42.437222710397194],[74.37024987679963,42.37109485791992],[74.27372928097671,42.44206054494266],[73.97845042842151,42.37509035503266],[73.88153710683059,42.44578093834969],[73.70451587255938,42.405168957325046],[73.60729179427054,42.475669908635396],[73.43035330710231,42.434703179644394],[73.33281947400626,42.50501373677685],[73.15596663384827,42.46369227151947],[73.05812406483082,42.533811674096896],[72.88135977467068,42.49213549425068],[72.78320950557261,42.56206298378324],[72.60653667121592,42.520032121039364],[72.50807975478997,42.58976694101785],[72.44919701016799,42.57566321382725],[72.35051000366721,42.6452924996626],[72.21272888476223,42.65878299467103],[72.19269551193467,42.70064349054377],[72.13378398672157,42.68640222299978],[72.15384788074724,42.64455138733369],[72.05625759507818,42.57418273986315],[72.11642052861443,42.44869049719609],[72.01913360393957,42.378320166767104],[72.03917818985468,42.336509104967014],[71.94211907645231,42.26609793494521],[71.8653450365234,42.15385401263967],[71.88541643111807,42.112081249260555],[71.94380827917969,42.12641415535498],[72.04217659556565,42.05713875093924],[72.10055497941401,42.07140359277764],[72.19869717178418,42.00202202671226],[72.33522513615067,41.988561369452],[72.35497793234651,41.946731470473566],[72.6469589141728,42.01713045321841],[72.74449937299093,41.94736465238386],[72.80292627059309,41.96132739137912],[72.90024016355038,41.891456750412125],[73.03642384210187,41.8772993274689],[73.32381649561711,41.24844382644999],[73.45871205033154,41.2338785773768],[73.51535046442233,41.108046330404605],[73.64994723529995,41.093293392884725],[73.70614651351306,40.96740383106573],[73.84044480695718,40.95246395846043],[73.8962074979484,40.82651700906024],[73.9539542862963,40.83996646361364],[74.04867170044523,40.769389997720346],[74.18253532918534,40.75411357138494],[74.23755860607523,40.62805493907056],[74.41057911669019,40.66788233894219],[74.50463320255736,40.59699986991218],[74.6777245500628,40.636482439496234],[74.77147958369964,40.56541605945971],[74.90481608083572,40.54942610306417],[75.06018133336846,40.63052264988075],[75.0823271900795,40.72774773798639],[77.76565992898806,41.29720855080198],[77.79162957106895,41.39403150033549],[78.14517098818412,41.46433398097068],[78.17170809534586,41.56110590120663],[78.46726317192903,41.61894304226851],[78.49428840672726,41.71567311687538],[78.67209812317303,41.750039092944164],[78.69944713682737,41.84674725252109],[79.11557856520663,41.92596653828696],[79.14359013638632,42.022611206114846],[79.68070925844152,42.1225177693124],[79.70955788774995,42.21907587162036],[80.00902238422378,42.273620642307975],[80.03837408100213,42.370133732186304],[80.45898089816234,42.44532777349706],[80.54919666199034,42.37016484028121],[81.21136404223014,42.48529447590814],[81.30083791285703,42.40963527103147],[81.36108916937627,42.419904044646096],[81.28819889995248,42.634874480908174],[81.39453305547423,42.698418997420404],[81.4259334708142,42.79470012220328],[81.72908022667181,42.84554180647441],[81.68580508166559,42.97473710807671],[81.73216502787238,43.02792431360122],[81.85385673244981,43.048080505108736],[81.94335257680939,42.97192487711897],[82.30852259835017,43.0315121425984],[82.34130888223551,43.12764364729903],[82.64651700356843,43.17650602162293],[82.67982860339959,43.27258548297937],[83.35371148843005,43.3775904674471],[83.38807809068136,43.473538583621],[83.69548237181482,43.5201283786317],[83.68214007914196,43.56344810196839],[83.79200021739851,43.625245050371674],[83.82708390487723,43.72113636222228],[84.25947311662263,43.784849500679954],[84.29527311962175,43.8806572511967],[84.72905831665913,43.942942645602336],[84.81653799700067,43.86481170898925],[84.87851178345973,43.873560322765535],[84.68666161106766,44.5258946370818],[84.798923599451,44.58703924884855],[84.70857327867893,44.89186800281437],[84.82144601901678,44.953055599135546],[84.75672098105487,45.1710017421704],[84.8700912377121,45.23219949344511],[84.85715727638419,45.27581970050241],[84.97078804145454,45.33695606554404],[84.95789801969227,45.38059894164936],[85.07179011828397,45.4416738652016],[85.05894438897201,45.485339613961685],[85.1730986484862,45.546353039535504],[85.16029756684195,45.59004186556822],[85.27471481696732,45.650993735434376],[85.26195874055506,45.694705844379634],[85.37663981326234,45.75559609956132],[85.41503060187519,45.85163037413315],[85.73440937031461,45.893997558214856],[85.77337777474246,45.989977966431844],[85.96547517619312,46.01501461752635],[85.95309216902747,46.058838523099794]]]}},{"type":"Feature","id":"video-289-5","properties":{"year":289,"kind":"regime","regime":"焉耆","name":"焉耆","is_jin":false,"is_western_jin":false,"source":"史图馆《中国历代疆域变化第十五版》用户本机视频年末帧","source_frame":"work/jin-video/frames/289.png","source_video_url":"https://www.bilibili.com/video/BV1bc411D7WB/","coordinate_system":"WGS84 longitude / latitude","fidelity":"source-colour-vectorized","boundary_evidence":"按视频可见政治色块及外轮廓提取；文字、河流形成的小空隙闭合；不是逐县控制证据。","classification_note":"","source_timestamp_seconds":217.933,"source_frame_index":6538,"source_frame_sha256":"64fed4ad0a10129942af896e122f961bdcf2883bef2ee723acaf7d2de32b0288","source_video_sha256":"3cb314543d4b8cbc135df61cb5330dc41729f1efb55bad66a3f321b4bf66f46a","source_colour_rgb":[12,217,158],"source_hsv_ranges":[[66,91]]},"geometry":{"type":"Polygon","coordinates":[[[85.31270282507415,43.25630353268874],[85.17736674619616,43.282618964535416],[85.14014942169003,43.412931073313295],[85.00444987677929,43.439086995928385],[84.89117553818365,43.83009879302208],[83.96375447867435,43.696113259536496],[83.97694890487455,43.65275395222931],[83.86688424567564,43.59109883118183],[83.83181110228719,43.49524532293025],[83.52442479399681,43.44895873050745],[83.4898854752735,43.353049392753626],[83.06083955925457,43.2870263816559],[83.02700563204671,43.191036025862935],[82.59937709955017,43.123611006178876],[82.56624393495834,43.027541563132175],[82.14004266999089,42.958722950779936],[82.10760559041046,42.86257630033909],[81.6828411129266,42.792372480538084],[81.65109539443063,42.69615045191256],[81.53006075931548,42.67583040282959],[81.51304773773504,42.53657873028566],[81.40684875292791,42.47314430814762],[81.42135767977202,42.430146611475806],[81.72295774147454,42.48096591313611],[81.81188463423707,42.404975924994915],[81.99289437244202,42.43503130264122],[82.02498356569315,42.53112820463599],[82.56968794065062,42.61975981683511],[82.65788412048748,42.54320674664167],[82.8395915431208,42.57215473363721],[82.92743999098262,42.495436009047566],[83.1091340243489,42.5240260469958],[83.196634299074,42.447142496443334],[83.37831214304065,42.47537491434013],[83.46546382154047,42.3983273648422],[83.76830690514646,42.44465335794029],[83.85500128638692,42.36736375995902],[84.03673113106207,42.39472280071829],[84.12307555655384,42.31727117884311],[84.30477961088775,42.34427355127917],[84.39077371885038,42.266660728740526],[84.451317225832,42.27556931559538],[84.41330558601987,42.40543191129553],[84.46130309391083,42.45763064886679],[84.8866139799098,42.51923355804741],[84.92261854053491,42.614629243634354],[85.22728481331906,42.65775782920237],[85.16587635109491,42.87470830658821],[85.27594733113612,42.935243261062986],[85.23909252187282,43.065488767984874],[85.34952160567514,43.12598822737383],[85.31270282507415,43.25630353268874]]]}},{"type":"Feature","id":"video-289-6","properties":{"year":289,"kind":"regime","regime":"扶余","name":"扶余","is_jin":false,"is_western_jin":false,"source":"史图馆《中国历代疆域变化第十五版》用户本机视频年末帧","source_frame":"work/jin-video/frames/289.png","source_video_url":"https://www.bilibili.com/video/BV1bc411D7WB/","coordinate_system":"WGS84 longitude / latitude","fidelity":"source-colour-vectorized","boundary_evidence":"按视频可见政治色块及外轮廓提取；文字、河流形成的小空隙闭合；不是逐县控制证据。","classification_note":"","source_timestamp_seconds":217.933,"source_frame_index":6538,"source_frame_sha256":"64fed4ad0a10129942af896e122f961bdcf2883bef2ee723acaf7d2de32b0288","source_video_sha256":"3cb314543d4b8cbc135df61cb5330dc41729f1efb55bad66a3f321b4bf66f46a","source_colour_rgb":[132,87,60],"source_hsv_ranges":[[2,22]]},"geometry":{"type":"MultiPolygon","coordinates":[[[[122.80066062635463,42.212083450090184],[122.80069774896441,42.21199260990048],[122.67923632595065,42.228476547597076],[122.6792884987952,42.2285266746306],[122.80066062635463,42.212083450090184]]],[[[122.12379295241999,42.52716055696481],[122.00173369014796,42.54301324223753],[121.95105172816741,42.594527273740006],[121.70657354815401,42.6258223423114],[121.57410376041776,42.597648865362956],[121.58425450646216,42.64130794832807],[121.72705752442212,42.713128218397436],[122.03298390321703,42.67388986348524],[122.13426912729953,42.57077290888667],[122.25634617853918,42.554802022750856],[122.34654674863917,42.40795773492234],[122.6185816320627,42.23670819983897],[122.67923632595065,42.228476547597076],[122.59715221819917,42.14961113673991],[122.425763977275,42.21752667105323],[122.3359652807135,42.36437420452074],[122.27510457588666,42.37240568639279],[122.12379295241999,42.52716055696481]]],[[[123.70550543752229,42.311310329339044],[123.7775881177099,42.34611186210458],[123.80051077219406,42.43304741261915],[123.65238969723632,42.589479668880244],[123.69814202844647,42.763478456331804],[123.64853677250743,42.81563024177987],[123.6829320452064,42.94618225903815],[123.63318819476488,42.99834701154687],[123.7137821486882,43.30312790793332],[123.62529014359065,43.45111349695892],[123.67153463267573,43.62542545148571],[123.63287743886922,43.72125625356984],[123.48166776922578,43.87791904135783],[123.25618994266173,43.99931704503237],[122.58248249925852,44.13466365946139],[122.37640313411305,44.34220049753568],[122.42011144543518,44.517285354104125],[122.49382763789383,44.55292730416344],[122.58232162609616,44.90328642297671],[122.65653048510632,44.938880604181556],[122.69010383669058,45.070333636278676],[122.7645466610383,45.10588809063024],[122.80972110405891,45.281217817088546],[122.8844522217879,45.31673126118134],[122.91864326229042,45.44827454633292],[122.99361110062307,45.48374847809325],[123.02809325759179,45.615332110031915],[123.1553644862345,45.59844308996766],[123.23061715620304,45.63380871614917],[123.6121931612461,45.58226064964176],[123.76320661386137,45.65247023988322],[124.08097392208916,45.6083967250393],[124.39987265250173,45.335942288309234],[124.71577356769502,45.29049991494932],[124.9304317940836,45.35023652250504],[125.04398397146294,45.28801536130634],[125.35923408532125,45.24115245891135],[125.66356279625865,45.37756615303303],[125.78970718738373,45.35835018362578],[126.01886305633231,45.46006010573492],[126.0322538175659,45.50364941668586],[126.59185205287838,45.59895624513134],[126.745865001993,45.66598719724004],[126.77366383875055,45.75308692612935],[126.92819857664371,45.81995393813378],[126.94223578377607,45.86350495515495],[127.08303355556819,45.886668138101435],[127.13220769601969,45.832897619810296],[127.25876148116785,45.812354539165675],[127.33629271926343,45.84555116201556],[127.38523954015965,45.79170104377553],[127.51164153078176,45.77093725200654],[127.58924773512265,45.803992491940186],[127.61817019135925,45.89096315910624],[127.68143661242433,45.88048888862224],[127.77876275647273,45.772534200616604],[128.0311789564364,45.73020486226069],[128.39102473023397,45.80685257486105],[129.09906032870458,45.72972583232094],[129.25575593279368,45.79405847674922],[129.35048261153318,45.68507863250252],[129.38219974437092,45.587313784916354],[129.33571450822703,45.4575418783694],[129.25767429513172,45.425472702333415],[129.2115309533141,45.295723869854505],[129.13373058037536,45.263602349590386],[128.96661603153774,44.78809995147756],[128.53736130803827,44.49699191650635],[128.39889064637669,44.475348693153094],[128.34035476602833,44.30244924643105],[128.18783061012698,44.23739503797904],[128.1588858007091,44.150947117991265],[128.00685913526056,44.08572101536707],[127.97819928470935,43.9992680402108],[127.82666824611262,43.93387063600779],[127.73254308594204,43.44806142893797],[127.65744581377392,43.4152904645236],[127.60158777768947,43.242516474896455],[127.37733778807875,43.14392088542745],[127.12650441570409,42.958557735415354],[127.0993640902548,42.87214090973497],[127.25404011135988,42.75519786363478],[127.21323882745752,42.6256637244941],[127.27966348194954,42.43258665583764],[127.19231663541747,42.35648049020425],[127.13839758497197,42.183870496607426],[126.9647909786423,42.031498048646085],[126.78474607077726,42.061615720431526],[126.69837286727659,41.98524398906117],[126.63837621410651,41.995191852756534],[126.60455096211841,42.091498018778005],[125.58065683795313,42.25636976921459],[125.49533651675613,42.17921986576579],[125.31432710265143,42.20740880669977],[125.2293510524092,42.13010005332011],[124.0807547830736,42.30237012045514],[124.00856929584366,42.26773031340227],[123.95087008163642,42.050556189678886],[123.98544775031527,42.18085419529479],[123.93645349166447,42.23305463944201],[123.81531317652053,42.250501846089456],[123.55025675653256,42.19812575716588],[123.36847413437012,42.22374374531829],[123.22502195979983,42.15369140132089],[123.10384635339196,42.17050817929653],[122.96075886050495,42.10018581117297],[122.83961224792537,42.116767611229264],[122.80069774896441,42.21199260990048],[122.92197700896529,42.19553339415823],[123.12589660501557,42.25752795865581],[123.24721390728463,42.24068918723338],[123.3908617455307,42.310728477783556],[123.70550543752229,42.311310329339044]]]]}},{"type":"Feature","id":"video-289-7","properties":{"year":289,"kind":"regime","regime":"高句丽","name":"高句丽","is_jin":false,"is_western_jin":false,"source":"史图馆《中国历代疆域变化第十五版》用户本机视频年末帧","source_frame":"work/jin-video/frames/289.png","source_video_url":"https://www.bilibili.com/video/BV1bc411D7WB/","coordinate_system":"WGS84 longitude / latitude","fidelity":"source-colour-vectorized","boundary_evidence":"按视频可见政治色块及外轮廓提取；文字、河流形成的小空隙闭合；不是逐县控制证据。","classification_note":"","source_timestamp_seconds":217.933,"source_frame_index":6538,"source_frame_sha256":"64fed4ad0a10129942af896e122f961bdcf2883bef2ee723acaf7d2de32b0288","source_video_sha256":"3cb314543d4b8cbc135df61cb5330dc41729f1efb55bad66a3f321b4bf66f46a","source_colour_rgb":[107,54,107],"source_hsv_ranges":[[129,170]]},"geometry":{"type":"Polygon","coordinates":[[[131.60830057880236,42.908963420054874],[131.50447419091154,42.97589139975638],[130.78206372947534,43.118947456469925],[130.62988961154193,43.056726644420806],[130.50926213344582,43.080071538880844],[130.35741071459404,43.017556766512236],[130.29709560160427,43.029122743945],[130.20582635860126,42.954883708882534],[130.02490840920106,42.989301464074245],[130.00957065913653,42.946391806767814],[129.87367809500705,42.92626868206858],[129.78298254418618,42.851766628488825],[129.72271565269097,42.863078775519654],[129.6171961672497,42.562590527216194],[129.7221689780212,42.49713999950396],[129.67706979802776,42.36843464733958],[129.54236630877017,42.34800767093916],[129.45274527958355,42.27336809055306],[129.39291232575877,42.28452468016551],[129.34853616134185,42.155759333286674],[129.05103366514112,42.028258875742125],[129.02194440479994,41.94237671812285],[128.88822592604853,41.921323631841766],[128.7998131763577,41.846311677116184],[128.68063855743628,41.86801480702356],[128.53294175980636,41.80364818722445],[128.34003976052549,41.792810914020144],[128.1192810605144,41.69566351679959],[127.85337557262493,41.65168234505353],[127.67465215209191,41.682949469444544],[127.62869184113289,41.73638920768232],[127.49577463307642,41.713983561459784],[127.31674397905111,41.7447842978534],[127.1643347842992,41.86159635647125],[126.9847974660164,41.891968461488844],[126.951484106596,41.988343835637195],[126.89151998719527,41.998402675327306],[126.80510941251754,41.92210599933946],[126.50529704432714,41.97181310310961],[126.47130467780322,42.06808267688481],[125.68877291084742,42.19407971321412],[125.60341051432083,42.117005042038485],[125.30198085326036,42.16408775811004],[125.21706924631914,42.08677690439061],[124.06913775038116,42.25893450429357],[123.98821054479085,41.95494547608807],[123.8561149529499,41.929000558604706],[123.82189125135095,41.79872227545634],[123.93082218260332,41.73787118942397],[123.87377764704993,41.52084335578863],[123.93373830056353,41.512117264479556],[123.97082426132809,41.41658812341344],[124.07905688935614,41.35565196320391],[124.0447038591371,41.22553693999896],[124.15259039674277,41.16455756446331],[124.11819617792752,41.03449335568358],[124.17772736072328,41.02566536420341],[124.21424685266942,40.930130663120785],[124.3925065895392,40.90344516131624],[124.42868419977441,40.80786663997956],[124.60656681111034,40.780902287513655],[124.64240428547032,40.68528011886876],[124.81990964960842,40.658037930681104],[124.85540873158638,40.56237228086175],[124.9381729499763,40.6397469823323],[125.05637702305249,40.62135253786586],[125.10349623097528,40.56887209423075],[125.07961746397962,40.48238600248925],[125.36220892472844,40.39269074940106],[125.3968742817141,40.29690989442802],[125.5022709146798,40.23492573723568],[125.46593483517161,40.10534785027314],[125.5245494043069,40.0959370251428],[125.55886485036577,40.000141031497364],[125.66370213921631,39.93804650053301],[125.6515303163433,39.894879338753846],[125.82675715760146,39.866331547695324],[125.83902659622213,39.90948161620849],[125.96818285582705,39.93344978151515],[125.98054607358854,39.97658922440991],[126.10986543618617,40.00042160842263],[126.12232270334681,40.0435503743134],[126.25180502053493,40.0672466975175],[126.33547007393423,40.14371676386497],[126.51101828521443,40.11426406413195],[126.54919670521126,40.24355174921551],[126.67916695949125,40.26683820422614],[126.69200312379759,40.3099237326651],[126.8221357026877,40.33307300015771],[126.90669601437622,40.409203852008766],[127.31701942053664,40.33835658671672],[127.36233284427384,40.28511375580732],[127.217714925999,39.811922314991435],[127.74048739374774,39.71943942661675],[127.75384517213793,39.76240022845449],[127.88333907926558,39.78450697998369],[127.89679154058246,39.82745560385769],[128.11168230575169,39.92475686800346],[128.22789236939573,39.903600346317475],[128.37152753644455,39.968153218637546],[128.42963761414006,39.957473992799564],[128.5154137084739,40.032554796798756],[128.57355358614674,40.02181231964722],[128.6152941750043,40.15047219800499],[128.83207117234969,40.246638458456594],[128.8903335881906,40.23575602798519],[128.90445599382213,40.278617714204366],[129.0351952694524,40.29961270522201],[129.0494144011455,40.34246172068125],[129.19462452511772,40.406152765429034],[129.25205634210386,40.57750139567969],[129.3834275319234,40.598163113922176],[129.39790837175195,40.64098812836474],[129.52943437970256,40.66150870734041],[129.61716041481722,40.73592950411172],[129.79270655215356,40.702165433180404],[129.82220578790935,40.787736903866325],[129.73450526024808,40.89590059798781],[129.8380918301958,41.1955241651542],[129.77920448864631,41.20683047983888],[129.749922363777,41.303752744325976],[129.64669939844018,41.36910252534353],[129.720826432544,41.58329671245814],[129.86911830025733,41.64635336601942],[129.9291408283377,41.81767769017473],[130.0629626261812,41.83770867750622],[130.10841816160593,41.96617339543641],[130.24256542268654,41.986033143457846],[130.2884356452492,42.114468060324],[130.42290903535087,42.13415585567876],[130.51335970849487,42.208141435406915],[130.69207567290144,42.173137356395564],[130.73887013071075,42.30145983892798],[130.87381605577588,42.32071141218953],[130.95260451194898,42.5345396234586],[131.02824298795153,42.56546205259859],[131.20759647246584,42.52976527000936],[131.2555508128566,42.65799026869157],[131.3913077572848,42.6767456743028],[131.43969138720834,42.80494137348187],[131.57577628891173,42.82352057924909],[131.60830057880236,42.908963420054874]]]}},{"type":"Feature","id":"video-289-8","properties":{"year":289,"kind":"regime","regime":"马韩","name":"马韩","is_jin":false,"is_western_jin":false,"source":"史图馆《中国历代疆域变化第十五版》用户本机视频年末帧","source_frame":"work/jin-video/frames/289.png","source_video_url":"https://www.bilibili.com/video/BV1bc411D7WB/","coordinate_system":"WGS84 longitude / latitude","fidelity":"source-colour-vectorized","boundary_evidence":"按视频可见政治色块及外轮廓提取；文字、河流形成的小空隙闭合；不是逐县控制证据。","classification_note":"","source_timestamp_seconds":217.933,"source_frame_index":6538,"source_frame_sha256":"64fed4ad0a10129942af896e122f961bdcf2883bef2ee723acaf7d2de32b0288","source_video_sha256":"3cb314543d4b8cbc135df61cb5330dc41729f1efb55bad66a3f321b4bf66f46a","source_colour_rgb":[126,1,30],"source_hsv_ranges":[[169,180],[0,5]]},"geometry":{"type":"MultiPolygon","coordinates":[[[[126.23891322993018,34.332672688896686],[126.35911925090312,34.356263912683296],[126.2815224415489,34.27980114687879],[126.22728778692124,34.28954609250229],[126.23891322993018,34.332672688896686]]],[[[127.76528671958492,34.68357453552736],[127.75278010621365,34.64060871830021],[127.6984851231519,34.650993535836136],[127.66909126535349,34.74730392785817],[127.76528671958492,34.68357453552736]]],[[[126.65909480215568,34.618503850249525],[126.61655569729726,34.67148987112319],[126.45313037438035,34.701083041469026],[126.53606469153485,35.00266544727136],[126.43849280358029,35.06542595800626],[126.47409882672696,35.19466149460994],[126.59569312456426,35.218008832957395],[126.63162730117388,35.34718706800784],[126.75350471533216,35.37037936421801],[126.7655795829898,35.413422013450585],[127.06463623858923,35.44934734951292],[127.13185392702157,35.482250027931954],[127.15646769798789,35.568254407957724],[127.41375865264413,35.65646905361974],[127.46377231881671,35.828343005974844],[127.39091931546155,35.977736084034525],[127.47129582483336,36.05341632968921],[127.54697547131866,36.311138755048624],[127.504115337768,36.36437664645682],[127.74683754313519,37.18015890525223],[127.88495409881182,37.24516186961202],[127.89796079639474,37.28806863215995],[128.12597301684792,37.06399762159861],[128.57309362399693,36.9788340974126],[128.5331446307209,36.85031352968846],[128.4084050252597,36.828861144542984],[128.39519151166385,36.78600463832891],[128.00482561864237,36.86006911370315],[127.9360333069167,36.82764940418001],[127.79437192789584,36.355604713986004],[127.89246078107601,36.29183328807923],[127.92216256304927,36.19555274601824],[127.9775081108277,36.18507937014175],[127.91332096485085,35.970521216325494],[127.77744222799794,35.90553076379849],[127.55079640967467,35.13240786876095],[127.71908480419225,34.91917098482725],[127.66909126535349,34.74730392785817],[127.50591100349237,34.77827482025562],[127.43913655616355,34.74555716765911],[127.4021590424616,34.61656038020267],[127.4984102204659,34.55303075471587],[127.44912470730675,34.38102634512176],[127.29882998225841,34.45473896553707],[127.36530177920021,34.48753939912803],[127.38985995537605,34.57355610175751],[127.3478349626031,34.62679239263481],[127.2391447649803,34.647185002989566],[127.160417176311,34.57129438620486],[127.03965011798667,34.54848469469754],[126.99136103479074,34.376299576133924],[126.92513709603242,34.343296165862164],[126.81672737154561,34.363324307203925],[126.68450141974377,34.29709413965782],[126.35911925090312,34.356263912683296],[126.37082600528036,34.3993755957585],[126.41338319284557,34.3464618271063],[126.52187086230838,34.32678618021382],[126.58791314939509,34.360005201246445],[126.65909480215568,34.618503850249525]]]]}},{"type":"Feature","id":"video-289-9","properties":{"year":289,"kind":"regime","regime":"辰韩","name":"辰韩","is_jin":false,"is_western_jin":false,"source":"史图馆《中国历代疆域变化第十五版》用户本机视频年末帧","source_frame":"work/jin-video/frames/289.png","source_video_url":"https://www.bilibili.com/video/BV1bc411D7WB/","coordinate_system":"WGS84 longitude / latitude","fidelity":"source-colour-vectorized","boundary_evidence":"按视频可见政治色块及外轮廓提取；文字、河流形成的小空隙闭合；不是逐县控制证据。","classification_note":"","source_timestamp_seconds":217.933,"source_frame_index":6538,"source_frame_sha256":"64fed4ad0a10129942af896e122f961bdcf2883bef2ee723acaf7d2de32b0288","source_video_sha256":"3cb314543d4b8cbc135df61cb5330dc41729f1efb55bad66a3f321b4bf66f46a","source_colour_rgb":[39,132,67],"source_hsv_ranges":[[52,88]]},"geometry":{"type":"Polygon","coordinates":[[[127.991831687605,36.81717155722633],[127.95293670178073,36.68846914906762],[128.0513175863198,36.62458097185716],[128.01242046421305,36.495891524467694],[127.88839966352712,36.473931377695024],[127.87553523480632,36.43101856612916],[127.9736527218264,36.36718603009525],[127.9478791252568,36.28137316734804],[128.03283869871376,36.17458185530974],[128.01994403938298,36.13167964580179],[128.07523082116904,36.12116346066828],[128.08815429841482,36.1640602106982],[128.21173581353656,36.185828379847],[128.29312662085596,36.26097959873425],[128.45910607480653,36.22900334593438],[128.50123401005965,36.17544422102752],[128.46181693656175,36.046875584302605],[128.55896661172866,35.982584665851114],[128.4933475143054,35.76830625793355],[128.59012451935902,35.70398347619237],[128.49856557994715,35.40396001195057],[128.662646170132,35.37170434633328],[128.74362272503865,35.446593968515266],[129.126235535957,35.370253026369234],[129.15407277100184,35.27365060326399],[129.42655390476108,35.218344096126806],[129.63079268089803,35.859695095751185],[129.4660914557529,35.89320399845127],[129.42478234169133,35.94708638306503],[129.46574053402043,36.075354624882635],[129.39652658797297,36.22585572818977],[129.49254277008927,36.52511154614132],[129.39549168125492,36.59010385860476],[129.478131858674,36.8465926484578],[129.4363187378206,36.900464275318484],[129.32499024733895,36.92265137215671],[129.31125013451606,36.87989179324818],[129.18624865910016,36.859197334377775],[129.17259701172435,36.81642255165031],[129.22821433629275,36.80540707271383],[129.2564422222903,36.70883600093505],[129.35375993414374,36.643951024508944],[129.3126862032404,36.51566961459279],[129.1882736838092,36.49497535143201],[129.1475534321141,36.366636132604285],[129.0787252858055,36.334828344407924],[128.912777250651,36.36761165264283],[128.88424473825464,36.464113851835975],[128.7867604592203,36.528643413513905],[128.84039688462312,36.69990445723668],[128.7425773082149,36.764397038550335],[128.76939867367898,36.850036451840985],[128.71368399630416,36.860852539425814],[128.700294977365,36.81802792873126],[128.57556115451328,36.796738152507956],[128.49332896136556,36.72177809411846],[127.991831687605,36.81717155722633]]]}},{"type":"Feature","id":"video-289-10","properties":{"year":289,"kind":"regime","regime":"弁韩","name":"弁韩","is_jin":false,"is_western_jin":false,"source":"史图馆《中国历代疆域变化第十五版》用户本机视频年末帧","source_frame":"work/jin-video/frames/289.png","source_video_url":"https://www.bilibili.com/video/BV1bc411D7WB/","coordinate_system":"WGS84 longitude / latitude","fidelity":"source-colour-vectorized","boundary_evidence":"按视频可见政治色块及外轮廓提取；文字、河流形成的小空隙闭合；不是逐县控制证据。","classification_note":"","source_timestamp_seconds":217.933,"source_frame_index":6538,"source_frame_sha256":"64fed4ad0a10129942af896e122f961bdcf2883bef2ee723acaf7d2de32b0288","source_video_sha256":"3cb314543d4b8cbc135df61cb5330dc41729f1efb55bad66a3f321b4bf66f46a","source_colour_rgb":[217,122,52],"source_hsv_ranges":[[7,23]]},"geometry":{"type":"Polygon","coordinates":[[[128.00706362530198,36.088775459951144],[127.94287442476154,35.874224147866826],[127.8198629562962,35.85219208519578],[127.61794569582487,35.165056743561536],[127.70214777349567,35.05842762402329],[127.68961608969565,35.015467239382154],[127.78612205409497,34.95173437076012],[127.77356159499276,34.908779233535576],[127.93690567456397,34.87746104757806],[127.97866629584058,34.82403699318258],[127.95339043500678,34.73815495658045],[128.11631050952306,34.706597910849574],[128.14175329147398,34.792448838344384],[128.20885654517645,34.824788145302946],[128.48044293328135,34.77152126925608],[128.5088575065369,34.6750245509372],[128.67142301189529,34.6427404051528],[128.68442814789088,34.68561201318437],[128.80586080382102,34.70681849798146],[128.76472247695645,34.76052223407765],[128.54766656762797,34.80367868357237],[128.50630234244363,34.857293083517725],[128.54519696260914,34.98593074195483],[128.612629914856,35.01804824642756],[129.04761086688933,34.93114197407211],[129.2505439754966,35.026572305438435],[129.27732562315725,35.112166444398774],[129.22291263760528,35.12321118174566],[129.1952133413287,35.21983784475043],[129.03167039148968,35.252791437565115],[129.00368984240336,35.349367855593805],[128.8397968021686,35.38206896561349],[128.75879505656647,35.30723849001175],[128.4855429252919,35.36109006185891],[128.44384209174783,35.41466416512566],[128.4829110736397,35.54327592301957],[128.3862449111102,35.6075217428855],[128.49072016056232,35.95045508000264],[128.40663569018616,36.057560350099926],[128.41973156697182,36.10042413303002],[128.2540108862693,36.132350590127245],[128.17279266823817,36.05717095595584],[128.00706362530198,36.088775459951144]]]}},{"type":"Feature","id":"video-289-11","properties":{"year":289,"kind":"regime","regime":"珠崖部","name":"珠崖部","is_jin":false,"is_western_jin":false,"source":"史图馆《中国历代疆域变化第十五版》用户本机视频年末帧","source_frame":"work/jin-video/frames/289.png","source_video_url":"https://www.bilibili.com/video/BV1bc411D7WB/","coordinate_system":"WGS84 longitude / latitude","fidelity":"source-colour-vectorized","boundary_evidence":"按视频可见政治色块及外轮廓提取；文字、河流形成的小空隙闭合；不是逐县控制证据。","classification_note":"","source_timestamp_seconds":217.933,"source_frame_index":6538,"source_frame_sha256":"64fed4ad0a10129942af896e122f961bdcf2883bef2ee723acaf7d2de32b0288","source_video_sha256":"3cb314543d4b8cbc135df61cb5330dc41729f1efb55bad66a3f321b4bf66f46a","source_colour_rgb":[211,208,160],"source_hsv_ranges":[[20,41]]},"geometry":{"type":"Polygon","coordinates":[[[109.59953814125936,19.944568581772035],[109.5482316425106,19.855487732903775],[109.31274741052015,19.867297538612746],[109.30683439209335,19.729960584893952],[109.2108340812181,19.688730773033804],[109.20891263263785,19.642924690893608],[109.1130392743558,19.60158695214386],[109.11116536878815,19.555762415489447],[109.0154188488493,19.51431680159837],[108.96487104621083,19.4247820406977],[108.82416939905784,19.43113123824739],[108.82243390319361,19.385268814895838],[108.72697652564156,19.343519290561215],[108.67678012378003,19.253775672363297],[108.62995724377339,19.2557811106097],[108.6217641103396,19.026193156782824],[108.71351249576873,18.976220344650944],[108.69848494524723,18.562314536309362],[108.7449786183895,18.56027112445004],[108.78806186876227,18.46612698582803],[109.02027592774405,18.455478415139297],[109.06305290009644,18.361171942551636],[109.48050255449789,18.340445896342132],[109.52279378296551,18.245894063331793],[109.66176896243012,18.238531680273407],[109.66808609278259,18.376723695807442],[109.71660177149482,18.42026942601293],[109.94859654883797,18.407445698059423],[109.95083677011012,18.45347858246415],[110.04594576777713,18.494218350995084],[110.04823308343248,18.540231535316902],[110.14346514689227,18.58086248289361],[110.19464697864302,18.67012008348107],[110.33416309944758,18.661828824083003],[110.33658813145624,18.707801619469606],[110.43209919513768,18.748126533195762],[110.44448553898174,18.977801059562175],[110.54030206381805,19.017975628232197],[110.55297496313008,19.24737166755583],[110.50620159330278,19.250252137497252],[110.46442409294487,19.344808765005094],[110.41760169734445,19.347646780545702],[110.37569722817595,19.44212771884745],[110.32882577904627,19.444923236578873],[110.28679398577299,19.539328598804797],[110.19533102247208,19.590616471188433],[110.19771398229264,19.63641147287119],[110.05679730010974,19.644476963944477],[110.01441672709086,19.73869002031946],[109.9673928522348,19.741313965093838],[109.92488376276177,19.835451715040485],[109.83295304693594,19.886348217391685],[109.835172833123,19.932095506859323],[109.59953814125936,19.944568581772035]]]}},{"type":"Feature","id":"video-289-12","properties":{"year":289,"kind":"regime","regime":"夷洲","name":"夷洲","is_jin":false,"is_western_jin":false,"source":"史图馆《中国历代疆域变化第十五版》用户本机视频年末帧","source_frame":"work/jin-video/frames/289.png","source_video_url":"https://www.bilibili.com/video/BV1bc411D7WB/","coordinate_system":"WGS84 longitude / latitude","fidelity":"source-colour-vectorized","boundary_evidence":"按视频可见政治色块及外轮廓提取；文字、河流形成的小空隙闭合；不是逐县控制证据。","classification_note":"","source_timestamp_seconds":217.933,"source_frame_index":6538,"source_frame_sha256":"64fed4ad0a10129942af896e122f961bdcf2883bef2ee723acaf7d2de32b0288","source_video_sha256":"3cb314543d4b8cbc135df61cb5330dc41729f1efb55bad66a3f321b4bf66f46a","source_colour_rgb":[205,202,157],"source_hsv_ranges":[[18,41]]},"geometry":{"type":"Polygon","coordinates":[[[121.65361935531706,25.138755483853274],[121.6044805340711,25.146609566078087],[121.59631474366775,25.102279436778318],[121.48994735922446,25.073573486569437],[121.42467848604687,24.99264636032603],[121.27741577581833,25.01584297379479],[121.26942209140603,24.971470743776315],[121.16331284842282,24.94243455915899],[121.09843059786998,24.861279371003885],[121.0493949462886,24.868889967276438],[121.01012636828561,24.64677667540982],[120.9044794516862,24.617458254511778],[120.88117247920543,24.484073332146046],[120.77575580138398,24.454614063790796],[120.75267852049905,24.321131925653386],[120.64749146499389,24.29153198435492],[120.60944680740444,24.0688636996945],[120.50459567076909,24.039099792043395],[120.48201745958423,23.905379023297197],[120.37739429209755,23.875474786403302],[120.23691268020966,23.026841141694423],[120.32579191085104,22.967508579533416],[120.27441482450415,22.654155494915237],[120.32234732736774,22.64684082398642],[120.35556694869241,22.549914570528145],[120.44391827565808,22.49038191197287],[120.4365385882559,22.445572113226532],[120.57995546208193,22.423324458954855],[120.61282995092407,22.32623907063018],[120.6605684391693,22.3187616979388],[120.69332317429873,22.221614150008058],[120.78115197118177,22.16172691772301],[120.74365127144078,21.9374498363569],[120.88622309040642,21.914741268346944],[121.00025807005338,22.58688197758521],[121.10363520097985,22.61630925511174],[121.16695833562422,22.698073301186277],[121.2148414926908,22.69035411251125],[121.23817886704329,22.8244746095224],[121.3418937443189,22.853643380912818],[121.39697542473483,23.166238856618644],[121.50112151464933,23.195216806464952],[121.66972735849974,24.13056985477183],[121.77505394738591,24.159186450010903],[121.84885582383812,24.558976534593953],[121.75942403938312,24.61925869035572],[121.78405413871751,24.752392092946227],[121.89013742557466,24.78083965200319],[121.93162127418816,25.00253261286409],[121.68633251522802,25.042222643324443],[121.65361935531706,25.138755483853274]]]}},{"type":"Feature","id":"video-289-13","properties":{"year":289,"kind":"regime","regime":"古坟时代日本","name":"古坟时代日本","is_jin":false,"is_western_jin":false,"source":"史图馆《中国历代疆域变化第十五版》用户本机视频年末帧","source_frame":"work/jin-video/frames/289.png","source_video_url":"https://www.bilibili.com/video/BV1bc411D7WB/","coordinate_system":"WGS84 longitude / latitude","fidelity":"source-colour-vectorized","boundary_evidence":"按视频可见政治色块及外轮廓提取；文字、河流形成的小空隙闭合；不是逐县控制证据。","classification_note":"","source_timestamp_seconds":217.933,"source_frame_index":6538,"source_frame_sha256":"64fed4ad0a10129942af896e122f961bdcf2883bef2ee723acaf7d2de32b0288","source_video_sha256":"3cb314543d4b8cbc135df61cb5330dc41729f1efb55bad66a3f321b4bf66f46a","source_colour_rgb":[209,204,157],"source_hsv_ranges":[[18,41]]},"geometry":{"type":"MultiPolygon","coordinates":[[[[134.71056616831274,33.77831048690591],[134.63044474293136,33.567278305105795],[134.50939884977277,33.55176692568008],[134.46172752618858,33.425050343213876],[134.34092829535572,33.4093701694244],[134.26214040430565,33.198012858557355],[134.10497163162074,33.237601184792595],[134.08381407432682,33.33535575887168],[133.82118892754622,33.40082913881885],[133.73764705276912,33.329179146217925],[133.61713608055462,33.31278335498858],[133.3542097266728,33.37725570233144],[133.2863332003763,33.34768577400255],[133.2255298784434,33.17806223715251],[133.31532117295166,33.110042439964815],[133.26978310288874,32.9828056977429],[133.1498840131303,32.96594231900592],[133.04464317543773,32.66880156276993],[132.92525418159542,32.651709812493394],[132.91034798752247,32.609228684593965],[132.75367498593792,32.647101698969394],[132.76850625053078,32.68959992841471],[132.6787232677711,32.757251715463084],[132.65597367396592,32.854806285739734],[132.60356805370398,32.86733961184089],[132.67768781985785,33.079821520359],[132.58739544062678,33.14737284233912],[132.56442555689293,33.244863415889064],[132.51175245333155,33.25735127097502],[132.5562473945368,33.38482642140334],[132.60899694016865,33.372321196617705],[132.69157380683794,33.444733959196256],[132.81208925556373,33.46203862468393],[132.94777325548776,33.84394496563232],[132.97044859264165,33.746447293718624],[133.28773099164212,33.670031045796925],[133.49233107974527,33.758590817150534],[133.50775906331174,33.80094224606573],[133.66632527931665,33.76214647407621],[133.73469257141133,33.79149209301936],[133.84397659789883,34.08764978904009],[133.96570395249054,34.10380831021673],[133.98144995841298,34.14608561240561],[134.14046950992633,34.106692815575066],[134.22518728174092,34.17800958610265],[134.27819221067097,34.164797446548654],[134.29933164710445,34.06709414394525],[134.66939455794997,33.97389810473183],[134.62121865842866,33.84729972814183],[134.71056616831274,33.77831048690591]]],[[[141.39305423231852,40.801329544357195],[141.48429379675397,40.727583277850506],[141.3773057246466,40.521492444152294],[141.4682133908115,40.447779404159625],[141.4815529975343,40.34910646508299],[141.64948177317075,40.30018583151852],[141.66255178124973,40.20150935809234],[141.71840052371167,40.18515238292268],[138.9549176138204,34.43903697404933],[138.9025658133427,34.45423427949835],[138.9578976371804,34.578971948840156],[138.87142483982032,34.650928718501454],[138.96388936467105,34.85879510494747],[138.92978815732522,34.91555966863007],[138.77170886739265,34.96103560175474],[138.68213414829196,34.89294968810727],[138.5583607350903,34.88146048601595],[138.48518222892497,34.714939250726424],[138.34353745547043,34.661594762992316],[138.2529294553771,34.453240720692826],[137.9902617970848,34.527520303053386],[137.90184994707897,34.458853801317346],[137.63883773956059,34.532389880492026],[137.55072517640698,34.463474079968414],[137.4980938050799,34.47807740518665],[137.48079681004677,34.57624186369027],[137.0056286060871,34.70658105557555],[137.05813244759656,34.83211613554017],[137.02267857787672,34.88835079194859],[136.8635859630234,34.931406347255844],[136.79310285351235,34.90384042410242],[136.6027652596807,34.44299701069415],[136.6383173767808,34.386862360076805],[136.79644196160345,34.344076028841734],[136.814532178093,34.24598968324155],[136.97228194338678,34.202973612641095],[136.95494557606517,34.16109850575623],[136.83257786836774,34.14789206350481],[136.81532684708736,34.10599529636108],[136.6576846915523,34.14881516197664],[136.57084825920361,34.079183759178825],[136.4486709417053,34.06559639339428],[136.43163929724406,34.02364312826856],[136.30957086398118,34.00991741333382],[136.15768875590047,33.63199869046925],[136.03626344280536,33.61799686811917],[135.91958219573078,33.32370670504825],[135.55397771434036,33.42071568123644],[135.57042310891993,33.46281463389416],[135.48216755681085,33.53244900641752],[135.4626107672499,33.63040043366684],[135.20016546006536,33.6988048477869],[135.4136270172667,34.246233901396266],[135.53589906325163,34.26084177275514],[135.61912230484072,34.471133793798515],[135.5828130421236,34.52696945017757],[135.3175028971713,34.595570093229135],[135.14537429540155,34.454428588240496],[135.09232219133722,34.46800836345296],[135.01891436801637,34.579356983220244],[134.6464328468778,34.673546633767124],[134.56080685498267,34.60254902527299],[134.43819398821614,34.58698337092802],[134.4221171505622,34.544780874120676],[134.29962104917482,34.529077856352274],[134.2836296662398,34.48685549092583],[134.16125059639666,34.47101531017154],[134.14534449781004,34.428773137745225],[134.0230827227747,34.41279599417815],[133.97567019502878,34.2859995456075],[133.6033548521586,34.37708422648968],[133.51898438264638,34.30535572831206],[133.39704097199296,34.28876023338871],[133.381577353801,34.2464147436618],[133.22190855147238,34.28482486557884],[133.13798016259014,34.21283157201904],[132.9782619738295,34.250928645432246],[132.89458978635813,34.17876829449155],[132.77297298522433,34.16155679037655],[132.7276995539348,34.034263829568324],[132.6745313261746,34.04681145685436],[132.65140888365036,34.14422546978082],[132.38497423427089,34.20656185143579],[132.31675441255348,34.176481089762106],[132.1835186424265,33.79401554467784],[131.5986006924394,33.92822207371278],[131.51651891205182,33.8551140582822],[131.3957030058424,33.836543864186524],[131.38138836642622,33.793938811154575],[131.11515677871517,33.85355507890842],[130.95218045255424,33.70662654005658],[130.9240838631644,33.621299192109504],[130.96318386772958,33.566838718246956],[131.06938884752415,33.54318630056455],[131.09425192617041,33.44602097178647],[131.46500126906753,33.36242573286987],[131.5465336722273,33.43560645204751],[131.666782028866,33.454036764386316],[131.68118734628567,33.49662379460852],[131.7341443171164,33.48449772119472],[131.75818659664841,33.38719346574999],[131.81105999785294,33.37503265750376],[131.73895134991076,33.16210699973452],[131.77727857728806,33.107360342762576],[131.9352934351531,33.07077253716242],[131.8919493389247,32.9430264515387],[131.98259168219747,32.87597482411283],[132.00615568613316,32.77855122478525],[132.05859534884092,32.766274366162015],[132.0152198605966,32.63852290324804],[131.89609865931217,32.62041731790047],[131.8530555900588,32.492583195679],[131.73418390224558,32.47431469613598],[131.46591257090273,31.663520196823338],[131.55549425397191,31.59666584698285],[131.45773897994187,31.297589349991764],[131.19960307525923,31.3575796918171],[131.1341715029331,31.326735164270477],[131.09297785120546,31.198383388319385],[131.18235755335192,31.131758380735125],[131.1686196046548,31.08897060261958],[131.1171102637367,31.100892703363403],[131.03825084509418,31.0271821444926],[130.92165932435603,31.00807080808701],[130.9080758736452,30.96524385442877],[130.65058072807346,31.024074871046455],[130.62592334310762,31.12148239015227],[130.26437348558034,31.202804982710603],[130.2776632633892,31.245687426771607],[130.39443847320177,31.265423932301033],[130.46141263808013,31.47969534307531],[130.37107791861186,31.54573751973978],[130.34593496582977,31.64300244202686],[130.29396276812895,31.654556247277686],[130.38790163660454,31.954398471630423],[130.50571060909476,31.9740041095484],[130.57355481430417,32.18797631150495],[130.6917440809369,32.2073928674434],[130.73281638549375,32.3356821915776],[130.66913457162238,32.48736255413268],[130.7103124935105,32.61560986566523],[130.6715006860397,32.67005174980438],[130.5137101984714,32.70501617481943],[130.44745683280718,32.67385746268021],[130.40666344901211,32.54553122892919],[130.35412434231517,32.55709603292246],[130.32864880446414,32.65421354248677],[130.170742986551,32.68873216515078],[130.09120566696618,32.614574944606375],[129.9725711523555,32.594580414529666],[129.95922186008602,32.551751598571414],[129.9066158022748,32.56312190370741],[129.91993927874478,32.60595586365117],[129.8279172205636,32.67147792284446],[129.80177708849365,32.768468668548515],[129.74900870571085,32.779767254124536],[129.81552845868887,32.99392488077004],[129.72298078538424,33.0593350386957],[129.76294704223923,33.18780505531353],[129.88240095539396,33.207989448261635],[129.92269491412168,33.336384495142454],[130.18808588795088,33.279320263678876],[130.2547362840073,33.3105971419508],[130.2956751855125,33.438853329057714],[130.45499769310265,33.4042027406761],[130.5218549021499,33.43532949386732],[130.59097604551013,33.648892532264554],[130.64419510628494,33.63724011943756],[130.84572452803695,33.73017326413117],[130.8597427043032,33.77284278673625],[130.98033689448258,33.791939852910396],[131.07935848535584,34.09042808078494],[130.98658136209767,34.156714724786376],[131.00074998547697,34.199350421865056],[131.12202346072544,34.218301128624816],[131.13627558008358,34.260918885337],[131.40385261928918,34.201278753445976],[131.48618789256034,34.274437695429484],[131.60768962955711,34.292911112807374],[131.65131314142545,34.42057677433914],[131.70489038981384,34.4084744085066],[131.78771758919802,34.48141947609817],[131.90960568753272,34.499593643773046],[131.92433109703325,34.542109073228225],[132.04634360692742,34.56014821760436],[132.09082138112777,34.6876298746255],[132.14451160316386,34.67534052271395],[132.22802277632508,34.74797572495589],[132.3504214761287,34.76571368488385],[132.39550593188815,34.89306593357068],[132.5181670410451,34.910637428077614],[132.56360553069894,35.037915622114866],[132.6865294490508,35.05532013623798],[132.76293613630207,35.26731228194121],[132.88626298620284,35.28451824473513],[132.9016638235831,35.32689214752183],[133.06360753893028,35.28892323055813],[133.14861879603112,35.3609086087504],[133.20260088226283,35.34816973964173],[133.22539424600578,35.25074476235823],[133.38702331501793,35.212357016596115],[133.4722476482138,35.28412641351895],[133.59575270501594,35.30063486112103],[133.6115395332791,35.34292024482914],[133.98842246524308,35.25186922367368],[134.0742379612204,35.32322695511679],[134.23559418214552,35.28374899785839],[134.3216690609441,35.35493611712547],[134.44545926408668,35.37060767761276],[134.4617180156138,35.412782961540714],[134.58562738079908,35.42831598821281],[134.60197357842083,35.470471714219414],[134.97829367600744,35.3764604426748],[135.06514257580233,35.447132542659396],[135.1892231919036,35.462070456993146],[135.2059011753574,35.504146180265025],[135.25963541750585,35.490527536170994],[135.2095773526857,35.364311143299986],[135.2465390582237,35.308618047339614],[135.46080046391555,35.253930258103416],[135.5479471354179,35.32427330068699],[135.76203965437546,35.26907202565927],[135.84947272754067,35.33920492519151],[135.97352750652598,35.35336988444443],[135.9906028148726,35.39534294554906],[136.11477171640544,35.40936804228807],[136.20077180535924,35.61909730515786],[136.11064380747362,35.689061933707855],[136.26631521824066,36.06647015048434],[136.32024921775945,36.05240337476995],[136.40906669671753,36.12211930266582],[136.53447211119408,36.1357258127186],[136.62241476354626,36.34509944380953],[136.74821850570675,36.35849401512557],[136.94416281992454,36.8186633108022],[136.85330707324945,36.889129150842585],[136.83464373639748,36.987089051838886],[136.78014783393618,37.00137094705844],[136.81593270215006,37.08504520287559],[136.94298432047094,37.098246123327804],[136.97899237227185,37.18187427943361],[137.0335795062877,37.16750821765384],[137.12433864969395,37.23670618222811],[137.2516945239327,37.249602070035145],[137.26989310274004,37.29137378258876],[137.3245034741859,37.2768844760224],[137.2698882639617,37.15158453217929],[137.1426922696678,37.13870665123999],[137.01645437144873,36.84612051875794],[137.10710979897695,36.77553874270218],[137.05320324829512,36.65013987046974],[137.08944418653851,36.593943534326435],[137.46807273014056,36.4925631576301],[137.5402441593343,36.5197262802919],[137.63135405876034,36.72837050041641],[137.68549688809995,36.71372742303901],[137.7763048431818,36.78246788446254],[137.90301492747247,36.794719938553456],[137.9214592295968,36.836400485097705],[138.04828105616795,36.84850876364294],[138.06681702540737,36.89016800811065],[138.1937502389196,36.90213229730312],[138.2123780339871,36.94377015861164],[138.33942227584532,36.95559024458529],[138.3581420546649,36.99720664104139],[138.48529696301142,37.00888230988002],[138.50410888270844,37.0504771591801],[138.6313740924163,37.06200819692609],[138.72610069321726,37.26984540783622],[138.85376399992052,37.281156281643376],[139.02622804233636,37.65491572485292],[139.08075606150098,37.63968451044652],[139.17392146821743,37.707425179677074],[139.30238451835956,37.71829225020595],[139.32181869534682,37.75976644341727],[139.4503911362806,37.77048696182175],[139.82511028129701,38.55763719400077],[139.95511684523024,38.56786017024166],[140.05540655686215,38.77475946681471],[139.96514919168337,38.84741790579146],[140.22811522063554,39.38529529035263],[140.13728534183252,39.458097289968],[140.19841877681876,39.58222142153031],[140.1630920907222,39.639314304213364],[139.88398833791317,39.71757575887501],[139.90427316915438,39.758999040968845],[140.0364007466563,39.76914958885101],[140.17957104430374,40.05892531769032],[140.08786278932618,40.13173229722539],[140.07269611929448,40.23023608075254],[140.01645534990112,40.24590468140712],[140.1604780980823,40.535828839968175],[140.21691035331548,40.5200951547488],[140.31478687691634,40.587123416326236],[140.44846376148777,40.596873141191715],[140.51107758969633,40.7209802476915],[140.41886912608572,40.79406336157607],[140.48160184135912,40.91821200727009],[140.615907339536,40.92779922916396],[140.63694464060288,40.96915927245897],[140.6936086539043,40.95321785244797],[140.63048574111704,40.829162826032494],[140.72252667098437,40.755932241637275],[140.73692725226408,40.657303859575975],[140.90605624054746,40.609301238222656],[141.00468047072184,40.67583230215853],[141.1736757618711,40.6274924790749],[141.25125061313724,40.65258129079946],[141.40097380442023,40.94128073547399],[141.36593361804302,40.99876509945451],[141.19620460227438,41.04736675571092],[141.09690309345913,40.9809472470177],[140.9624376198988,40.97183774332107],[140.9412151580743,40.930528452796246],[140.88462300921827,40.9465732257003],[141.03349456871246,41.23578057554154],[141.43045546186693,41.122498015064124],[141.44396974991741,41.023753681218786],[141.5004977054227,41.0074733418588],[141.39305423231852,40.801329544357195]]],[[[142.2377485299799,45.08876558231873],[142.25088074984004,44.989149371457955],[142.42952032990584,44.93882736826629],[142.44234992506054,44.839235557033],[142.62046616163244,44.78869385127876],[142.59708919750548,44.747345542201],[142.69222238121003,44.67222982509313],[142.70462855352966,44.572686717230525],[142.76373932379659,44.555765849024894],[142.7760230499536,44.456247017425554],[142.95292239075283,44.40533846416298],[142.96491103453084,44.305841913716165],[143.25873791666,44.22051344243753],[143.2702616865707,44.12103740151354],[143.67981435029634,44.00057606786691],[143.69070717275082,43.901119332928275],[143.74901472457526,43.88381553530725],[142.70762617284288,42.03548867561232],[142.4220668955828,42.11929585394101],[142.40969402106634,42.218290534041195],[142.0082222702139,42.33462003479646],[141.99524005301237,42.43361272680476],[141.8225354329545,42.4831076306132],[141.7206615355907,42.41700672580118],[141.583420530923,42.40849849402482],[141.56141408899254,42.36720028862264],[141.4242876521644,42.35853402372989],[141.40238818328595,42.31721399772841],[141.26537683150767,42.308389964920615],[141.2000740841097,42.18436309427858],[140.91220079545957,42.265036008677896],[140.8977185410309,42.36390723358362],[140.60878522143875,42.44396915700743],[140.52949537198342,42.41844514931161],[140.4653666070038,42.294048600555975],[140.3285216989929,42.284291164384705],[140.26486054498662,42.15982971327507],[140.35897810919164,42.08671313541391],[140.37414366589687,41.98794559360345],[140.89094683176097,41.844406165590776],[140.8695086450883,41.80303638229185],[140.96254803119223,41.72954771481376],[140.9768148407976,41.63076958341564],[141.1480597473776,41.5824046775075],[141.12655234740225,41.541091385644705],[140.72682054809798,41.65354324120342],[140.64835495331377,41.62811983921202],[140.50021527881546,41.33834061303347],[140.44320817074987,41.35420865280547],[140.34417912868477,41.2872118282611],[140.20924570436657,41.277349674867075],[140.18836284676917,41.23590733987084],[140.1313683349369,41.25164223125815],[140.1940044025187,41.375995380982694],[140.1006431083191,41.44892070703589],[140.12153717632503,41.49038850698632],[140.25685551222256,41.500340588257615],[140.3199227227383,41.624678407018386],[140.2263672230395,41.69771591115096],[140.2895544373812,41.82210382433849],[140.2532011908701,41.87936550541503],[139.96550367918553,41.95801012900011],[139.9497836461804,42.05672680989218],[139.89208640017463,42.07238004181365],[139.99710353189053,42.28007086792934],[139.90236366596633,42.35296194779795],[139.92340659752023,42.394518879764306],[140.06040611813043,42.40468165256048],[140.08155594103616,42.44621809274862],[140.21867650574842,42.45622419308201],[140.2825212539027,42.58077109528311],[140.4199276023033,42.59057919814718],[140.48424366999163,42.7150628918479],[140.56384702577282,42.740626659728605],[140.60695726508752,42.82359434758075],[140.53368001764417,42.938481511954414],[140.4753968968771,42.954405371718885],[140.54013965058454,43.07894998136594],[141.296907592444,42.86966331117676],[141.3769726036596,42.89476507549211],[141.57646212164354,43.267072045713256],[141.48204041749187,43.341182414136796],[141.46813583494094,43.44031737895347],[141.40965203654974,43.45665069962235],[141.47650150089314,43.58088325293998],[141.53507266111285,43.56451740259173],[141.63843038499874,43.63090677960389],[141.77805761490546,43.6393795772881],[141.8457295924196,43.763485012469324],[141.75092575880575,43.837859271901365],[141.86408426709724,44.04482040942378],[141.76891970016783,44.11925657412669],[141.9740053877215,44.49202627037227],[141.87834816702713,44.56662086831576],[141.86476401102428,44.666086291565556],[141.80534406469778,44.68263481605927],[141.87408046132646,44.80704938512497],[141.7640929079617,44.98118024970706],[141.70437937868613,44.997700693153654],[141.77324692414183,45.12227336645356],[141.9158984364221,45.13064167151633],[141.98527864392753,45.25515900272433],[142.04514683131353,45.23850803238834],[142.05858407755193,45.13886693187532],[142.2377485299799,45.08876558231873]]],[[[143.54129887173997,46.260622940259495],[143.50534378770422,46.31935184617076],[143.60166009039511,46.243264118560546],[143.52834535680915,46.11916698743053],[143.4680748321746,46.13648783198399],[143.54129887173997,46.260622940259495]]],[[[140.84584412813567,53.24198364871507],[141.18461190457666,53.15753051967749],[141.20113978180595,53.05397300628294],[141.40362943163774,53.00298739304926],[141.32686203654472,52.87333190677718],[141.16669409482432,52.86401763947717],[141.0399922252341,52.64799200156979],[141.08186424047193,52.58798289069754],[141.28298399685298,52.53732490306854],[141.10619049812877,52.235777729548815],[141.21436428374992,52.15908189183436],[141.23059033989415,52.05624742497002],[141.42994176085531,52.0055800344151],[141.15405531201384,51.53384551251433],[140.9972038491973,51.52443862141418],[140.38749851323627,50.45504478863806],[140.4935810072977,50.37969492182254],[140.42162290663555,50.251757279144606],[140.5273384797294,50.176468704754186],[140.45553679898364,50.048690286192205],[140.56088792795222,49.97346117217209],[140.5775852405733,49.872037735632375],[140.64204526651056,49.8556755683805],[140.61812285686577,49.81316842165084],[140.46542177016008,49.80330909079812],[140.3941446558186,49.675755302427405],[140.4989718875807,49.60071733995459],[140.515669974009,49.49949810181496],[140.57978275049297,49.48319426083025],[140.22673129348675,48.8472071404499],[140.33044611343476,48.77259281978713],[140.12147211246045,48.39180402616256],[140.22459961498143,48.31741895380004],[140.15535047675584,48.19065969010731],[140.00639929179889,48.180409809932236],[139.93770304816564,48.053624116466295],[139.78908947418148,48.04316008222435],[139.67565434309617,47.831826752188114],[139.52757164797217,47.8211077596076],[139.46014093835632,47.694293017882906],[139.31239505729468,47.68336249681865],[139.02434600476215,47.133958832772606],[138.87789118958008,47.12261392437602],[138.81236348056856,46.99585439358815],[138.66624225436644,46.98430209544465],[138.34364596504855,46.35065227927649],[138.19898208851225,46.33865671951961],[137.96719828335495,45.87419926333874],[137.82360254041248,45.861845943025],[137.67836656733903,45.56631930762119],[137.6172184440704,45.581131695626716],[137.51490804300556,45.51146235529732],[137.37214868135126,45.49867091516589],[137.27020156628657,45.28747938091777],[137.1279496198284,45.274452201647996],[137.0673505736254,45.1477100234326],[136.92542378758543,45.13448571092914],[136.8253662747231,44.92320215054586],[136.6839441622912,44.909745041877756],[136.58494051867697,44.69842467284638],[136.4440211882034,44.684736407791824],[136.38517397049776,44.55791487186276],[136.24457771224996,44.544032862577524],[136.14741633279388,44.332613592558666],[136.08702872225638,44.34671999521043],[135.98804657100678,44.27620737128387],[135.84809545896502,44.26194053504252],[135.67646763295778,43.88119999759934],[135.5373654506717,43.86663763481587],[135.40576530382864,43.57047693141736],[135.26733109974518,43.55565651866673],[135.17443725165552,43.34407168329485],[135.11470124854196,43.35772874765379],[135.01806829136345,43.28669955459622],[134.88027038520156,43.271504144860735],[134.82538257172234,43.14447197321667],[134.76574779081483,43.157973508840975],[134.66973577534122,43.08673207794268],[134.5324011011955,43.07119814060003],[134.51434208343983,43.02882456289305],[134.3771534676803,43.01313867165247],[134.35920163866342,42.970749835069086],[134.22215945701956,42.954912298527645],[134.16868850317104,42.82770389602761],[134.10919578773434,42.840914763063886],[134.0142679777748,42.76926578732319],[133.8776904066618,42.75309357102144],[133.8601006156558,42.710661869107646],[133.681679566798,42.749811462766694],[133.5873027371104,42.677882160074745],[133.45099820288107,42.6612910121532],[133.43368446969276,42.618812630950636],[133.29752852871954,42.6020716808557],[133.28032029808247,42.55957870202493],[132.86385578016763,42.64879843831901],[132.83819474513987,42.74656363400292],[132.53965482057342,42.80948528603669],[132.44635697908728,42.73677247537967],[132.38663049869035,42.74923821244889],[132.5040958919305,43.047593990443424],[132.46094658680056,43.10272894286582],[132.28078818063514,43.14009463790418],[132.18732169980606,43.067160029073044],[132.12727223552494,43.07952160094825],[132.79149050849304,44.74543390613253],[132.93172317926923,44.76275611472629],[132.98440884551732,44.891011708325856],[132.87895465473423,44.95928437108406],[134.18162090069526,48.00589811924452],[134.34834358711498,48.06507667867187],[134.3870080870442,48.1512091031593],[134.2778473036329,48.22132505894389],[135.25463989124415,50.340724299015505],[135.40760290644883,50.355936439524335],[135.46978930727337,50.486191119101434],[135.62314151839962,50.50119624163493],[135.68589553174542,50.63146868245654],[135.83963743557143,50.64626556434854],[135.90296289995342,50.776556223068276],[135.96942176265307,50.7621538135565],[136.07836690312618,50.83457195777092],[136.23267470842754,50.84898494058376],[136.296983150696,50.9792642147659],[136.45168125377165,50.99346564901772],[136.51657096028276,51.123763747466285],[136.67165979368812,51.13775236151194],[136.7809305721279,51.35499022089028],[136.93662781577189,51.36872707103361],[137.00286873771958,51.49911553726698],[137.15895830459817,51.51263651559673],[137.2705009208363,51.73002944534999],[137.42720255911303,51.743294528966445],[137.4948185536362,51.87377872195016],[137.6519140263899,51.88682479059227],[137.76576853895128,52.10438177550128],[137.9234796571657,52.11716768217579],[137.99249493715982,52.247753024981094],[138.1506013144937,52.26031667899318],[138.22023123580834,52.39092615446602],[138.37873316578975,52.40326615700513],[138.4489817848311,52.533900185566125],[138.60787954055223,52.5460151221035],[138.63147133073306,52.58955839271944],[138.81427659951322,52.64502075185973],[138.90954301190078,52.819246936166735],[138.9774160322992,52.803316192178464],[139.09324355974255,52.8744674898806],[139.25310416843857,52.8859415056997],[139.37421332179923,53.1037850339621],[139.5346966885863,53.11498524106348],[139.55913119214947,53.15856261380362],[139.76323617490223,53.10970518541257],[139.8558298947243,53.136886401090216],[140.02916869544666,53.44183503269308],[140.2156266090825,53.4959618885975],[140.26575438552788,53.58315990192265],[140.47067011974548,53.53320660798718],[140.4884558555231,53.429434962637],[140.8286906481168,53.34564785350586],[140.84584412813567,53.24198364871507]]],[[[142.25205402577922,45.85319849665438],[142.2285371499866,45.8116589528901],[142.04748076645052,45.86185761982942],[142.03388578666483,45.96171924739146],[141.97338385776092,45.97840269168058],[142.0437275553844,46.103219653317325],[141.94589189764292,46.178219628307986],[142.01639092964277,46.303133503310484],[141.91823912960618,46.37816563315503],[142.22629002056667,46.920040769601954],[142.12747806595897,46.9953821535837],[142.1137736529921,47.0956492150713],[142.05227800512031,47.11243328527448],[142.12394816418796,47.23771743986832],[142.02455809383042,47.31308021028435],[142.337765073411,47.85666206342426],[142.23769908607852,47.93236017957829],[142.31059329901325,48.05796935886493],[142.21019619560542,48.133713822741036],[142.19638273057296,48.23445443100379],[142.13386027327306,48.251351967553354],[142.11990756153435,48.35213748151876],[142.05725585250312,48.36901126269043],[142.04316301514967,48.4698423694744],[141.98038160590167,48.48669236741763],[142.24945766113558,48.949038185301994],[142.1476416832873,49.0250484071854],[142.3205751925027,49.31976842555265],[142.2182703137895,49.39596573439114],[142.34255657691605,49.60678745181485],[142.2398319530536,49.683111164970946],[142.36472986068665,49.894228097333915],[142.2615820557283,49.9706823574999],[142.33679451623956,50.09751968511036],[142.23329481664396,50.17403851629756],[142.21908541340227,50.27579934921405],[142.15461416689314,50.292878188440085],[142.22998943831604,50.41999406571345],[142.1258547529307,50.49657599464584],[142.4043315359218,50.96353044809866],[142.29953228619735,51.04047584050501],[142.2852372858909,51.14275366427125],[142.21992270875592,51.15994715894419],[142.2054761236036,51.262291787870666],[142.1400203739541,51.27946338998621],[142.12542120276092,51.38187573173741],[141.92852508022204,51.433245148592974],[141.95391151715972,51.47593604489917],[141.84774807504292,51.55280980148068],[141.83262453492205,51.65536962225252],[141.76667270833005,51.67242202416267],[141.84289358159262,51.800793435677946],[141.736064018684,51.87774969474046],[141.81246656821853,52.006308668602436],[141.70526025850472,52.08334784144994],[141.98757495702677,52.55579874993181],[141.87966052968804,52.63325172693012],[142.0091577335886,52.84855235485588],[141.9007757961602,52.92618256446009],[141.97876823120353,53.05559889020548],[141.86999824733437,53.13332526422623],[141.8960241024164,53.176525856609835],[142.05707666512794,53.18509898593159],[142.08325001369352,53.22828454933694],[142.42027944630252,53.141129699539164],[142.5140134580947,53.16670944346711],[142.64674174367892,53.38231111909893],[142.8084090660373,53.39011110067986],[142.88881529510806,53.51950993291313],[142.78036974503883,53.598151672297405],[142.86098202020963,53.72777351176065],[142.82005517179198,53.78877579225162],[142.6162161731964,53.84193727378553],[142.6018041094396,53.946266830840706],[142.46549093188682,53.98158771953677],[142.42402009013648,54.042608312355604],[142.5873446500329,54.05068244818191],[142.61423876928924,54.09406903307465],[142.81888883654466,54.0408020429105],[142.8329659670928,53.9363734610387],[143.03692538393412,53.88288662374235],[142.84804867133985,53.580420498548236],[142.9563806538809,53.501742120786],[142.97011545898278,53.39774216363853],[143.0375294323538,53.379955418722496],[143.05110623229643,53.2760445649995],[143.1183693925713,53.258238881837585],[142.98431371103746,53.043244102891464],[143.09157315548703,52.96478827841847],[143.1049750117018,52.861191880722124],[143.17178894828308,52.8434172191794],[143.1850362187081,52.739904599894246],[143.25170184231763,52.722110666799594],[143.2647955798634,52.61868073266365],[143.3313134470323,52.60086752557125],[143.25116743864274,52.47256613383866],[143.35715444936721,52.394244202951775],[143.0655829215945,51.924867678664796],[143.17089854513,51.846962698757174],[143.09199835638296,51.71922871290563],[143.1313758025957,51.65905045767225],[143.32798689387812,51.60604889249774],[143.19663162904962,51.39365718593396],[143.23571544752807,51.3335757126188],[143.43125874249472,51.280548560399026],[143.3525346023775,51.153404723968265],[143.45626495969657,51.0756813610392],[143.46870922966747,50.97334146159889],[143.5335029128688,50.95563059249479],[143.54580338336055,50.853357615683564],[143.61045714895218,50.83562634217857],[143.62261477604935,50.733419383438545],[143.68712913637972,50.71566771152169],[143.6085877584578,50.589083058028976],[143.71112316317007,50.51144301390536],[143.63277978831115,50.38501835237352],[143.73496813192048,50.30745136830468],[143.74683515206112,50.20554117898625],[143.8107985366702,50.18778955481932],[143.8225266067606,50.0859403874623],[143.88635331368582,50.06816813383306],[143.89794335032835,49.96637914468655],[143.9616338759748,49.948586268629164],[143.9730867890265,49.84685662228659],[144.03664162756792,49.82904313065663],[143.95848546936472,49.70325664598406],[144.05924021456033,49.62575394000929],[144.0704874706296,49.52418829307166],[144.13370637904066,49.50636334801724],[144.14481926125552,49.40485389700859],[144.20790428976505,49.387008235243236],[144.21888367940096,49.28555418386731],[144.2818353112075,49.26768781233121],[144.2038756918494,49.142387774671725],[144.30349577687014,49.064938493838945],[144.31427654336034,48.96363755183462],[144.37689822484646,48.94575891948464],[144.35094513447044,48.90407006309088],[144.2883557171702,48.92193417886798],[144.27754221719874,49.02321293675734],[143.71184016573204,49.18289979040673],[143.59766039834656,49.11678763174395],[143.44618134831066,49.11000137830284],[143.42074957692373,49.068118259229834],[143.26939995725763,49.061153153164284],[143.244098244435,49.01924972485524],[143.09287879606492,49.012106135771695],[142.66923155128507,48.29994715102889],[142.769357349461,48.22383463370903],[142.4996160240202,47.763927491443134],[142.53722280003774,47.7051333819578],[142.48856967585385,47.62158921589384],[142.56357867002174,47.50407949892737],[142.62530291990285,47.48705314153858],[142.63832716612612,47.38658675190264],[142.6999254089198,47.369536775330594],[142.7128164345328,47.26911035507496],[142.77428910305304,47.252036784079685],[142.78704773797898,47.15164969356332],[142.9709974560857,47.100284003841466],[142.94660636005943,47.058682504695255],[143.04459808832272,46.98276800290808],[143.05690768783867,46.882460073862724],[143.1179445407454,46.86526659110697],[143.04484387957578,46.74065252794072],[143.1422695191995,46.664761082996186],[143.15437844905276,46.56456122571331],[143.57883164093184,46.44354546641785],[143.50534378770422,46.31935184617076],[142.7170777629326,46.542644049301046],[142.60824480954685,46.47650754276019],[142.4626946824119,46.46880005877795],[142.1548014361331,45.928278591644975],[142.25205402577922,45.85319849665438]]]]}},{"type":"Feature","id":"video-289-14","properties":{"year":289,"kind":"regime","regime":"林邑","name":"林邑","is_jin":false,"is_western_jin":false,"source":"史图馆《中国历代疆域变化第十五版》用户本机视频年末帧","source_frame":"work/jin-video/frames/289.png","source_video_url":"https://www.bilibili.com/video/BV1bc411D7WB/","coordinate_system":"WGS84 longitude / latitude","fidelity":"source-colour-vectorized","boundary_evidence":"按视频可见政治色块及外轮廓提取；文字、河流形成的小空隙闭合；不是逐县控制证据。","classification_note":"绿色区域位于晋最南端；其下方白地另标西屠，不能把西屠名称移给林邑。","source_timestamp_seconds":217.933,"source_frame_index":6538,"source_frame_sha256":"64fed4ad0a10129942af896e122f961bdcf2883bef2ee723acaf7d2de32b0288","source_video_sha256":"3cb314543d4b8cbc135df61cb5330dc41729f1efb55bad66a3f321b4bf66f46a","source_label":"（林邑）","source_colour_rgb":[164,203,42],"source_hsv_ranges":[[28,54]]},"geometry":{"type":"Polygon","coordinates":[[[107.61144821705636,16.055093223007624],[107.61031886005796,16.008508333049335],[107.6556714602017,16.00695638361731],[107.6986850768665,15.91218240742093],[107.74399393128655,15.910587869800247],[107.78688619725551,15.815729923905485],[107.87616820721428,15.765797842772953],[107.87243458934543,15.625824733303855],[107.91761525333835,15.62414555134138],[107.96022964507027,15.52907694383785],[108.00536668339072,15.527355296201181],[108.0478608692087,15.432202151515424],[108.09295429563771,15.43043807328995],[108.13532858375086,15.335200258765965],[108.22402926069928,15.284823959652222],[108.22263311050176,15.238071166186497],[108.35764700497772,15.2324604288601],[108.40117276610778,15.183784662630421],[108.39675388689425,15.043430974730978],[108.48507994378565,14.992736675481039],[108.48055650167782,14.852252522755714],[108.52539198575579,14.850277319341618],[108.56713682520714,14.754570295187916],[108.65513680937799,14.70364271235957],[108.65355585513674,14.656760167877438],[109.05622835903564,14.637455180292935],[109.05798888859164,14.684335149234501],[108.97020129956596,14.735644590283588],[108.97537708151688,14.876186023136814],[108.88738813463698,14.927368589996929],[108.89585222691535,15.161331168398043],[108.80592655626242,15.165606223840141],[108.76259789439482,15.214472177288062],[108.76751749064012,15.354688428261207],[108.6774194387125,15.358837392623355],[108.63553340058846,15.454304786658696],[108.59043944377876,15.456326282087057],[108.54843398041841,15.551709386489133],[108.45966283668378,15.602322270242318],[108.46419073921462,15.742285996212733],[108.41896794349049,15.744223372624557],[108.37668727707094,15.83939629790032],[108.33142031914032,15.841291278986558],[108.2890190798699,15.936380498883555],[108.24370794414448,15.938233049075134],[108.20118581907998,16.03323869413189],[108.11182975624679,16.083409405174656],[108.11590567865855,16.223062817142363],[107.88868697807072,16.231688017281737],[107.84076703823189,16.14025390039149],[107.70453703847959,16.145105040560463],[107.7033645255364,16.09854147004203],[107.61144821705636,16.055093223007624]]]}},{"type":"Feature","id":"video-289-15","properties":{"year":289,"kind":"regime","regime":"鲜卑诸部","name":"鲜卑诸部","is_jin":false,"is_western_jin":false,"source":"史图馆《中国历代疆域变化第十五版》用户本机视频年末帧","source_frame":"work/jin-video/frames/289.png","source_video_url":"https://www.bilibili.com/video/BV1bc411D7WB/","coordinate_system":"WGS84 longitude / latitude","fidelity":"source-colour-vectorized","boundary_evidence":"按视频可见政治色块及外轮廓提取；文字、河流形成的小空隙闭合；不是逐县控制证据。","classification_note":"","source_timestamp_seconds":217.933,"source_frame_index":6538,"source_frame_sha256":"64fed4ad0a10129942af896e122f961bdcf2883bef2ee723acaf7d2de32b0288","source_video_sha256":"3cb314543d4b8cbc135df61cb5330dc41729f1efb55bad66a3f321b4bf66f46a","source_colour_rgb":[233,188,31],"source_hsv_ranges":[[19,31]]},"geometry":{"type":"Polygon","coordinates":[[[80.25369845550954,45.01427372706194],[81.18038730919157,42.389019152845236],[81.36108916937627,42.419904044646096],[81.28819889995248,42.634874480908174],[81.39453305547423,42.698418997420404],[81.4259334708142,42.79470012220328],[81.72908022667181,42.84554180647441],[81.70024758229656,42.93166989348085],[81.74659025815237,42.98484774411795],[81.86821234107644,43.00498957593393],[81.94335257680939,42.97192487711897],[82.30852259835017,43.0315121425984],[82.34130888223551,43.12764364729903],[82.64651700356843,43.17650602162293],[82.67982860339959,43.27258548297937],[83.23103918684951,43.35873985967194],[83.26523022916201,43.45471430402698],[83.69548237181482,43.5201283786317],[83.68214007914196,43.56344810196839],[83.79200021739851,43.625245050371674],[83.82708390487723,43.72113636222228],[84.01229782098369,43.748604574432335],[84.04774299550948,43.84446726022682],[84.85313730273964,43.9604932367932],[84.92785828145603,43.92575297894804],[85.04108287841385,43.53462694048458],[85.47338131942502,43.59455588881746],[85.55960551998905,43.51602513547136],[85.74492390064277,43.54118210366594],[85.83078124699603,43.462493151773835],[85.96621476445333,43.435531823238],[85.97813244397157,43.39201726533387],[86.16327251190916,43.41661128854971],[86.24851352193971,43.33768683591778],[86.43360429349116,43.36191846870594],[86.51847823986019,43.28283807566545],[86.58014394212525,43.290821867613104],[86.66476942949313,43.21166404521853],[86.79940232943498,43.18390805497094],[86.83345493713846,43.053232986992406],[86.89495648397408,43.061073386774396],[86.97895822437395,42.981761630070075],[87.53253873062955,43.05075632622367],[87.57235805610797,43.1455230056382],[88.00425891232021,43.197546520671324],[88.04479114054297,43.29220513269675],[88.8496676103378,43.38504465243928],[88.99378553677225,43.31142209497809],[89.73796614377406,43.392213036982334],[89.81914167833102,43.31115670009453],[90.99956572751583,43.4302390752922],[91.04422549737588,43.52402685672407],[91.48070067176248,43.56524698096317],[91.52608498077139,43.6589072123485],[91.71355966188848,43.67609825378765],[91.79277642139189,43.59385526999155],[91.98014216841132,43.610685912566154],[92.0589751651919,43.52830410515195],[92.24622936691718,43.54477500654202],[92.32467875936432,43.46225523401951],[92.63662595682759,43.488968923372774],[92.71455778575336,43.40624030584766],[93.27603747211876,43.45224620690601],[93.35318027575119,43.36916844851854],[93.54029646050738,43.3838952478296],[93.61705486113625,43.30068365239522],[93.80404392290397,43.315053669173274],[93.88041818216901,43.231709074206876],[94.01190742606784,43.197038596925076],[94.0188233112654,43.1530012761433],[94.20550249163774,43.16682696494676],[94.28124609639835,43.083288248314815],[94.41226406072875,43.048249520228566],[94.41891764840028,43.00420588935741],[94.85387451312873,43.03481198878941],[94.92871515788246,42.950943669053146],[95.36355507409705,42.97994656018279],[95.43773690121492,42.895813329474365],[96.12098441731949,42.93826050976684],[96.19422638566654,42.853731085157435],[96.32385702885581,42.81690893408989],[96.34019011767832,42.684597362934014],[96.40213368664551,42.688188981121336],[96.47478683106665,42.603551334938885],[96.60381893616773,42.56648396022848],[96.63005174916128,42.346027978607914],[97.43215012694108,42.388843991477785],[97.56495013520443,42.306781889551374],[99.66449557314138,42.3945904171702],[99.66112856171071,42.438773824465954],[99.78156170510991,42.48713358354979],[99.83694339999207,42.57757203796144],[100.02291598758868,42.583548968443594],[100.01344169857266,42.71618010751369],[100.07242684089726,42.76234047003794],[100.25890001912532,42.76800132172773],[100.31510559272981,42.858293693111264],[101.12451340503652,42.8795873314203],[101.19167380138282,42.79252983121234],[101.62716969160036,42.801821516599055],[101.69364305275104,42.71453412246648],[101.8800921975538,42.71800605424428],[101.94617843412523,42.63061106295441],[102.07222340958899,42.588481352013886],[102.09281481621646,42.102015569354904],[102.21784826763611,42.059790907273026],[102.23555333988895,41.61789523208899],[102.1149629099153,41.571761141105426],[102.11862276321611,41.483425727001865],[101.99833048786748,41.437197084428504],[102.0002291265753,41.39303792613671],[101.88016217738819,41.346710440567456],[101.82319117350785,41.257284268973805],[101.6404883187251,41.25374626826518],[101.64259941356629,41.209603257187275],[101.52306382102593,41.16297150931088],[101.46667522135036,41.07341752453174],[101.2844525815766,41.069400573904396],[101.28677391249322,41.02527375191506],[101.16776891514648,40.97833955741597],[101.11195901396468,40.888658718619865],[100.81427286401585,40.792820016640285],[100.75903794534656,40.703013252928585],[100.57778204261832,40.69804633800398],[100.58051722327684,40.65395197221705],[100.46257093587522,40.60641823306987],[100.46537198911845,40.562330641434734],[100.34764778571673,40.51470080424616],[100.2931931689377,40.42473106022882],[100.11265826675358,40.41913946728625],[100.05856212932179,40.32908352222552],[99.87828079750406,40.32317709398693],[99.88142106406463,40.279115211080736],[99.76452986423435,40.2309888945505],[99.76773424103537,40.18693359584578],[99.65106362295288,40.13871238056978],[99.59773692784273,40.04849547320928],[99.53788130152404,40.04634766300799],[99.55449955767321,39.82615160308912],[99.61417754337339,39.828291607691774],[99.6803370648938,39.74233090536836],[99.80273104057675,39.70243338745341],[99.80588989447654,39.658396973023706],[99.98454953575937,39.66439837813249],[100.05013358348283,39.57826521810398],[100.17205741020757,39.53803291486353],[100.17499040261667,39.493993330131296],[100.35328272200933,39.49949823117365],[100.41829392865519,39.41319392786242],[100.47766307092697,39.414946430548646],[100.54245623497059,39.328586149836504],[100.66370380989571,39.2879093876684],[100.66633651393757,39.2438667653029],[101.555187397479,39.265697729050494],[101.61859977727426,39.17882392614755],[102.2699669673923,39.190723927078245],[102.26828380484909,39.23479129894982],[102.38519005174436,39.280681501230326],[102.38357304895659,39.32475275585322],[102.50069155779258,39.37054352291106],[102.55702979133918,39.459515851488476],[102.85425380481863,39.46321937506794],[102.91108565994405,39.55204635822268],[103.08964805748589,39.553872193774765],[103.14683115105773,39.64260377720964],[103.68320615838563,39.64640829095936],[103.74443826020816,39.558511877356395],[103.92302906346363,39.55921672129331],[103.9839055334908,39.47121561071365],[104.10342801111616,39.427407592979684],[104.10522693196407,39.29514562335091],[104.22439561859848,39.25123346067949],[104.22597603320426,39.11898443608216],[104.34479258138843,39.07496827780294],[104.35335022324087,38.237598209671766],[104.47070666053087,38.193484348530134],[104.47183480791642,38.06129133668464],[104.58884886042614,38.017073030900114],[104.58976852460582,37.884884209150144],[104.70644177467204,37.84056158781048],[104.70951407523623,37.26776716820995],[104.65203394281805,37.223851308930726],[104.47888923099312,37.22413057018401],[104.42197410275196,37.13605179970936],[104.24902780736258,37.136021957882534],[104.25052224014748,37.00384258076268],[104.53826942632527,37.0037603757092],[104.59641603375083,36.915543894133506],[104.71161423185379,36.871216518992206],[104.71184624585548,36.82715429642963],[104.8840956751986,36.82656248536677],[104.9417119036971,36.7381877754445],[105.1137597650115,36.7372871039231],[105.17104582752103,36.64880793660985],[105.28560971928593,36.648027719963366],[105.39984742133,36.559015974474754],[105.45706171523676,36.55853618733789],[105.5138218101531,36.46990038787733],[105.57096936434155,36.46936953607381],[105.62753349571777,36.38068109450766],[105.68461431584205,36.38009929277792],[105.74098308793491,36.29135822677258],[105.85459052146527,36.24599998064319],[105.85417119664505,36.20193191515532],[106.13889746464983,36.19825995230561],[106.19461436635915,36.10931349033189],[106.25149042858175,36.10847757549833],[106.25601689154749,36.41693872488069],[106.37093348378387,36.45924926543062],[106.37164897527501,36.503311651804715],[106.4867573404318,36.54551690175331],[106.54558235889385,36.632670540827874],[106.71735126089185,36.62961428448491],[106.72470148737582,36.9820718912333],[106.84072137195194,37.02395455151314],[106.8436968684297,37.15611879173885],[106.90236910017349,37.199046169029685],[107.02651442139015,37.549137982743865],[107.08559238788108,37.59198206329012],[107.20153268196431,37.589485949369184],[107.08673221447307,37.63603489087055],[107.09130474659807,37.81224816362084],[107.20879506910666,37.85379958858885],[107.26946370407532,37.940614791163455],[107.32769828441873,37.93929724512838],[107.33673058452034,38.247675103922084],[107.45503347752661,38.28900797141277],[107.4618803262323,38.50929053384345],[107.5219600409478,38.551944358756536],[107.69806319171386,38.54757252826004],[107.70260846024846,38.67974449228043],[107.82179302830089,38.72075161223515],[107.83616600207817,39.11730953689948],[107.95612271970406,39.15820406449723],[107.9611632384158,39.290407340028054],[108.08322363896588,39.37526210520908],[108.0938054006463,39.63970761712443],[108.2147492487474,39.68038162095503],[108.22028754093431,39.81262245159023],[108.34158352969808,39.85318667114642],[108.35316114784237,40.11770951383187],[108.41506711788823,40.159996287363555],[108.59495402042963,40.15441617205601],[108.59912337141745,40.24259980616071],[108.66127562409483,40.284777489396305],[108.78139378042698,40.28086303061646],[108.84592026415646,40.367051641097135],[110.40791703661955,40.305606865553365],[110.46152872504803,40.214765563231786],[110.88105370985721,40.19495104260888],[110.93400142013148,40.1039310164051],[110.99383878666121,40.100969648527354],[111.04657999534797,40.009912821845326],[111.16247800193358,39.95983461262999],[111.1552703581921,39.87178226268652],[111.21127812870328,39.824700338678625],[111.27821881064362,39.90965802789416],[111.45720131341187,39.90023339751989],[111.51303812841212,39.85302372024258],[111.49403698069021,39.632971432051995],[111.55347110071175,39.62976077214483],[111.60519092089314,39.53851939216498],[111.78323619585073,39.5286594045519],[111.8346036274964,39.437335411360046],[112.01237540863875,39.42716858678195],[112.06339163168875,39.33576242921765],[112.12256291595615,39.332297946481255],[112.19009802049456,39.41676345847853],[112.36777034492756,39.406120131094674],[112.43565103463217,39.49046442578982],[112.85046393212824,39.46448978701501],[112.9189454033831,39.548589166395686],[113.09682269718029,39.536967709954816],[113.11104765842882,39.668830783647515],[113.23463351602332,39.70488959259817],[113.23946208386553,39.74884325885502],[113.36324387373631,39.78478483086745],[113.36815406061903,39.828736561540154],[113.49213192478162,39.86456063831912],[113.56171345542161,39.948352517287674],[113.74044737201885,39.9358654764067],[113.81037777755742,40.01953249443194],[113.98924100753565,40.00671148096732],[113.99453885543512,40.050647448508215],[114.11919119728107,40.08589437638237],[114.18969364822813,40.169373305178986],[114.36885270230026,40.156042306505626],[114.37438777540432,40.19996882612578],[114.49947371234471,40.23486573251813],[114.57055021202736,40.31815505324919],[114.75000074422047,40.304311973690034],[114.8214282005321,40.387473668946456],[115.12067540427562,40.36370699479853],[115.1925800062813,40.44667545846026],[115.61163377350427,40.41205428874059],[115.68414000806978,40.49476257420929],[115.92366885809794,40.47426132331344],[116.0565116562651,40.551580991066324],[116.23623031593992,40.53574616487026],[116.25630147942923,40.66732565742195],[116.32303845774649,40.705844447675766],[116.50307718705696,40.68965043176296],[116.53744181613925,40.9089290864058],[116.66474742874122,40.94182071179305],[116.74196335909515,41.42435758559764],[116.80965512089492,41.46267115828062],[116.99146234870457,41.44580974738685],[117.06657449893065,41.52786708478713],[117.18785744723742,41.516423037888586],[117.2025660532002,41.604149637805094],[117.33884440222978,41.680304536208965],[117.39959677170918,41.674473380311404],[117.41459482797029,41.76219710684475],[117.54380052495088,41.79429685470051],[117.55899896039028,41.88202049791731],[117.69617884042087,41.95784985951852],[117.72705401999173,42.13331854765159],[117.88057033839401,42.29675559356521],[118.01888373869467,42.37231285580365],[118.1414376818001,42.36000369698959],[118.21882359868322,42.44153705023892],[118.34146122231708,42.42904816595859],[118.39458618742958,42.378909312273564],[118.88432260675688,42.32768049362424],[118.92850518190805,42.23353147293027],[119.0506606127035,42.22041540208991],[119.12031831576486,42.25761405606942],[119.24247930592175,42.24432677462101],[119.29483673442097,42.19385817355223],[119.5998007027422,42.16005278827723],[119.67861801464674,42.240728908718516],[120.04455642904732,42.19905467505332],[120.18492446595641,42.27240316824967],[120.36787816539574,42.25101178625561],[120.37724556775508,42.294729679908414],[120.44765710342651,42.33125634695356],[120.56968568198111,42.3167876348304],[120.64976366957504,42.39692379541131],[120.77186284927657,42.382273963745945],[121.03547439170518,42.44001382412244],[121.04527419725672,42.4836995045147],[121.17732346168867,42.512374839110116],[121.19712830353345,42.59973993524797],[121.6658320453708,42.720894845568836],[122.03298390321703,42.67388986348524],[122.0732101955586,42.57871796907106],[122.3173642148837,42.5467762168508],[122.35714109835149,42.451543776280424],[122.41805982238854,42.44347485692053],[122.56855952802181,42.28842038053683],[122.54717534788901,42.201307962634566],[122.66853172137509,42.18498232516873],[122.75078693320182,42.26385974174771],[122.87220233601622,42.24735229647316],[122.92197700896529,42.19553339415823],[123.00452254981211,42.274259976870724],[123.24721390728463,42.24068918723338],[123.33016790568041,42.319225653684164],[123.63349270277837,42.27647309730552],[123.76614762131562,42.302647565737],[123.78904249301424,42.389578467627864],[123.7283294985699,42.398252623333384],[123.69041032203445,42.49386322513709],[123.58012273081195,42.55459745560229],[123.64853677250743,42.81563024177987],[123.54910827100169,42.91989593704434],[123.652276586202,43.311783875169304],[123.56364510452059,43.45973302114199],[123.62130306991547,43.67766082053641],[123.55945954090579,43.6862828602202],[123.52061654141566,43.78209579108903],[123.40816176980157,43.8428535804574],[123.41963121015935,43.88648316283654],[123.23343125631854,43.91201158370414],[123.00741633214855,44.03301908476029],[122.50916025933401,44.099105801593474],[122.46865416145998,44.19471470067708],[122.35463084611499,44.25468231333133],[122.51926082285223,44.91147302664311],[122.67889859706227,45.02651140896939],[122.75763351899418,45.333364868474646],[122.90723179386295,45.404421930898685],[122.95296472433434,45.57986196680865],[122.25213631597597,45.67035947829465],[122.16637888831224,45.590540628608956],[121.59220469507194,45.66168008113814],[121.50722338214702,45.581469436023404],[120.42063059874684,45.70890033442843],[120.37626975469054,45.80431522067138],[120.18382645626188,45.82589630163999],[120.13906136679763,45.92127307238175],[119.94621696285478,45.94254307115615],[119.90104564543984,46.03788138334649],[119.57890553995855,46.072666945245196],[119.53313764270978,46.16792983203892],[118.69285167710959,46.254759573585815],[118.61057037142578,46.17270257438578],[118.15773298136745,46.217160636679424],[118.07613828056057,46.134809436814],[117.88209830204697,46.15331300380354],[117.73627793774274,46.076895172593574],[117.47763395863923,46.100892184677356],[117.39699468291217,46.01818939735151],[117.2031071228445,46.03576904421636],[117.12287491758019,45.952930313234916],[116.79986752297575,45.981461620185094],[116.72018510416765,45.89841302635515],[116.52646808311256,45.915071749007346],[116.447192750334,45.831889569135235],[116.25359819051461,45.848175933213],[116.17472971227527,45.76486111346202],[115.98126041870105,45.780775879716835],[115.90279854419407,45.69732936060778],[115.7094572991321,45.71287329645678],[115.63140175840972,45.629296012804296],[115.43819132128064,45.644469892172744],[115.36054182543155,45.56076277302321],[115.16746493271,45.57556737618759],[115.09022117403796,45.49173134475893],[114.768608948882,45.51564691553047],[114.69191644427747,45.43161127793782],[114.49906275376252,45.44550624706439],[114.42277564559905,45.36134396977641],[114.23006501293786,45.37487213238333],[114.15418292891218,45.290584119924375],[113.96161799162775,45.30374628477115],[113.8861405414235,45.219333435569474],[113.56540698021486,45.24051737175604],[113.49048118832927,45.155910883914466],[113.29816981361573,45.16817037692162],[113.2236481109651,45.083441271421655],[112.90335099743704,45.103123809283005],[112.82938124893671,45.01820429976972],[112.38118856552492,45.04430835934813],[112.3079203491342,44.959132420268595],[111.85992430322415,44.983585645613054],[111.7873593464949,44.8981565020189],[110.44319889064649,44.962328153972365],[110.37240315256928,44.8761883015562],[109.02762785536339,44.92693089297724],[108.9684738455259,45.01797793174327],[108.5192099637046,45.03187151913962],[108.45074132626421,44.94477067646516],[107.61698248002092,44.96639444870999],[107.55595070662393,45.056853588404046],[106.46353800702352,45.07726205633778],[106.40090749203912,45.16724706024623],[105.56408334031269,45.1768120222419],[105.50019640325097,45.26642239843658],[104.66211580173756,45.27068263913604],[104.59697623200408,45.359908538228176],[101.30565445940428,45.32740756057983],[101.24614406587241,45.236983299933144],[99.89423210408381,45.200967348394485],[99.82309306411629,45.28789050074531],[99.24347426496008,45.26822928649122],[99.17144990226241,45.35484211636928],[98.72032886024755,45.33768649113919],[98.6475776068462,45.42405115525929],[98.06721248448788,45.39959329941385],[97.99358102591894,45.485638428054166],[97.54194247458247,45.4647449927789],[97.46758774517339,45.550534461323146],[97.14477742926252,45.53456370295329],[97.06985398416025,45.620163718430994],[96.35938105179498,45.58207898568157],[96.28343307731396,45.667276527810344],[96.08958009699617,45.6561716369703],[96.01321693517978,45.74124502760118],[95.81920060056439,45.72977100813077],[95.74242177947778,45.81471932636563],[95.03077342352586,45.77000705332556],[94.97923692460003,45.67701807914282],[94.65652558955689,45.65541846331037],[94.57840162836133,45.73971710079287],[94.38465153792876,45.72629907641308],[94.30611437232967,45.81046758139115],[94.2414741157955,45.8059000628872],[94.16267081699081,45.89001119510616],[94.02608665940305,45.92507021512934],[94.01889528869243,45.96943131521567],[93.82461077768721,45.955245062087144],[93.74512573192644,46.039166580052346],[93.55070172594006,46.02460618728483],[93.47080144985233,46.108394683374435],[93.27624075175046,46.093459334017474],[93.00123039300762,46.16180272557269],[92.92049880899104,46.245322273009656],[92.59583940121797,46.219030095112224],[92.51454628803589,46.30233738354157],[91.73554160821683,46.2358001946993],[91.62340288842198,46.13577974551989],[91.17042711981861,46.09469036575779],[91.12391648736475,46.000283604049464],[90.9302306680934,45.98218180688672],[90.93941308559678,45.93799510013653],[90.8196793785482,45.88162178274634],[90.70945099612388,45.781009351930926],[90.71874810483565,45.73686542902779],[90.59954437869358,45.680344476061684],[90.55409346411032,45.58588006559469],[90.48995838763396,45.579627115675244],[90.44472352297001,45.485157317167825],[90.25266377736037,45.466171228539196],[90.20782713583219,45.37165915316691],[88.86838186123953,45.23119235721791],[88.79429170163648,45.268133594967395],[88.7628779399542,45.39999097122659],[88.69908783657304,45.392938878268446],[88.61414356656458,45.4737657697428],[88.55030063530289,45.46664552202498],[88.46509152856935,45.5474016634381],[88.32652449433817,45.57694459153485],[88.31572148125544,45.62089823849479],[88.12391808359044,45.59904169000073],[88.03804639414051,45.67957513420415],[87.7183198906867,45.64237747532286],[87.63192081908078,45.72267723713884],[87.18443689667728,45.66912359292176],[87.09738316423527,45.749106097374366],[86.95783736390098,45.77733635617907],[86.94612919224643,45.821209883661005],[86.81817736061255,45.80543299174142],[86.66650760003736,45.87725417150343],[86.60250454321847,45.86925358349389],[86.51452105990778,45.94893108915107],[86.37433251297226,45.9766100334789],[86.3622174613617,46.020463307517645],[86.16996099721482,45.99595732863341],[86.08131350111164,46.07540126194293],[85.94069333772511,46.102667710777745],[85.92827865232181,46.146502219412874],[85.73582660213417,46.12140462357537],[85.64651419660723,46.20061253836043],[85.45401470883682,46.17513312482375],[85.36430664871735,46.254179813279464],[85.17176292211443,46.22831807147147],[85.08165953378305,46.3072025207984],[84.94017225107947,46.333509187700095],[84.9270744678538,46.37728927455567],[84.73435225102396,46.35083152758493],[84.65687248155133,46.38571220368649],[83.69520118415367,46.249068856669474],[83.58120758833715,46.18673961643552],[83.59512644829374,46.14311412512736],[83.48139978618075,46.080727923289146],[83.49536055001671,46.037127513887114],[83.38189994727036,45.974684382611436],[83.34628809065622,45.878087404593046],[83.15559704621593,45.84956787290501],[83.12036717490975,45.752953872366895],[82.9301167613013,45.72414555889317],[82.89526669998443,45.6275146594894],[82.57900629013348,45.57888311047598],[82.59343400103904,45.53544179438152],[82.48161536691921,45.47238915856721],[82.4475184175832,45.375724802080526],[80.25369845550954,45.01427372706194]]]}},{"type":"Feature","id":"video-289-16","properties":{"year":289,"kind":"regime","regime":"西晋","name":"西晋","is_jin":true,"is_western_jin":true,"source":"史图馆《中国历代疆域变化第十五版》用户本机视频年末帧","source_frame":"work/jin-video/frames/289.png","source_video_url":"https://www.bilibili.com/video/BV1bc411D7WB/","coordinate_system":"WGS84 longitude / latitude","fidelity":"source-colour-vectorized","boundary_evidence":"按视频可见政治色块及外轮廓提取；文字、河流形成的小空隙闭合；不是逐县控制证据。","source_timestamp_seconds":217.933,"source_frame_index":6538,"source_frame_sha256":"64fed4ad0a10129942af896e122f961bdcf2883bef2ee723acaf7d2de32b0288","source_video_sha256":"3cb314543d4b8cbc135df61cb5330dc41729f1efb55bad66a3f321b4bf66f46a","source_hsv_ranges":[[7,23]],"source_colour_rgb":[220,137,66],"source_colour_semantics":"晋橙色；排除同色弁韩和西藏小邦"},"geometry":{"type":"MultiPolygon","coordinates":[[[[110.1697124693458,20.005172516415858],[110.87661403843244,19.962141932536728],[110.96806499921968,19.91031680120014],[110.95159425597856,19.635844668492627],[110.90464707986133,19.638905879321687],[110.85231487082405,19.550381710187413],[110.7558500307527,19.510595739949522],[110.75320897909981,19.46479058887128],[110.65686879801518,19.424895511350588],[110.64909863857677,19.287396191393768],[110.50872150343528,19.296104988656538],[110.51124376873398,19.341948899617446],[110.42008268381475,19.393483005478988],[110.37816099559157,19.487946790525644],[110.33126767813478,19.490742913771683],[110.28921854943269,19.585131208729507],[110.2422761031479,19.587884782392123],[110.20009917740988,19.682197698693248],[110.05911659222873,19.690264940039082],[110.01671836049765,19.784461095498813],[109.96967246659139,19.78708560938225],[109.92940956516792,19.92695271381841],[110.11785271301589,19.916403922430096],[110.1697124693458,20.005172516415858]]],[[[86.26024144557283,43.29415737881729],[86.44522250649193,43.31837125384171],[86.45682644913487,43.27482707411645],[86.5916605372067,43.24726899013252],[86.67622127289485,43.168111332370096],[86.73780494793742,43.176023288759055],[86.77196697842066,43.045365437134144],[86.90624313681536,43.01751513211007],[86.99018091088611,42.93820340747659],[87.54343308618623,43.00714797728822],[87.58324249762049,43.10190320623817],[88.01488587147236,43.15388862851553],[88.05540732781017,43.24853557405049],[88.85980113593932,43.3413065131744],[89.00381964892767,43.26768032350256],[89.7475518266351,43.34841132199047],[89.82866626634909,43.26735692547694],[91.00837530700406,43.38635046793316],[91.05301904005309,43.480126506253754],[91.48922818158012,43.52131555686188],[91.53459555983711,43.61496387176049],[91.72195560348597,43.63214187185723],[91.80111332649172,43.54990221090055],[91.9883644831265,43.566720098063485],[92.06713890330008,43.48434164860672],[92.25427856698539,43.50080007920699],[92.33266984297683,43.41828369774548],[92.64442615046013,43.444977169017356],[92.72230047179953,43.362252048339045],[93.28343612861661,43.408223084305845],[93.36052233829996,43.3251490707162],[93.54752377106999,43.33986469959015],[93.62422604181539,43.25665687241437],[93.81110043461602,43.271015997807446],[93.81814818647776,43.22698202651695],[93.9496591209364,43.19237082006975],[94.02573062341251,43.1089675766803],[94.21229540727526,43.122782813969266],[94.21907990405354,43.07874227398911],[94.3501201562764,43.04376259344751],[94.42556300175603,42.96016579032197],[94.86025339873702,42.99074878151761],[94.93504023297372,42.90688431817239],[95.36961353676952,42.93586526535177],[95.44374233229708,42.85173603521704],[96.12657044593345,42.894150976386285],[96.19976048819075,42.80962581803305],[96.2618055892564,42.81328128720627],[96.2782528038089,42.680977974647405],[96.40752664737485,42.64408924928881],[96.48012861587165,42.55945562526361],[96.54197073688536,42.56298365647388],[96.56839238186667,42.342540848350936],[96.63527896973685,42.301946385749275],[97.43688716710056,42.34473007831782],[97.56960014905225,42.262669665293075],[99.66785843522376,42.35041033500346],[99.72299082177987,42.440872559516826],[99.84346922641548,42.48917834779166],[99.84020832907088,42.533373473939],[100.02606627809345,42.53934559978647],[100.08491367972633,42.58548553917223],[100.07555435219392,42.7181213879681],[100.26191224600032,42.7237776259279],[100.31808676525291,42.81406118911875],[101.12699307083959,42.835337042520926],[101.19410879891228,42.74828570510604],[101.6293349127023,42.75756936545226],[101.69576444794154,42.670288197279056],[101.8820981806194,42.67375705676707],[101.94814106972916,42.58636825346597],[102.01018132276174,42.58743876056815],[102.03119192478482,42.100983205595526],[102.15625976790308,42.05881483584506],[102.17434065552587,41.61692786091385],[102.0537909152592,41.57073966723657],[102.05752527788542,41.48240604166823],[101.99642953505791,41.48135891369286],[101.93920948637926,41.39196521126819],[101.81918332003826,41.34558388124921],[101.82118846489244,41.30143279057534],[101.63837465764189,41.29789181034731],[101.58173942273726,41.20837026589012],[101.46224492761965,41.161684937075584],[101.46446141742823,41.11755001605916],[101.28212843637226,41.113529787001056],[101.22607430154545,41.02388137295108],[101.10711070673527,40.97689385960477],[101.10953632608101,40.93277514412067],[100.8116736099294,40.836925940133064],[100.7564085753504,40.747113588280314],[100.57504356376212,40.74214281539813],[100.5201404464313,40.65224345871902],[100.40223614388671,40.60465692047461],[100.4050734144533,40.56057067647948],[100.28739125299644,40.512888147503446],[100.29029395326536,40.46880863154414],[100.10965085688443,40.463212813644034],[100.05552596112504,40.3731516512495],[99.8751367648985,40.367240809515145],[99.82136969607724,40.27709404059774],[99.70452102702177,40.228915438543204],[99.70776120537462,40.18486166989754],[99.59113316861507,40.1365882745638],[99.59443702048011,40.09254104037695],[99.47802918157058,40.04417303943195],[99.49482504552122,39.82398486908453],[99.61745393123991,39.784255422583286],[99.68357034387036,39.69829608493224],[99.74314902912113,39.70037807953176],[99.80904499861728,39.6143619417348],[99.98759884119603,39.620358980748826],[99.99064452842121,39.57632094666987],[100.1125974135626,39.53614332547679],[100.17791992040988,39.44995503073011],[100.35610683568139,39.45545589823681],[100.3589276051576,39.41141483023276],[100.48041037115786,39.37090400286877],[100.54516205066989,39.28454485114072],[100.60443159193204,39.28624039521108],[100.6689661088354,39.19982527770612],[101.55729265671327,39.22163974481642],[101.62066516112914,39.134767228259626],[102.27164814240736,39.146657687776475],[102.32754375037939,39.23571464966122],[102.44448788434795,39.28155246888171],[102.44290595852785,39.32562446471268],[102.56006228486456,39.37136274906034],[102.55854693662279,39.415438658503646],[102.85559487675485,39.419138868123945],[102.91239461243929,39.507962569019405],[103.09085108137879,39.50978665818329],[103.1480016390239,39.59851489857886],[103.68405799374733,39.60231520760746],[103.7452527450566,39.5144212213076],[103.92373755558192,39.51512501884475],[103.98457709699,39.4271262916084],[104.04400244166227,39.42728026427775],[104.04590686384877,39.29501913576229],[104.16511031742756,39.25116040884528],[104.16679573887312,39.11891212196772],[104.28564706245808,39.07494923453003],[104.29486045226689,38.2375831547389],[104.41225103519429,38.193521889129734],[104.41348127751908,38.06132940443844],[104.53052948077239,38.01716353793426],[104.5315507664396,37.884975148734675],[104.64825817089233,37.840704811849065],[104.65176626482348,37.26791186090559],[104.47852179598773,37.2681906949669],[104.42157433717341,37.18011191688178],[104.24852851643962,37.180081470889995],[104.19137913696659,37.135960351126556],[104.19297286429524,37.00378166517569],[104.25101924103754,36.95978242206169],[104.53860131120436,36.959699288133976],[104.53893281541288,36.915637975035],[104.65416432015465,36.871362224147695],[104.71207799419412,36.7830917708299],[104.88422880680469,36.78249971029032],[104.94181193432723,36.69412426248966],[105.113761408579,36.69322351511392],[105.17101474761822,36.60474356340985],[105.28551320193351,36.603963396500774],[105.39968583909462,36.514950865436184],[105.45686749177051,36.51447115287333],[105.45667348979674,36.4704056332031],[105.57071045272188,36.425303696218435],[105.62724268377147,36.33661427097205],[105.68429101537788,36.33603259923558],[105.74062810906813,36.24729047352436],[105.79760978961657,36.246657993369006],[105.85375234808647,36.157863183361],[106.13831695199276,36.15419228347189],[106.19400291577284,36.06524465995195],[106.3083652476242,36.10761617608233],[106.31311849649495,36.41607533292185],[106.37021880759637,36.41518635824646],[106.42881307545039,36.502396461431225],[106.54395126777477,36.54455014638088],[106.54476634764329,36.58861056710806],[106.71643720401634,36.58555544348163],[106.77460447267603,36.628544235645485],[106.78221746586524,36.980998552404586],[106.89826706688247,37.02282924288187],[106.90134182221188,37.15499213945673],[107.02100848911101,37.328873261120854],[107.02430823285799,37.46103192696376],[107.08445387927749,37.54792937857601],[107.20032718239429,37.54543432235101],[107.25949993938345,37.58819894844742],[107.14473684729822,37.634799292992305],[107.14944391104562,37.811010461499265],[107.20758116029641,37.80974672010639],[107.26821317000277,37.8965618570891],[107.38593082051915,37.937953618015676],[107.3952007968434,38.24632727995757],[107.51353353933585,38.28760713655168],[107.52055151277098,38.507886490580695],[107.69655165001089,38.50351669442485],[107.75675962423192,38.54606266965876],[107.76140812519338,38.67823249404563],[107.88062235845581,38.71918619570411],[107.89530751340406,39.11573729850994],[108.01529404885501,39.15657804221377],[108.02043946353781,39.288778905879475],[108.14256471703024,39.373578880474305],[108.15335783645797,39.63801929145247],[108.27433154012174,39.67863904083386],[108.27997617485794,39.81087718553366],[108.40130196937675,39.851386982387744],[108.41309361133159,40.1159041762522],[108.59287308492995,40.11032701222159],[108.65491019387255,40.15250238963911],[108.65915127183932,40.24068398049901],[108.7791975886201,40.23677162397758],[108.84368280166504,40.32295759857274],[110.40474582695575,40.26154698045357],[110.45832936499495,40.17071076325246],[110.87760442872978,40.15090747529734],[110.87415926843082,40.106865606824336],[110.99032657534536,40.05693279453046],[111.04304067165629,39.96588089124962],[111.10276178104301,39.96287111040066],[111.09562494943975,39.874815326337334],[111.20764972464741,39.780679626948036],[111.274546390706,39.86563609828479],[111.45342284083394,39.856216811943625],[111.43459773637994,39.63615551535354],[111.54964931555782,39.585756229955194],[111.60134320159457,39.494519230911536],[111.77928357639281,39.48466477985155],[111.83062548737009,39.39334507438078],[112.00829272319949,39.383183953869526],[112.05928383678553,39.29178198986017],[112.18172867306059,39.328807025341035],[112.18591087383972,39.37278467435893],[112.36347882310267,39.362147340205716],[112.43131449662275,39.44649134652908],[112.84588369954879,39.42053143214288],[112.91431946627038,39.50463062559409],[113.09209226206286,39.49301579840369],[113.15610268715446,39.53304094830265],[113.17043232653654,39.66489726525918],[113.22981067262167,39.66093723453443],[113.29890401231245,39.744852124881646],[113.422707918595,39.78073829204017],[113.42765315852027,39.82468767918183],[113.55165298718136,39.86045626132879],[113.55668023052867,39.90440367664183],[113.73530875545508,39.8919239110855],[113.80519172920476,39.975590494286855],[113.98394946198445,39.96277698579042],[114.0541812378118,40.046318036354066],[114.17885469683061,40.08150917357712],[114.18427094247144,40.12544046840182],[114.36332422477929,40.112117339780475],[114.4341282559362,40.19546922663643],[114.55923479761259,40.23031015058136],[114.564889127165,40.27423179086162],[114.74423362164721,40.260396950887575],[114.81561187989028,40.34355814426165],[115.114682272336,40.31980567751959],[115.18653712755872,40.402773712325875],[115.60534345554652,40.368173329660664],[115.6777992599128,40.450881323376315],[115.91718675810138,40.430392431875745],[116.0499432808753,40.50771501914239],[116.2295559240753,40.491889775285046],[116.29611921634898,40.530414566196136],[116.3162965526713,40.661984333757175],[116.49622895394629,40.64580018630908],[116.56307232016292,40.684199022680204],[116.59761462760522,40.90346095029819],[116.72493775255761,40.936295633550515],[116.80254835834484,41.41879455995315],[116.98424728747864,41.401943745558285],[117.0593057982277,41.48400006566883],[117.18051649529386,41.472563234897194],[117.24848450667803,41.51066055574957],[117.26326544005512,41.59837986329276],[117.46033931906206,41.66861520775923],[117.47540993904153,41.75633147092117],[117.6046321027962,41.78837336010722],[117.6199032874371,41.87608941877964],[117.75713589280869,41.95185693865459],[117.78815728498566,42.12731014025875],[118.01094649440627,42.32844067811924],[118.13342684945562,42.31613955800802],[118.21075627701981,42.39767121209847],[118.33332025285539,42.385190509431084],[118.38641842368807,42.335058632112805],[118.87586152750428,42.283863294317754],[118.92002824700525,42.18972398164428],[119.23380965413551,42.20053809579472],[119.28614127593856,42.150076495831684],[119.59092369776594,42.11629308773912],[119.66968302266774,42.19696845433608],[120.03540388367769,42.15532137492427],[120.17567707974811,42.2286738983562],[120.35852216550688,42.207296484481304],[120.43824203288035,42.287540541447086],[120.56019818702865,42.2730813021522],[120.64021675133569,42.353216972208436],[120.76224347174441,42.338576758071795],[121.02568653371755,42.39633081154633],[121.1063630812706,42.476211435517506],[121.23842292763672,42.50482780370549],[121.25830034913112,42.59218290602571],[121.31945943964793,42.58459884759163],[121.46188261250063,42.65668549761891],[121.52307514492388,42.649010234941386],[121.56396540601085,42.55399251383462],[121.69635031763224,42.582173528522986],[121.94068381407635,42.55089919663974],[121.99134234690183,42.49939303728652],[122.11332954183372,42.48355082738009],[122.26457176863661,42.32881936206348],[122.32539667133402,42.320793154188394],[122.31484089731562,42.277214553115876],[122.41516251640294,42.173963399116644],[122.52584297092491,42.11420490025317],[122.78983277269081,42.168549838909485],[122.82877517253426,42.07324391640689],[122.94985101675273,42.05667289944983],[123.09284124203984,42.127001690038306],[123.21394611990394,42.11019587072014],[123.357300654519,42.18025479365842],[123.53897728695283,42.15465353077044],[123.8038650827622,42.20704775613446],[123.92493491473552,42.18961195335171],[123.89046261858377,42.05929685145425],[123.81861253503045,42.024571186519545],[123.73900135906041,41.72054894361875],[123.84788429832294,41.6597711342161],[123.81380256657046,41.52954312759899],[123.92233585212053,41.46872250126385],[123.95941464828394,41.37320221313612],[124.01924300196553,41.364440210328596],[123.95086517232274,41.10419044703608],[124.05865059120786,41.043295235420565],[124.03585725683979,40.95658160015249],[124.08392450893632,40.90444133480008],[124.26216921505114,40.877928679955815],[124.29850457176309,40.78238800089366],[124.47637326423865,40.75559617781561],[124.5123683550975,40.6600114096748],[124.7489958615015,40.623866291202305],[124.78457089688668,40.528222886069024],[125.02063768380471,40.4916050240033],[124.98502451942997,40.36186556305707],[125.0320283962855,40.30942419082943],[125.32604165760908,40.26305543236941],[125.36069303861751,40.167295935732106],[125.41937031833601,40.15793071664615],[125.3832176957749,40.0283395157138],[125.48824261154128,39.96638147590573],[125.52254497235023,39.8706055300635],[125.9311796690079,39.80403393222484],[126.0018482232008,39.837554240612064],[126.03899202803616,39.96695401647553],[126.21423814958311,39.937895374576435],[126.29771767937298,40.01438026434341],[126.4272047828637,40.037905954922316],[126.43985389939795,40.08100631640258],[126.56950312163167,40.104395480822866],[126.58224687329242,40.14748490391568],[126.71205805482768,40.17073726147669],[126.7248967099721,40.21381569179718],[126.85486968770554,40.23693096095159],[126.8678035145036,40.27999834332998],[126.99793812164924,40.302976241689585],[127.01096738807303,40.34603252016823],[127.30381242060785,40.295330572889974],[127.15954879177816,39.822071775696955],[127.2046594829774,39.76890665842703],[127.5531282239876,39.70751523838865],[127.51347949171594,39.578578333398426],[127.55818870577457,39.52530354875066],[127.41380111098665,39.05259668860899],[127.45826687608992,38.99937310518281],[127.86033295180923,38.926929729409856],[127.84706310811178,38.88400256984657],[127.94841693732415,38.820176230438555],[127.97904784863601,38.72386888189352],[128.1506070818848,38.69229550686127],[128.18092677080145,38.59594663164714],[128.3521087496595,38.56411152173823],[128.33862251362748,38.52124129130085],[128.43907004288195,38.45704725361529],[128.46892639794086,38.360640707952875],[128.52578433832338,38.34992942921575],[128.4851906153762,38.221379532500094],[128.5851150830322,38.15707942122619],[128.61466707704153,38.06064805974553],[128.67127899523567,38.04987433789228],[128.7006795552272,37.9534258114193],[128.75719913993058,37.94261496054548],[128.78644895958072,37.84614904664784],[128.84287642196722,37.835301142727026],[128.8719761915644,37.73881761902384],[128.92831174253476,37.72793273730531],[128.95726214899483,37.63143138146127],[129.01350599917293,37.620509596473966],[129.04230772605456,37.52399018619362],[129.09846008578367,37.513031571750325],[129.12711381330394,37.4164938847722],[129.1831748926429,37.405498513973406],[129.2116812976926,37.30894232806424],[129.26765130641235,37.2979102733023],[129.2960110625714,37.20133536625125],[129.35189021015128,37.19026669921413],[129.28302829833436,36.97647243785955],[129.15787723674913,36.95575064943627],[129.1442242295394,36.91297341644152],[128.1390838678705,37.10688031585541],[128.05323762207203,37.213722795169765],[127.99715848523088,37.22422691453109],[127.96715140660558,37.32050745982958],[127.79859740336288,37.35183383277594],[127.81157373799341,37.39474927023513],[127.71199926046293,37.45844788647822],[127.68153970945735,37.55466195529408],[127.17356342322967,37.6468565887413],[127.09180183117118,37.57100671296057],[126.92234100998787,37.60118785039153],[126.89082621701668,37.69721373273402],[126.26749898665906,37.8058248869753],[126.18647421737441,37.72940486927188],[125.90279346994744,37.77760503606214],[125.86991674611356,37.87337973016416],[125.69930875274834,37.90195907655799],[125.6187548335049,37.82518449441014],[125.44816151955372,37.85343375169743],[125.36791320174717,37.77650434433648],[125.19733684722995,37.80442377810885],[125.2321119761222,37.933913173437055],[125.1867195281319,37.98635213776693],[124.90145814788282,38.03236361767896],[124.9588119741076,38.24831767014293],[125.08484336746037,38.27311556960182],[125.11964146262262,38.40264956690602],[125.17697522987497,38.393400618878154],[125.25768594235677,38.4704594949161],[125.38418700180435,38.49497033276072],[125.41960377966421,38.62443402745392],[125.37392486425304,38.67694933713698],[125.20130412422469,38.70488247631307],[125.2365040747914,38.83440683847864],[125.36361286209768,38.85894160338216],[125.51857252953465,39.420064111790595],[125.47247447117668,39.47263666334896],[124.94878275788115,39.556171545691555],[124.9021971736601,39.608550027378115],[124.66888237977122,39.64493348364724],[124.62204337812584,39.6972169642552],[124.50520669587307,39.71521489069774],[124.46966174325563,39.810711897236125],[124.29406146921477,39.83747174502267],[124.2128679315395,39.75976145992651],[124.08460391670143,39.73410141905038],[123.66379416702291,39.75165800710657],[123.58335704828009,39.67357051430535],[123.29064498033625,39.71608810930985],[123.21063996935915,39.63777779590783],[123.08294076345358,39.61115587954243],[123.07232677313385,39.56777898257375],[122.94479775387268,39.54102561232586],[122.9342744350257,39.49763990163924],[122.75888453199394,39.52236694603731],[122.67964923449017,39.44374907670046],[122.55247541507462,39.41662121128413],[122.54219846845591,39.37320842911992],[122.4151954671163,39.34595006594222],[122.40500828710015,39.30252867712069],[122.27817616927598,39.275140086955304],[122.26807847252113,39.23171012611017],[122.1314088036813,39.16075307971168],[122.11142672633022,39.07387709073083],[121.98509101031975,39.04621114932211],[121.97519447798874,39.00276474643722],[121.73270100965495,38.99051789484702],[121.68423976958496,39.04172229156746],[121.73301536644354,39.259070850013885],[121.6843795834984,39.3102833184265],[121.50903178101552,39.333353325238384],[121.59645408852928,39.72477996673962],[121.65521522499694,39.7170749352685],[121.73365092641733,39.796316858205955],[121.86117348861873,39.82423711217422],[121.87111295873505,39.86771620627612],[121.99881037673458,39.895506352822345],[122.02893597618724,40.02592296817838],[122.15696641508137,40.053565480223945],[122.2078102647111,40.27090188665401],[122.33633409391183,40.298378897226456],[122.36722457951407,40.428767084974126],[122.26922081676076,40.531740341150275],[122.3104044841102,40.705656476236236],[122.20167902030474,40.76512554492361],[122.16261753621468,40.8600779063327],[122.10299038523823,40.86801557429288],[122.06374531844735,40.96295074954868],[122.0040233391133,40.97084568131296],[121.9645938862858,41.06576384513396],[121.7851043357146,41.08924097662788],[121.70522057568589,41.009925343152545],[121.5756833120065,40.981821177573345],[121.56576827673923,40.93827122788543],[121.50601345301995,40.94594576189931],[121.36687926364026,40.87409195181782],[121.24742077751507,40.88923754973287],[121.16834034785644,40.80962502281224],[121.03936664140922,40.78101392403312],[121.02979820632584,40.737435534118674],[120.90100614433234,40.70869440950141],[120.87261008180745,40.57794479409157],[120.74416005418011,40.54905865881032],[120.71610492786023,40.41829842138416],[120.65668669325268,40.425592744049446],[120.57874594602576,40.345676043989926],[120.45081781256161,40.31651651150542],[120.40512887507347,40.09853810010269],[120.22752154960061,40.11992302094472],[120.15036909372142,40.03978126330255],[120.02314169962979,40.01022200883513],[120.01427269265928,39.96660742141927],[119.88722596520908,39.936920510130484],[119.87844593925828,39.8932996624994],[119.70118275094795,39.91398113060165],[119.62481628897555,39.83355114841922],[119.49815543266448,39.80349714039165],[119.48962044538358,39.75985577899506],[119.3631406538596,39.729675095803344],[119.3378294869372,39.598735445607446],[119.27893785108616,39.60541427644975],[119.20334651071687,39.524762576368936],[119.07738386263149,39.49431549266855],[119.0691313781864,39.4506575664485],[118.94334939452507,39.420084737311115],[118.93518377907394,39.37642070511771],[118.05285660193408,39.47117330730032],[118.06051365134056,39.514892825278],[117.95023204393071,39.57081750560105],[117.90639803315008,39.66434554034335],[117.49273327712667,39.706101320904004],[117.41899409055631,39.624440275374056],[117.29361613332054,39.59230216797621],[117.2864028905921,39.54853729812302],[117.16834692051472,39.56004656558891],[117.03612723635173,39.48389730027171],[116.99394444451144,39.22125841514082],[117.10442153117503,39.16614333866204],[117.0832627735962,39.034856652973644],[116.95901844032687,39.00241456890928],[116.91046408086255,38.6960597524756],[117.0202301511599,38.64102947678047],[117.06456761093195,38.547851484933155],[117.23927988370008,38.53069775744421],[117.2180646534625,38.39947113594228],[117.32717389397563,38.344190290788355],[117.37095805222494,38.25091874081692],[117.42895185878947,38.24509118257685],[117.47255302649624,38.151788243432144],[117.53046291617522,38.14591573084217],[117.57388181062572,38.05258129967549],[117.74733287445261,38.03475221975758],[117.72537770523621,37.90362755690042],[117.83340300429126,37.84793136125193],[117.81135335031973,37.716825376974576],[117.91905039884301,37.66105929055073],[117.89690748339235,37.52997057350423],[117.9469152995791,37.48021679923627],[118.06163160937791,37.46802650767803],[118.08163843507457,37.24346938308095],[118.1313389105765,37.19364440760423],[118.41691251199093,37.1625698938879],[118.48933969833985,37.24360392906073],[118.77495102223584,37.211735491636944],[118.80847322710932,37.07435926413282],[118.85759069140508,37.02425474949206],[118.97147524846983,37.01125681978735],[119.01249780274742,36.917458879539105],[119.41027591669501,36.87104450898033],[119.48347249729635,36.95151761079775],[119.65395959391464,36.93115106948986],[119.72746878260713,37.01148421463278],[119.84960962399947,37.041293375292184],[119.8580467045804,37.084870321437904],[119.98035510805911,37.11455505774253],[120.02304994687783,37.33238906067948],[120.19423949818132,37.31130606836149],[120.25997679884807,37.347777635110866],[120.28612187582443,37.47842338456543],[120.34328042898504,37.47130455327542],[120.41803554376631,37.55123945149123],[120.5413087516275,37.58039066127784],[120.55020135679159,37.62392109921558],[120.67364273795334,37.6529464584023],[120.6826195687436,37.69646805868366],[121.08338073545082,37.64487680339194],[121.07418099244974,37.601383530756515],[121.17926755533672,37.542938297486],[121.21785157115372,37.448460124067964],[121.50297099840203,37.410555535805436],[121.54108779531283,37.31598167221579],[121.71179972947166,37.2928866846611],[121.78780505457057,37.37202205472431],[121.9585667394966,37.34860048599185],[122.0348831301902,37.42759015376011],[122.14876780181086,37.41178291847948],[122.18608521614813,37.31702042378508],[122.52700761947916,37.2688985290165],[122.41791100916903,36.79160646180469],[122.24852670489807,36.81563758176187],[122.21152982428178,36.91042142357976],[122.0418196098189,36.93417898186776],[121.9659858330909,36.85519121095254],[121.84334644561345,36.827399755657254],[121.83381520222534,36.78396040196775],[121.77731122080073,36.7917381184789],[121.64542435612692,36.720312199923505],[121.53246073026055,36.735676627302624],[121.4008972830575,36.663998105635216],[121.28796795115527,36.679146826235126],[121.21315910991335,36.59971238591105],[120.93089782911328,36.636983110505035],[120.8654503660244,36.60085151539525],[120.8207886416981,36.38328093676778],[120.6993172502183,36.35439307239575],[120.63771058250845,36.04968252014827],[120.46942284598703,36.07136119128964],[120.43061336101125,36.16563415894908],[120.26201687011554,36.18703692597488],[120.19726194196242,36.15055908320391],[120.13778082878251,35.84558640181844],[120.01740391599476,35.81604246139076],[119.99226544821431,35.685293288918416],[119.93638306691037,35.692259949076906],[119.86390016534908,35.61201417627641],[119.74398698878282,35.58220650032583],[119.73577555633463,35.53860187047412],[119.61602383723263,35.50867126964632],[119.57545188228599,35.29058190406948],[119.45613977826572,35.26049482630913],[119.41613856975978,35.04232118994021],[119.36066255358254,35.04903529013209],[119.17064389342943,34.93806461712516],[119.13159362913268,34.71975225385959],[119.17904400392234,34.669473193138465],[119.45507760264707,34.63605119085499],[119.43124119761443,34.505093091461035],[119.31316527966155,34.474852445684235],[119.28961104473595,34.343849763961124],[119.39168827249793,34.286787666210856],[119.36806054107961,34.15577827620697],[119.46984085478132,34.098641982490236],[119.50877902989119,34.004538330695226],[119.56351672411078,33.99775292956438],[119.52385375816,33.77938729201567],[119.57050059962408,33.728916496839965],[119.8431286163212,33.69460104688288],[119.83505655095499,33.65093750608611],[119.93586309882068,33.59338872857016],[119.97401041040928,33.49909074969719],[120.02836404734549,33.49209550322007],[120.06635500190279,33.39775830366182],[120.12063218295948,33.39072133168072],[120.15846738046783,33.29634479112938],[120.2126682247101,33.28926617336749],[120.18800038691589,33.15828216402785],[120.2879402763318,33.10041204215431],[120.24676456703048,32.88206682394656],[120.346322252994,32.8241289746683],[120.32981865267494,32.73677729998308],[120.42085321042833,32.635083704572054],[120.52831793206697,32.62065830617957],[120.5653223364853,32.52606614618406],[120.67261752382852,32.51151053823761],[120.71782338651201,32.46053026164703],[120.70099577323457,32.3731872792284],[120.64744639116951,32.38049101261356],[120.57720728724368,32.30040189477596],[120.46190143030854,32.27118132531214],[120.43714141537322,32.14007394355805],[119.52774307933188,32.2590488181685],[119.46643387410899,32.22206766623029],[119.44328241934957,32.090753053917716],[119.48901750032441,32.04020609630133],[119.96953833697088,31.978214943338205],[119.96156780425704,31.93446383225816],[120.06017805632013,31.87668414485762],[120.09738597617714,31.782135062423407],[120.25698280493188,31.76086665399798],[120.32644870898797,31.841205706916686],[121.01766008320207,31.74618782919859],[121.00915576384455,31.702493238875054],[121.10674837968082,31.643834916109217],[121.14265045422803,31.548931770411606],[121.30151724077899,31.526263311951837],[121.2756492868924,31.395183720857112],[121.37269033410679,31.336279166809632],[121.34676914939232,31.205174004455227],[121.42621270043121,31.05877550452894],[121.40029362334998,30.92761995647722],[121.49670177431291,30.868567028561955],[121.47073100210893,30.73738294110622],[121.56686979505766,30.678252637795747],[121.5408480920411,30.547038818151268],[121.42762726276487,30.518660921932568],[121.41044874804454,30.43114299113068],[121.2282261698879,30.322664317983634],[121.1238310971588,30.337767696890733],[121.05484734932888,30.257686400326257],[120.79391485124029,30.294889027253046],[120.72528089738712,30.214607684558757],[120.46433883006482,30.25107993549708],[120.4040852324433,30.21445401564188],[120.38002110147616,30.08287736437213],[120.42409951683891,30.031800265825233],[120.78842997919644,29.980680772299664],[121.0130695104375,30.038616166731586],[121.6367749513203,29.947141087156684],[121.67135770735328,29.851789536510513],[122.03412170337732,29.796767703765234],[122.00764648786027,29.66543421543702],[121.95592983206588,29.67335433760164],[121.88670244430254,29.593659880309662],[121.77463935313048,29.565562786064767],[121.74863732325451,29.43410784014251],[121.79155240486342,29.38245145892508],[121.94618898521237,29.358826961411232],[121.9025612617924,29.139679597096187],[121.59397348831438,29.186627531148222],[121.53399003438648,29.150505979310303],[121.50848468889969,29.018880301497717],[121.55133642344539,28.967266578569888],[121.65398069161935,28.951740031779806],[121.62835022346306,28.820082931593927],[121.67103048285583,28.768401694856173],[121.65395382273428,28.680601457718808],[121.59429846066156,28.64447032591004],[121.51818847830177,28.24904418679294],[121.45888784147279,28.212805959204534],[121.15337633999022,28.258669091259364],[121.09422245563604,28.222242211262635],[121.05332785005723,28.00221035994637],[120.94359923049201,27.973207083371427],[120.9193368670683,27.84109136195589],[120.80184353584772,27.767886978740872],[120.78584197808543,27.679750179299603],[120.67660912310693,27.65046547700449],[120.58980970874943,27.1651984962433],[120.53944766927238,27.17253056620975],[120.36510108764593,27.061895172414953],[120.35737992229528,27.017718707695245],[120.24911395715344,26.987969942089403],[120.22616763309169,26.855373293093276],[120.17595281430022,26.86254821439122],[120.11056880302621,26.78126352118425],[120.00267668783293,26.7512574808998],[119.9951641752715,26.707019402472817],[119.64395312042389,26.756061388834624],[119.58643981346842,26.71871282236883],[119.56455793149816,26.58588640338696],[119.60736056377861,26.53469619342725],[119.7575595316862,26.513851240344362],[119.7428270763676,26.425278622994337],[119.6354936157847,26.39488801093702],[119.6209026875894,26.306269852476124],[119.71345029385914,26.248061703465453],[119.69149447616714,26.11508567240485],[119.5845524426223,26.08461896842017],[119.56282900323221,25.951555319097224],[119.65504680875684,25.893336736334184],[119.61877968237299,25.671432905834898],[119.51239200987699,25.640856775910702],[119.48372757813894,25.463176529874985],[119.37763251113087,25.432450850221542],[119.22915618123199,25.4528476884757],[119.17265128536208,25.415145604533894],[119.14472891037587,25.23725729487624],[119.04593169668246,25.250675337979693],[118.93337602069111,25.175002917757414],[118.88553653464216,24.863295461891372],[118.73788484525016,24.883060525846826],[118.68194076900213,24.845039504666605],[118.6484766348847,24.622117030447445],[118.50116578300107,24.64157515885473],[118.43889716838717,24.558783866359],[118.09521184131127,24.603217053199405],[118.03970976532243,24.564832428274563],[118.00791878717446,24.341517940633707],[118.09949268822935,24.284324176416177],[118.08037040156694,24.150245057533244],[118.03148742261662,24.156505541979683],[117.96997431894444,24.073315254732993],[117.86601311972636,24.04098827140306],[117.85976352415766,23.996252817306498],[117.76212529931908,24.008557341508897],[117.70712302069501,23.96992796280931],[117.63989701635414,23.84173041772694],[117.49363259023077,23.859863320512837],[117.438832278572,23.82107748370448],[117.42076930311916,23.686678603933128],[117.27470847464433,23.704521833263776],[117.22009283296306,23.66560394048127],[117.2082777362925,23.575940508583212],[116.96503686291615,23.605095175984772],[116.91061093386121,23.566006226712616],[116.89910891872748,23.47627874109111],[116.7962011084618,23.442851665977855],[116.77914567760368,23.308174655461364],[116.67646793428729,23.274612554281525],[116.65961715140257,23.139838380247895],[116.55716878184647,23.10614135723174],[116.5405213260936,22.97126933664806],[116.43830163812774,22.937437491540344],[116.43281453392258,22.892454730557144],[116.28781857569497,22.908993714617285],[116.22870075121278,22.82446163511341],[115.98712956708032,22.851455678294695],[115.92832076002034,22.766738623631166],[115.59017350973947,22.80342078310904],[115.53175542801542,22.71846895247502],[115.38687686595345,22.73378125697196],[115.30012425034468,22.833996451273066],[115.20339922304585,22.844010565770976],[115.14530803870667,22.75885759589955],[115.0438371227943,22.723655287398675],[115.03903445435111,22.678570506926178],[114.93769075456935,22.643255959224316],[114.93294335210744,22.59815342302721],[114.78815632085494,22.61264927467656],[114.74919912032229,22.70764543006845],[114.60421444791127,22.721882906021804],[114.55130897378675,22.681478286529153],[114.53763296460117,22.546115509050107],[114.29633211528716,22.56926246486957],[114.24364596888256,22.528681448817036],[114.2216508634615,22.30284944811708],[114.07721358145503,22.316381574669172],[114.09019123691401,22.451914829123655],[114.04627852833944,22.501548802357107],[113.90151028422567,22.51482954998537],[113.90575646172796,22.559989645393955],[113.8133795718862,22.6138899055136],[113.77343330607685,22.708520583178636],[113.72506221385281,22.712841257754334],[113.75433655275005,23.028632878903654],[113.70997317697078,23.078024950145505],[112.78647491086456,23.15564008677743],[112.73412094073669,23.114393327270214],[112.7156404821666,22.88874280896741],[112.842408149052,22.651293535934705],[112.93916055352551,22.64343825723559],[112.9799207554979,22.549105093416845],[112.96853342161984,22.41349078331389],[113.06119532038079,22.36029536162953],[113.04971363551336,22.224597023746686],[112.949627495727,22.187315899679998],[112.93081220747659,21.960949984758713],[112.78672641513867,21.97271792790569],[112.73137183718383,21.885987431705654],[112.63177038408826,21.848355340588416],[112.62816575430897,21.803029446857874],[112.38834330910046,21.82184667572535],[112.333442221662,21.734856547652857],[111.99782762942158,21.76010174985266],[111.94332102179948,21.672886130996492],[111.79955854512558,21.68330133751973],[111.7452783434984,21.595956733241476],[111.64637748928561,21.557342090153455],[111.64325436536961,21.511934599649525],[111.21251236188462,21.541355821699458],[111.01534165592048,21.46299641871072],[110.91965163285876,21.46911077735314],[110.86630340003137,21.381238500917014],[110.7228730142932,21.39017319666741],[110.66975049057444,21.30217318968063],[110.57159641072957,21.262491520295825],[110.56899484267663,21.217003089257464],[110.42578437184818,21.225531179230806],[110.37553345068454,21.182830452494443],[110.3680224215848,21.046284395115922],[110.27025650947745,21.00627686774253],[110.26290926102715,20.86962932766065],[110.3080095601648,20.82131538842358],[110.29570991346576,20.59336707259357],[110.34066441846471,20.54498593796404],[110.43547110274959,20.53938676735863],[110.42290653242571,20.311197852997],[110.08946661130874,20.284720293073725],[109.99719577483947,20.335672695731596],[110.00412541121597,20.47262799875688],[109.95903606587677,20.520874830006417],[109.81681002399226,20.528578302945746],[109.8279657250382,20.75663996198679],[109.73510402328017,20.80725986859374],[109.75493055790518,21.217190283479045],[109.8071593218156,21.30568545938419],[109.9027512034615,21.300595924771148],[109.95285198160339,21.343506935905292],[109.95979127796681,21.47992606881398],[109.91420276159693,21.52796429739898],[109.67463415314634,21.54053707279513],[109.63103434384057,21.63388429664051],[109.48711858178767,21.641098899128835],[109.43707170315018,21.598011484556682],[109.43087317695075,21.461620537490475],[109.14351292315894,21.475304917353444],[109.14736889545472,21.566246442906998],[109.05524422206449,21.661544709521824],[108.71921805774514,21.67620428090076],[108.7209458216845,21.721651931331273],[108.62655709127972,21.77108225849947],[108.58182059783483,21.863903302933572],[108.48559832285335,21.867762197467343],[108.43588983872641,21.82423132152643],[108.43111573229508,21.68790388672967],[108.33506612769993,21.691626131812342],[108.28400119611072,21.6025276242947],[108.0440657602007,21.611329845080387],[107.99331709343136,21.52206161688395],[107.75355973871423,21.53019461126443],[107.7031272040815,21.44075717610391],[107.60611097178976,21.39829831302035],[107.60492153125071,21.35277920548935],[107.46130898151517,21.357189681732063],[107.41233827173778,21.313087358540212],[107.40796095668118,21.13089488469399],[107.3591307912109,21.08672882730574],[107.26364976156611,21.089466712787786],[107.2139085474288,20.99963991797209],[106.68915797981191,21.01286837999259],[106.63999585348131,20.92273877405724],[106.40164985891114,20.927754998043223],[106.35338940750698,20.883079208021385],[106.34811944540915,20.47219509621178],[106.20577463970632,20.47487032454044],[106.15783166877488,20.43002235319604],[106.1553737274691,20.201418255120423],[106.10805730974448,20.202243427835512],[106.05984942448659,20.1115454890418],[105.96490182759815,20.06732214378238],[105.96450206811043,20.02155017664688],[105.86968590207115,19.977221496333588],[105.86862322412514,19.8398280881082],[105.77402769719627,19.79537673993567],[105.77187117002771,19.47442698571232],[105.67767285973164,19.4298176304318],[105.67583926344093,19.108373257445702],[105.5820350636232,19.063604976876906],[105.58138439924433,18.92568157471245],[105.67453687250034,18.878500794625204],[105.67375834578333,18.740468272685515],[105.76669232783992,18.69316363727307],[105.76578690062237,18.55502099759793],[105.85850321336221,18.50759234854261],[105.90427999685664,18.414718540784772],[105.95074400378223,18.413982814564342],[105.9963915755397,18.32102832411212],[106.04281113270041,18.32024912108364],[106.08832981941752,18.22721385416779],[106.22745281090816,18.224680689197545],[106.22693903505677,18.178549591333436],[106.31908462039935,18.13061178608891],[106.36425926033094,18.037371484469446],[106.41054377753298,18.03641865788397],[106.40637403382503,17.713036933407917],[106.49800624583531,17.664831601782698],[106.4967361442205,17.572331145642114],[106.54214989953144,17.52504933998069],[106.58819689027254,17.524010677742325],[106.58684575973727,17.431452141773878],[106.67813548928736,17.383016470368005],[106.72264234939668,17.289296358765665],[106.76857989657603,17.28817159976029],[106.81296115670146,17.194369412131074],[106.95063815541563,17.19080115131244],[106.9497986055106,17.144458775659942],[107.04065504566024,17.09562004123388],[107.08470001779374,17.00161071255391],[107.13050287375938,17.0003137643087],[107.12866342412332,16.907540331809994],[107.21826242231602,16.81206921546062],[107.30969265968062,16.809325419560558],[107.3086925356617,16.762904088932604],[107.39903527524321,16.713643202159407],[107.442583951268,16.619303791801904],[107.66837761384045,16.51881563087683],[107.71159449392943,16.424268194907363],[107.7571296204848,16.422671417517154],[107.75114261086449,16.19006243543443],[107.65912421128417,16.146679073197642],[107.65797225156187,16.100115304999516],[107.43099055494496,16.107661925214295],[107.38764842542226,16.202226012924417],[107.29676179997449,16.20505176022304],[107.20776721591986,16.300870377199477],[107.1622784037623,16.30220823374816],[107.16320753500653,16.348732308530284],[107.07307374310115,16.397857744815113],[107.02927845218308,16.492128715705462],[106.983702325159,16.493380973115954],[106.9862535009729,16.632800641307735],[106.94144518425159,16.680484671656995],[106.8044579261637,16.684048895120014],[106.80522742317795,16.73049202900734],[106.71531350657729,16.82561683242663],[106.7167739196179,16.918432758204307],[106.62592078143341,16.967008811872446],[106.58146595609823,17.06082428565292],[106.48979212125988,17.062878175180856],[106.44577775011277,17.20293310925923],[106.35453960873761,17.251191497117684],[106.3097082056171,17.344759455580046],[106.26374034417844,17.345667863363737],[106.21878277976892,17.439153529193764],[106.12675864449776,17.44086229041837],[106.0355753155932,17.535044487960413],[105.98951835120026,17.535823117099838],[105.99032138665936,17.62834426813686],[105.8988402640932,17.722319039378092],[105.89920057431947,17.768545764477988],[105.80718786528892,17.816168558289526],[105.53119976320988,18.096966143805165],[105.48522140200443,18.189797092039424],[105.43885901102617,18.19031518761665],[105.1608801514854,18.65385669944319],[104.88084315102422,18.885816107145704],[104.88040297053797,19.06972877740497],[104.97375842116051,19.20703684808237],[104.97355781757172,19.344796716610777],[105.06732877482555,19.43597373579523],[105.06728253748454,19.527734186082366],[105.16133721712907,19.664603548726568],[105.16140027693248,19.802100170900527],[105.25572120097581,19.847122287446503],[105.25604912426301,20.076067866996745],[105.3509010810868,20.212452686981834],[105.3515666916699,20.48675451676971],[105.25677602676103,20.579000782745887],[105.2569755903151,20.715988807615105],[105.11424613771992,20.85405518920679],[105.06660221643752,20.854395140303858],[105.01886501874284,20.945947425080167],[104.39613805696169,21.31266668153078],[104.39579376054802,21.35820588722477],[104.29960941725929,21.40372773599819],[104.25086175951392,21.494727518933328],[104.20289611784908,21.49466697220415],[104.15400923552005,21.585589739414466],[104.105997812421,21.585484393758446],[104.05697135498185,21.676330202302665],[104.00891415474867,21.676180002649367],[103.95974777122544,21.7669489082894],[103.81543950451093,21.766296861957606],[103.71587408610175,21.99296297675765],[103.61871908049115,22.037744294713402],[103.5191643404389,22.218614185760387],[103.27750796017291,22.21640015640677],[103.18271382139567,22.124579436428945],[103.03786899474636,22.122851593193626],[102.93921117197968,22.212363616809505],[102.84256065349511,22.21100956677415],[102.84146369242806,22.25638515836713],[102.59364910083472,22.479362880019558],[102.5451887553828,22.478538294230024],[102.5439448406119,22.523866540341547],[102.44439463983808,22.612781958823632],[102.34733953925495,22.610973619916535],[102.06653473419374,22.28769487922685],[101.96982351299805,22.28553592671653],[101.92454982448544,22.193696711471635],[101.54673681461362,21.957072394882296],[101.55016623562581,21.866248215349323],[101.64976879273613,21.777941171326134],[101.67126271911975,21.186604616510348],[101.05006198942519,21.16855341142362],[100.9505419651454,21.256488499706567],[100.93657849503633,21.574892272989437],[100.88657627159728,21.618752611486055],[100.74258669561742,21.61383650292054],[100.69882564009221,21.52124295902391],[100.60509487186617,21.472347280932834],[100.46134235758444,21.46703801481912],[100.41117819868043,21.510686726284458],[99.88400015664261,21.489260014303074],[99.88149618434876,21.534706533397785],[99.78051951441283,21.621387054266823],[99.76514071382867,21.893797629859566],[99.60757149881977,22.11411636257089],[98.98084110315436,22.08373325086912],[98.93859409726932,21.99057531074713],[98.6978989012135,21.97778677906335],[98.6886298540995,22.113758272671387],[98.5890901759318,22.153787827173336],[98.53453330280024,22.24170311226463],[98.52500200464095,22.377528447473093],[98.57017569845965,22.42546742560384],[98.55432982002121,22.65166051573865],[98.45416086144907,22.691484268753857],[98.44446691072159,22.827082809100943],[98.53840715726412,22.87766857420487],[98.50955108117621,23.28402505406852],[98.60398966212408,23.334472302422707],[98.5752794712743,23.740208807446656],[98.47393740847613,23.779902170137227],[98.41830919143175,23.86725854419343],[98.36920032525057,23.86452323291979],[98.35261311676261,24.089565702417833],[98.30003586623704,24.131789354092486],[97.90614507184321,24.108860981677072],[97.71655123001077,24.00690268602159],[97.7238130644938,23.916922694146013],[97.5764825652098,23.907696505866458],[97.53481784377392,23.81457848935018],[97.44047800967235,23.763268436126776],[97.44423599623322,23.71825487280437],[97.154196323314,23.65380716140471],[96.78307024009253,23.945000814629648],[96.72574120381537,24.031418948129353],[96.67660227361296,24.027910620617124],[96.60657121147908,24.249000195305566],[96.45029786060763,24.328044177469042],[96.43318473183727,24.50754924841527],[96.3213964369472,24.63480431529854],[96.3083336400642,24.769296112805936],[96.20488363866198,24.806707139747115],[96.19162315107859,24.941112312958893],[96.07896016430844,25.067944608070402],[96.06547391547369,25.202225814111152],[95.96142744249948,25.239355410810674],[95.93859285073313,25.462985093147772],[95.83419229744014,25.499964570005233],[95.81097398809169,25.723393282075175],[95.69678906878728,25.849533000908412],[95.6541277282855,26.25113437331866],[95.69971008882686,26.299677463899606],[95.68546481881143,26.43342658946997],[95.73115807437445,26.48193199108152],[95.67878102283592,26.971864083372292],[95.72951513879069,26.9757934755445],[95.77076990210281,27.068712947155422],[95.86766450518286,27.120965060284195],[95.8629616582929,27.165461372745803],[95.9600179593118,27.21762049643402],[95.95535680378003,27.262109379709702],[96.41374126624481,27.295488452771565],[96.4558716661218,27.388076039473898],[96.6599307420469,27.402230639742587],[96.74490575984349,27.587132178936557],[96.79604226180815,27.59057287266876],[96.93274237030835,27.77866064732457],[97.03111706658008,27.829811950669953],[97.02697088183118,27.87427335618526],[97.18093159197599,27.884135417583988],[97.22821360967004,27.93183863072546],[97.19977558394592,28.24293614717292],[97.2513172014205,28.246165622738342],[97.29480535394082,28.33821871446319],[97.39403114780619,28.388986134664176],[97.38206040428294,28.522215113345435],[97.53721802849529,28.531579838014043],[97.54113284404012,28.487170535926857],[97.64839456430344,28.448876934401383],[97.70772620267347,28.36305115704399],[97.86263171457134,28.37197792551523],[97.92169746205295,28.28602558304235],[98.28291894556925,28.305854439202474],[98.40000643513851,28.133441641868078],[98.60609456014922,28.144051377847845],[98.6642653374773,28.057669838401438],[98.9216965118255,28.070278238202768],[98.92488022656177,28.025777078332645],[99.0309485094342,27.986146433222117],[99.08859017924276,27.8995152719178],[99.24580721402786,27.86204910493504],[99.25182436980197,27.77297858141338],[99.3061302477079,27.730738655807663],[99.35743486550896,27.733018259005295],[99.36627155027583,27.599352976511433],[99.47450374348175,27.51469601201953],[99.48601206217431,27.33635423908781],[99.59098842485601,27.296131204888912],[99.64762088842997,27.20906530053256],[99.69862867287648,27.211193041490755],[99.70689295331273,27.077322084544058],[99.81145837276127,27.036865830214087],[99.86770552042023,26.94962954592233],[100.02030018109562,26.955648022159036],[100.06860633799127,27.002259745367372],[100.05575058918724,27.225438590467213],[100.15527913896575,27.27392197383393],[100.13751675184255,27.58612863618795],[100.23750217163527,27.634494581697027],[100.23000011556935,27.768211007737154],[100.38405232526013,27.773723083624468],[100.43060336841985,27.864640348353785],[100.53107180550214,27.91271312762913],[100.52399818781832,28.046356269494318],[100.67856222259742,28.05146463110915],[100.72557136036286,28.142198653444773],[100.82652518879964,28.189977503345975],[100.82431433920405,28.23450609863902],[101.2374625737287,28.246565536496146],[101.34465570375994,28.16026876420339],[101.49946530327409,28.16426022216422],[101.64893124595798,28.301663235719328],[101.64355708542139,28.43524263185343],[101.74535799668394,28.482172834108837],[101.74012225631364,28.615700331619458],[101.84218946555008,28.662524849460894],[101.83027385142454,28.97390722493155],[101.93281761889588,29.0206134950829],[101.92118300884107,29.33175833107491],[102.02420758418803,29.378347216960634],[102.02097365242716,29.467201366857886],[102.17665046141381,29.514685426058367],[102.22606040929358,29.6044931925178],[102.32958312773339,29.650783887591725],[102.32665908187539,29.739595702684845],[102.42899131420803,29.830180826854534],[102.3874279281349,31.116040222834695],[102.49292222450696,31.162054811861925],[102.48308611419552,31.471974956384386],[102.58908789135074,31.517877149706745],[102.58501809192009,31.65064567066434],[102.69130627134676,31.696444082884096],[102.68739255407846,31.829178778719143],[102.79396839959676,31.87487339783852],[102.79021216902761,32.007575241073184],[102.84424237350474,32.00826825518013],[102.89587913619366,32.09739224073042],[103.00291976245688,32.14288295981568],[103.00177780835254,32.18710439281718],[103.10899454955774,32.232494888387194],[103.10790870669076,32.27671161438771],[103.21530183278045,32.322001752627116],[103.21427235256002,32.36621382080169],[103.37708568467765,32.367646428348415],[103.42953097460249,32.45649437780283],[103.59252762366454,32.45763635577803],[103.80631122788515,32.67983050376709],[103.80417103136801,32.81240755452166],[103.74885537600164,32.85633354259876],[103.74511979358817,33.07723176390912],[103.63481193853468,33.12080396602403],[103.62420866649823,33.69483202690142],[103.51298568539,33.73826423346993],[103.50677960376296,34.04719100292909],[103.39500170858666,34.090501520457806],[103.39213999597783,34.22286251680699],[103.28005317521203,34.26606212783334],[103.2728984409737,34.574826026782034],[103.38349749673392,34.61985265085106],[103.37281608933779,35.10489375232156],[103.08862924151754,35.234619648224744],[102.69491328083782,35.23001906482482],[102.67987222428333,35.7147997463192],[102.56525233280018,35.75730850211271],[102.55512284818502,36.0657283500253],[102.43991690468216,36.10811724307332],[102.3799366633649,36.195352435625885],[102.32299910965925,36.19445342281897],[102.2628204509327,36.28163070040399],[101.97783730438503,36.2766179766727],[101.91720638956514,36.3636289781068],[101.28969524154749,36.35005416203901],[101.28533387750828,36.43812253023201],[101.22601701640241,36.48076556789478],[101.05231524108642,36.520469999156035],[100.99045166533777,36.60703035914659],[100.87601522219003,36.603962041234944],[100.81634498602281,36.64641254468045],[100.81142563210247,36.734457400045045],[100.69427794239641,36.77524834487941],[100.65598759814698,37.43551088794224],[100.53768021182805,37.4761569906919],[100.51909413920487,37.78425896967439],[100.40017020519879,37.82478068609321],[100.39194703268394,37.95682052680499],[100.27268435315116,37.99722675820099],[100.26421982407007,38.12926296283411],[100.14461693811839,38.16955348150068],[100.13590895998026,38.301587036193695],[100.0159644006889,38.34176160909258],[99.95141759199905,38.42782143425451],[99.89283939153161,38.425834362289315],[99.82807971482814,38.511835780925956],[99.76943943579927,38.50979341855984],[99.6457639940612,38.59363856985503],[99.52836931158986,38.58936418217129],[99.52509283987217,38.633366537619864],[99.40429417541908,38.67298404332042],[99.33876177960379,38.75875098039144],[99.27994258581461,38.75648931873273],[99.21419488063793,38.84219731443376],[99.15531400926837,38.83987979302881],[99.08935040503124,38.92552876006204],[99.03040791338479,38.9231552487158],[98.96422782009904,39.00874509817499],[98.90522376690882,39.0063154661812],[98.83882659431457,39.09184610754494],[98.77976103975406,39.089360223686604],[98.71314619733748,39.17483156481155],[98.53577740651326,39.167125392645545],[98.46881350659076,39.25247719391081],[98.05464360072828,39.23335901974089],[98.00389870272674,39.14257879734332],[97.70856630741812,39.1280167947865],[97.6583135914866,39.037109827985645],[97.48139198918551,39.02798888347111],[97.47689112582682,39.071939892517825],[97.35432338862726,39.109670947091956],[97.28606420364551,39.19441491506627],[96.99067762404509,39.17824725648157],[96.98587846709883,39.222184757305385],[96.86281688901077,39.25946236925247],[96.79386175144494,39.34395876274843],[96.6163249846917,39.33367613238545],[96.4877894539862,39.4145361441795],[96.25091878846241,39.40022509419811],[96.18113866045532,39.484408562902274],[95.88486320889467,39.465767400123426],[95.81460699603792,39.54976127686006],[95.16264683635606,39.50607404850091],[95.09748019433896,39.54581404718211],[94.80125426257412,39.52475230836613],[94.74817323297931,39.47660737437612],[94.21577388906607,39.43682101671558],[94.14366811189704,39.519917026213996],[93.25673154769673,39.448374833086056],[93.21174981838679,39.35584723898361],[93.03480060645657,39.34076897992694],[92.99015940891874,39.24817277991688],[92.34281159636653,39.19065242078035],[92.29911914576219,39.09783358164157],[91.88823475200182,39.05944849412696],[91.78659644665896,38.960880355138066],[91.31822098277236,38.91508948305624],[91.21752991532175,38.81609118117453],[90.98390050772099,38.792394453286335],[90.94212389528779,38.69915408403606],[90.76722702700732,38.68105464108558],[90.60938168947624,38.575518229022705],[90.43485391868325,38.556976819458306],[90.3938884292096,38.46357241751454],[87.50238517802387,38.11965722538235],[87.45506703417205,38.068758942543674],[87.3400588909963,38.05363349834097],[87.29879203908772,38.22707069315009],[90.0191525948062,38.556373607611164],[90.17612621566616,38.662618029901665],[90.4090913491985,38.68774839925511],[90.50853979339101,38.787356558098985],[90.68362203000241,38.805801295945926],[90.72513609303446,38.89912821300601],[91.01751029026784,38.92926015519743],[91.17667730469057,39.03432114841302],[91.64571474523329,39.08061707065809],[91.6964887952621,39.12996775383558],[91.9313933652955,39.15240052827415],[91.98240507998916,39.201643110717654],[92.15880311166524,39.21812587695574],[92.32018603374446,39.32181729664677],[92.55587754752817,39.34314196788685],[92.65905505630974,39.441135845311955],[92.83616629095587,39.456717079502205],[92.88798455168205,39.50561764693467],[92.74146846619047,40.38104094044783],[92.79387620298894,40.430016842870266],[93.03326127710237,40.450513469198526],[93.07868943735345,40.543187886921814],[93.25855157792702,40.558220949752226],[93.30433161126356,40.65082948150202],[93.4174013798708,40.704512861327004],[93.35368759989953,41.099110046631665],[93.28611543369358,41.13801546940348],[92.62171675239685,41.0818043295537],[92.54616545879416,41.16415409802353],[92.36495825064979,41.148156128538965],[92.28904741681274,41.23036923654395],[91.8661078731921,41.191858327736284],[91.66870683517071,41.26248096522706],[90.88391654510018,41.18631853777936],[90.7459382100205,41.26161486492331],[90.0826482302999,41.19295000490565],[89.88354637485374,41.26096351812086],[89.40165009264999,41.208280992383884],[89.37308123014859,41.339138878715005],[89.30320655748793,41.37603798648212],[89.25512716519665,41.594159252319685],[89.30601831528692,41.64454158590954],[89.25776835683754,41.86274882534583],[89.11681356950562,41.936449820962245],[89.07762077368204,42.1110362028637],[88.94590629640466,42.140935034470964],[88.86507221886727,42.22130074385762],[88.8040861345899,42.21434652593788],[88.7230105723842,42.29463840217471],[88.66197601113183,42.287620187589674],[88.58065847804757,42.36783802255838],[88.5195756199752,42.360755667958884],[88.43801563132139,42.44089925159588],[88.25465941895408,42.419378166967455],[88.17273627646416,42.49937252713534],[87.84584849809741,42.54995611568801],[87.76331862925674,42.62972501614462],[87.70209514023958,42.62227629900645],[87.55805080489421,42.6944559333333],[87.43554894953398,42.679347425610175],[87.35241129943505,42.75888885753099],[87.29112047605388,42.75125597626558],[87.14640087173379,42.8230229556617],[86.90118598323431,42.79195968807389],[86.81732152402986,42.8711949229893],[86.7559924128337,42.86332307278265],[86.73327036267113,42.95039133381099],[86.5875850571918,43.021599988677664],[86.57610252533478,43.06513242176475],[86.4416080012502,43.09266528649747],[86.35687586889286,43.1716676103215],[86.29533895065462,43.16358684717983],[86.14877766530591,43.23436428842219],[86.02565702662152,43.21798907414226],[85.99003548336073,43.34850574352152],[86.17506590562833,43.373081725959175],[86.26024144557283,43.29415737881729]]]]}},{"type":"Feature","id":"video-289-17","properties":{"year":289,"kind":"nominal-affiliate","regime":"西晋西域都护名义范围","name":"西晋西域都护名义范围","is_jin":false,"is_western_jin":false,"source":"史图馆《中国历代疆域变化第十五版》用户本机视频年末帧","source_frame":"work/jin-video/frames/289.png","source_video_url":"https://www.bilibili.com/video/BV1bc411D7WB/","coordinate_system":"WGS84 longitude / latitude","fidelity":"source-outline-hand-traced","boundary_evidence":"视频米黄色区域外有晋橙色外框；手描外框并单列名义范围，不并入中国州郡统计。","is_jin_affiliate":true,"source_timestamp_seconds":217.933,"source_frame_index":6538,"source_frame_sha256":"64fed4ad0a10129942af896e122f961bdcf2883bef2ee723acaf7d2de32b0288","source_video_sha256":"3cb314543d4b8cbc135df61cb5330dc41729f1efb55bad66a3f321b4bf66f46a","source_colour_semantics":"米黄色填充及晋橙色外框"},"geometry":{"type":"Polygon","coordinates":[[[71.76503539629118,39.65695986624242],[74.42571733132023,40.48647758026491],[76.63281772323649,41.43191858911366],[80.98626355228228,42.58308843882056],[85.28814219917449,43.11746225607471],[88.3026881847287,43.277574006536895],[88.91202078875271,41.465915196028675],[91.68028258161803,41.53081673247071],[92.71918926882331,40.51240099302857],[94.60500519661475,40.48555471886933],[94.86656061691266,39.485158500491494],[92.76136346752729,38.82877633398126],[87.8003652901583,38.11352575878742],[85.31226142340574,37.18568597500722],[82.01331449531962,36.193582691586656],[78.50100997823739,35.647760603582945],[75.24940828292881,35.976281606047024],[74.38727828172331,36.922715742689945],[73.3327859703456,37.12646508027743],[72.5632166038174,38.04589090761829],[71.76503539629118,39.65695986624242]]]}},{"type":"Feature","id":"video-308-18","properties":{"year":308,"kind":"regime","regime":"坚昆","name":"坚昆","is_jin":false,"is_western_jin":false,"source":"史图馆《中国历代疆域变化第十五版》用户本机视频年末帧","source_frame":"work/jin-video/frames/308.png","source_video_url":"https://www.bilibili.com/video/BV1CA4m1L7WJ/","coordinate_system":"WGS84 longitude / latitude","fidelity":"source-colour-vectorized","boundary_evidence":"按视频可见政治色块及外轮廓提取；文字、河流形成的小空隙闭合；不是逐县控制证据。","classification_note":"","source_timestamp_seconds":74.967,"source_frame_index":2249,"source_frame_sha256":"086b36710da7789ec1c78a52d60f7e688d678b5e9a99070fe1ed451ef21759b0","source_video_sha256":"706fb20d8a79e6cdf06e8e2ec157df70d3083f3d41a2b6fb8e09381888009baa","source_colour_rgb":[90,136,183],"source_hsv_ranges":[[98,111]]},"geometry":{"type":"Polygon","coordinates":[[[101.74794520328261,52.25283270929989],[101.66899968140822,52.389711728872356],[101.5204345766607,52.479269504708384],[101.44862705360477,52.477922289358716],[101.37145554105625,52.56873856694407],[101.29955130978065,52.56732060819745],[101.22206151598355,52.65811860497982],[101.15006064176133,52.656629616005084],[101.07225144444283,52.74740930445331],[101.00015399553827,52.74584899659455],[100.9220242711174,52.83661034720627],[100.84983031881599,52.83497842997317],[100.16818489883693,53.23493900944023],[100.16459506865353,53.28125930469181],[100.09191977651214,53.27926491832219],[99.24599041536683,53.76532310479203],[99.23739677246044,53.8583130593054],[99.15973378879764,53.90238840077099],[99.14661629890017,54.04204464669909],[99.21580231899254,54.09108864520819],[99.17213456437098,54.557966993767515],[99.09356420897561,54.60226415284948],[99.0167745223369,55.40052497782116],[98.93703712262086,55.44507470582627],[98.91376209130944,55.68103555056279],[98.83359457234218,55.72564927523154],[98.73742286593595,56.67522747806452],[98.93424082603471,57.01783610335599],[98.7030644480626,57.00973402726792],[98.62102161194079,57.054836977124744],[98.15854452472819,57.03737361037632],[98.07607211695856,57.08220656478324],[97.29935939700893,57.0975438145216],[97.21619136303157,57.14195561835297],[96.67644318284553,57.11663955581841],[96.59280688694577,57.16073205602366],[94.96759075265902,57.12067522918887],[94.88275138658639,57.163859817665816],[93.1146588896144,57.04772410748722],[93.04721426451322,56.99461035024085],[91.21159668957168,56.85193585933092],[91.14599279919092,56.79813238296723],[90.68888400205232,56.759010144252976],[90.62382879378742,56.70504280027365],[89.63639831984942,56.6154544335909],[89.57240407764596,56.56113732324677],[89.04242463087739,56.51019428431967],[88.97905483866994,56.45569592697348],[87.54644966876677,56.30813179827983],[87.4845915175811,56.2531507489948],[86.95905347568338,56.195395048896614],[86.89782281142752,56.140246085206364],[86.2990084298005,56.071942911112814],[86.02885740912465,55.94375467036498],[85.73070819871825,55.90829902103677],[85.67083869876399,55.85283196174634],[85.10616993129803,55.687277937083216],[84.98805892245825,55.57611100522526],[84.63365327082157,55.483151199920854],[84.51675902785071,55.37184178207108],[84.36943425263428,55.35285427676781],[84.17976699895056,55.23189204887035],[83.69780762262641,55.07182817882462],[83.43724394200416,54.940451484993325],[83.32345682528486,54.82880460125822],[83.1777639112598,54.80879417114594],[83.06467139945721,54.697086949324415],[82.91936430719856,54.676858226672856],[82.40579332847072,54.41215824758296],[82.18412782039152,54.18841282671483],[82.11218632313626,54.17794992831017],[82.07387990498844,54.07657668175031],[81.87547629884433,53.999585243568916],[81.65710264966172,53.77584148986367],[81.51434927807695,53.7544669791281],[81.13686758605816,53.362844441066365],[81.06602743719381,53.35196839090552],[81.08331879099192,53.30691945630246],[80.95916560361468,53.240083597996644],[80.92323340446556,53.13917447502376],[80.78214495673959,53.11723179752485],[80.72911087537541,53.06128700030403],[80.79957228706198,53.07229379638833],[80.90474640305612,52.9934087882077],[81.06281887369397,52.970285403626065],[81.08000969687778,52.92536431169383],[81.29119610144849,52.95777622141964],[81.3955769452386,52.87862283629292],[81.46595025259856,52.88931007221778],[81.57000414097313,52.81007761035855],[81.72738169600184,52.786303198879295],[81.74405861598301,52.74136861828843],[81.95496859111833,52.772826170874716],[82.0582298365785,52.69333037776199],[82.21513852159585,52.66907653858692],[82.23144413200454,52.62412707017666],[82.61489991418446,52.58527216650855],[82.95916948115554,52.44555907355829],[83.09949160579548,52.46540669296123],[83.20084385818213,52.38532041253687],[83.27096550765091,52.39514512767556],[83.61279084830795,52.25415009083584],[83.75289382905312,52.27337316159238],[83.85313224034165,52.192962524258405],[83.92314244579248,52.20247571415331],[84.02305866492566,52.121992307279044],[84.1778136830235,52.09583885003863],[84.20738853764391,52.00590785849219],[84.54510665981624,51.86320601827835],[84.55959634729896,51.818268324118236],[84.62930332436399,51.82743483120573],[84.88133497048378,51.71989273553979],[84.8955596379559,51.67496508142562],[85.0488911215805,51.648008310103826],[85.07705733364419,51.558174775044826],[85.2439793796486,51.486149552443436],[85.25790231583056,51.441255072007685],[85.41053102551763,51.41397397522729],[85.78306712646587,51.13457018462688],[85.85220968366954,51.14313921834143],[86.09957185467971,51.03405364648156],[86.11281058862009,50.989207005830345],[86.1818419020033,50.99761801128095],[86.27713099088754,50.91630415732366],[86.42810059159221,50.8880907595824],[86.44108427988544,50.84325455343044],[86.51000314403383,50.851508460564645],[86.67353298912204,50.77823445782649],[86.81130892741497,50.79449269232125],[86.89287913396255,50.757723128313266],[86.9181402616655,50.66805097898127],[87.3239887098948,50.48368981440388],[87.62288636011274,50.42517764888004],[87.7155557370482,50.343236319991966],[87.92124835127885,50.366091783076726],[88.08198237836288,50.29150515535514],[88.49343335610381,50.33592046682667],[88.58488748920071,50.253487050417746],[89.82110272176615,50.379208682010216],[89.93775960370164,50.48255193431166],[90.14460927367709,50.502374132534264],[90.19291208733577,50.5990114566781],[90.46933148694627,50.62492709659424],[90.58745097240761,50.727908929508345],[91.07254611172262,50.771693465016746],[91.1224223052099,50.868178882361086],[92.58370203816608,50.98978449535031],[92.6708106253623,50.90461262452423],[92.8797473184469,50.920707711927065],[92.96637748164729,50.835400677864385],[93.17516398129233,50.85108050471319],[93.22820131834655,50.946893532852734],[94.13545068695241,51.01122802071278],[94.44481686802267,50.84834124985194],[94.58424487181104,50.857462575141206],[94.66855416156629,50.77122325050917],[94.73819647063614,50.77569460737396],[94.8221973916641,50.68941072556354],[94.96840202912463,50.65282233794872],[94.97545639883435,50.60748081030027],[95.46206705007157,50.63708839121551],[95.54493502858233,50.55047333645734],[95.89234279291276,50.570460741139826],[95.97455722478693,50.48364301330031],[96.18284023853548,50.49513215636303],[96.40329609646473,50.41561397630326],[97.3057152005356,50.46073161910115],[97.36442048523222,50.55479664897952],[97.57315039953757,50.564363939401574],[97.6323334018306,50.65837983862588],[97.77172583473009,50.66454601602449],[97.90109442460043,50.76154687464064],[98.11055960318436,50.77037991232442],[98.10566944461925,50.81588871897655],[98.24064094021357,50.86714887829615],[98.30106164262102,50.96106599977979],[98.37110835832166,50.96386068897991],[98.3187944121756,51.465810018068375],[98.45528933042067,51.51708142935585],[98.57814785593433,51.705525363336456],[101.13245289434892,51.78114371602905],[101.12396258960715,51.918798639356446],[101.26084912196505,52.01359909030469],[101.68129111199568,52.159587715827065],[101.74794520328261,52.25283270929989]]]}},{"type":"Feature","id":"video-308-19","properties":{"year":308,"kind":"regime","regime":"敕勒诸部","name":"敕勒诸部","is_jin":false,"is_western_jin":false,"source":"史图馆《中国历代疆域变化第十五版》用户本机视频年末帧","source_frame":"work/jin-video/frames/308.png","source_video_url":"https://www.bilibili.com/video/BV1CA4m1L7WJ/","coordinate_system":"WGS84 longitude / latitude","fidelity":"source-colour-vectorized","boundary_evidence":"按视频可见政治色块及外轮廓提取；文字、河流形成的小空隙闭合；不是逐县控制证据。","classification_note":"","source_timestamp_seconds":74.967,"source_frame_index":2249,"source_frame_sha256":"086b36710da7789ec1c78a52d60f7e688d678b5e9a99070fe1ed451ef21759b0","source_video_sha256":"706fb20d8a79e6cdf06e8e2ec157df70d3083f3d41a2b6fb8e09381888009baa","source_colour_rgb":[146,201,210],"source_hsv_ranges":[[86,100]]},"geometry":{"type":"Polygon","coordinates":[[[99.85951029946322,57.046870304248046],[100.09868552619052,56.95747081489415],[100.86930874871192,56.976353712652454],[101.02977545306248,56.88389981587358],[101.72270061719715,56.89697079932863],[101.88169309429834,56.80373330272738],[102.49694285357683,56.81217670585995],[102.5777570111165,56.71740053165783],[103.42267131440737,56.72466243632629],[103.57866770960395,56.62990082197936],[104.4991431959318,56.63175959533277],[104.57667703049088,56.53615779687966],[105.26596568276435,56.533695556195106],[105.49513397837966,56.43678716935412],[106.33613070448766,56.428477601996335],[106.56324243417879,56.33012673262133],[107.09740882753655,56.32174373853089],[107.17214092248024,56.27278905138902],[107.55328554946432,56.26551642517557],[107.62759335566048,56.2163736512226],[108.46508073649393,56.19674757187064],[108.53599252792989,56.09970074506225],[109.67524626544275,56.06529922233552],[109.74763926226548,56.01526585841957],[109.97514045127984,56.007297053973446],[110.04722694831203,55.957154263040124],[110.57738119139741,55.93705119607582],[110.64890447630802,55.886667634057794],[110.87581346407747,55.877407559068686],[110.9470289472973,55.82691744199127],[111.47576139862173,55.8038127327267],[111.54156476499648,55.705828664015954],[112.44554668521916,55.66176359331797],[112.58484062693236,55.55957671385743],[113.71093424813046,55.49628097438971],[113.92265664296076,55.38857241584894],[115.0441657801335,55.31580909265004],[115.10389639172851,55.21684411791091],[116.0720816927906,55.14703954162098],[116.13003954906122,55.04783891554664],[116.9461914306651,54.98389563600849],[117.15059357313422,54.8723965443372],[118.84795130228714,54.72303605024746],[118.9011642920102,54.62321786938388],[119.26845399610652,54.58824180259716],[119.40470940027456,54.527637066690104],[119.3836637168023,54.434939555138214],[119.22678244435747,54.402784927210405],[119.1956883990305,54.26387408252066],[119.03932537113491,54.23157625995387],[118.84282510556629,54.014169141282736],[118.68725589672847,53.98158332913713],[118.6575407229218,53.84304348147947],[118.58490687870527,53.84977776280409],[118.4927256950099,53.76417184674124],[118.33794654976192,53.731301032203014],[118.30910512272291,53.592968935055275],[118.23671973298227,53.599526961706616],[118.14536642645567,53.51388242916473],[117.99137354633403,53.48072952983604],[117.94480777121993,53.250592765774115],[117.87277287671066,53.25696359095755],[117.78239438935506,53.171328187900684],[117.62941360833162,53.13790092677599],[117.58439134101927,52.90824485445537],[117.43214092272974,52.87468630541106],[117.40562208797259,52.737077344469206],[117.25387085314651,52.70338353688641],[117.24516933650085,52.65754531501208],[117.08511365291736,52.577890770441094],[117.06799706435142,52.48629068054318],[116.91701418097189,52.452323730445244],[116.80837419248009,51.85830285982482],[116.65898952857894,51.82422545804619],[116.60207525460984,51.50531251660631],[116.73432097373768,51.44836943233833],[116.70170733394707,51.26650577374854],[116.82517142160293,51.1641486252326],[116.80061092864464,51.02798465285194],[116.9317173102728,50.97103635132415],[116.90700754854892,50.835046984522634],[117.03763437255776,50.77807183517627],[116.89813024596131,50.00975992817276],[116.75287028456445,49.976143740399515],[116.66545285048016,49.48064045148761],[116.79362406989337,49.42429365765654],[116.74601036840455,49.154643228395315],[116.86550748055507,49.053429494680195],[116.74712555026056,48.381179369783496],[116.87312976344403,48.32505735186271],[116.78696628673238,47.83349712505325],[116.9119141590567,47.77747385496085],[116.87278266997045,47.55444264827992],[116.99714362236966,47.49841046926748],[116.91113141702267,47.008583141367374],[117.03446311815209,46.952637519898474],[117.01099735577344,46.81924610631176],[117.1339042273107,46.76325508153535],[117.18341770773635,46.668587545155106],[117.24866027262347,46.66275267315506],[117.14626158108325,46.085900326511194],[117.26774733254071,46.02993814647558],[117.25986969558382,45.985623572463844],[117.37314651173308,45.885290054865685],[117.32572557300006,45.61964925674356],[117.44624581955277,45.56361936461455],[117.35947440053508,45.07728672916267],[117.47902719360282,45.02131892514133],[117.52683631843782,44.92706261676403],[117.59042009970955,44.921106340751116],[117.56657907150665,44.78867676690266],[117.68547041106719,44.73258002723227],[117.6615135235558,44.60023434708828],[117.78000786847414,44.544086372812835],[117.75593675874138,44.411822514486715],[117.87403644143794,44.3556229820815],[117.84985272583988,44.22343889815945],[117.96756006049796,44.167187486159484],[117.95945165632828,44.12314777981862],[117.77092911364979,44.14139117882459],[117.69218987974281,44.0593157349511],[117.25239647952263,44.100647611286064],[117.17430961570383,44.01829083249573],[116.35709239569003,44.09093252705733],[116.28711013187001,44.052201228678726],[116.25199140160711,43.8316538115647],[116.1892830113651,43.83699453205933],[116.21021138593524,43.96932126206003],[116.15433175135081,44.01876607510081],[115.4621087909933,44.07550978408899],[115.38616009729417,43.99217597108712],[115.07149777968093,44.01666619774383],[114.99607592880781,43.93313349600385],[114.68154634491702,43.956745080747986],[114.60665198881092,43.87301528250618],[113.66289650436912,43.93910247306467],[113.58923630366156,43.85483638172133],[112.51883099615378,43.921475931411976],[112.44656312125838,43.83661769094153],[111.37549033534891,43.8945135627949],[111.30463215968376,43.809076696753635],[110.86362663093335,43.83030807205036],[110.79345417696862,43.74462619318061],[110.47866096321856,43.75878040850915],[110.40902757567709,43.6729202626277],[108.96120543308596,43.72817323748995],[108.89345609611841,43.64157363653605],[107.69736438903543,43.67531464413391],[107.63755185847474,43.76551113492165],[107.19605137481254,43.77517167518194],[107.13551234935663,43.86517294818719],[106.69332843356814,43.873249220128756],[106.63206217109452,43.96305226036827],[106.31575132698478,43.96782833211344],[106.25392016637794,44.05748562940032],[105.93716249579442,44.06140874770879],[105.874765429222,44.15091860100249],[105.17690134615185,44.15672157156643],[105.11345007496226,44.245911562841314],[104.54167943920828,44.24782179941256],[104.47733749042011,44.33674322224089],[104.0320525579896,44.33641743262611],[103.96698185435707,44.42512439250727],[103.77590703989284,44.42446513442788],[103.71042924106679,44.51307344346358],[103.5191174070313,44.51206597206688],[103.45323154762183,44.60057488012195],[103.13399120595301,44.59816936433552],[103.06753548308325,44.68651783515588],[102.87576215926909,44.68463741692125],[102.80889654266431,44.77288452064135],[102.23292800562872,44.7654072281878],[102.16517084093884,44.85336767048173],[101.71673411397761,44.845714366912546],[101.64824639685101,44.9334457871352],[101.45585249271969,44.92963725661241],[101.38695265393922,45.01726271436368],[101.19434205381626,45.01309847242304],[101.12502926221838,45.10061715676906],[100.67514449254043,45.0896612331806],[100.66658260040816,45.22312085039882],[100.59929909630891,45.265931308383884],[100.40605169615507,45.260693944041144],[100.33549520880982,45.347887364549756],[99.49742906977401,45.321737374577005],[99.42566732409541,45.40849227071549],[98.84516214251089,45.387203452014475],[98.77251483898466,45.47364467825917],[98.19168736492526,45.44969093137596],[98.11815765457682,45.53581338719522],[97.79526919092044,45.521314470465214],[97.74295561086402,46.0107222366972],[97.8079806723606,46.01370858449353],[97.86358758390894,46.105740008237305],[97.98919693812637,46.15612772780379],[97.9845540705242,46.20068624993924],[98.11042646004299,46.250984146874806],[98.10585610339142,46.295560864343656],[98.2319921285128,46.34576870878241],[98.22749471692191,46.39036375197225],[98.35389497753322,46.44048131182235],[98.34060552629002,46.574342402042994],[98.40619307847733,46.57706304937188],[98.46306831501074,46.66903900772581],[98.5901588546433,46.71899888551016],[98.57728043970266,46.85301522141937],[98.64314603698165,46.85563096555679],[98.70057546481658,46.94760658998043],[98.8283619214253,46.99740829451529],[98.80756780074579,47.22107288434275],[98.87380011589433,47.22358734312585],[98.93185578100416,47.31559985939352],[99.06050793803979,47.36526740222599],[99.05649125356251,47.41005542820012],[99.18541472153252,47.45963122727064],[99.1814752832723,47.504439476311205],[99.31067066800055,47.55392327816907],[99.30680893653008,47.598751887120564],[99.43627684314092,47.64814343591323],[99.43249328124925,47.692992541850835],[99.56223431413378,47.74229157930745],[99.55110470028552,47.87692568214452],[99.61800935798534,47.87910715748998],[99.67765213655363,47.97106433401031],[99.8081101682747,48.0202026688703],[99.80455441857505,48.065131137698415],[99.93528813054715,48.114176226470725],[99.93181262453055,48.159125966056095],[100.06282262047306,48.2080775398203],[100.05942783397893,48.25304868967459],[100.19071471669974,48.301906476996365],[100.18740112782568,48.34689917687166],[100.31896549918473,48.395662903785144],[100.31573358829098,48.44067729367373],[100.44757604916322,48.48934668366377],[100.4444262988772,48.53438290379792],[100.5765474491151,48.58295767778215],[100.56733369457532,48.718160151741216],[100.69990880102175,48.76666574833355],[100.69092046504497,48.90199178505056],[100.75889068823315,48.90365998943088],[100.82103600402972,48.995569216880604],[100.95434968588127,49.043910333865554],[100.9515181162279,49.08907414511986],[101.08511442312057,49.13731960060209],[101.07686361881338,49.27291004536297],[101.2109218487243,49.321085972352115],[101.20290616439989,49.45680732727518],[101.33742896257422,49.50491378572887],[101.32965117384092,49.640768646801185],[101.46464120374483,49.688805696225614],[101.43685236051175,50.187919275001725],[101.57304733731411,50.2359991381579],[101.54086761828817,50.82782069143419],[101.39827012116069,50.87074711624078],[101.36417205070035,51.46475233007362],[101.21730269996375,51.55346980456187],[101.19514329856362,51.92029252085677],[101.40870464911467,51.92457480543504],[101.47731239429487,51.971856774460335],[101.46953369007213,52.109703553451205],[101.68373889272172,52.1136058739356],[101.75274932927066,52.16082324694371],[101.74071324023758,52.390954899668785],[101.59476880416736,52.434501686724055],[101.51785580306921,52.525364014241475],[101.44599686641574,52.52401514435094],[101.36876624600472,52.614859426499116],[101.29681046830453,52.61343973354601],[101.2192611053032,52.70426594557423],[101.00311367009641,52.6996921124199],[100.99422185846294,52.83820836063193],[100.91899983800901,52.88281104268504],[100.70227338527155,52.87780755227005],[100.62356057406276,52.96850321958041],[100.55122597355066,52.96672934449408],[100.54462460801973,53.05921858337998],[100.3929292938385,53.14810326652738],[100.24787138861527,53.14429941596168],[100.23727485750685,53.28321946949108],[100.08827213697845,53.32559888426105],[100.00813224190252,53.416279405919475],[99.93530820698624,53.414209135548866],[99.85483940412212,53.504871273947366],[99.78191932143775,53.50272721951848],[99.70112047595062,53.59337092937398],[99.48208781315051,53.58661316849644],[99.40075595067499,53.67715842294211],[99.32765474694381,53.67479687019498],[99.22007101983752,54.84144563462461],[99.06668344327508,54.88336593733481],[98.99842130892492,55.58918358905951],[98.83832719848303,55.67839828484323],[98.77141561809556,56.341863182002996],[98.91917369482657,56.39476163722988],[98.857175367863,57.01517286797856],[99.85951029946322,57.046870304248046]]]}},{"type":"Feature","id":"video-308-20","properties":{"year":308,"kind":"regime","regime":"匈奴余部","name":"匈奴余部","is_jin":false,"is_western_jin":false,"source":"史图馆《中国历代疆域变化第十五版》用户本机视频年末帧","source_frame":"work/jin-video/frames/308.png","source_video_url":"https://www.bilibili.com/video/BV1CA4m1L7WJ/","coordinate_system":"WGS84 longitude / latitude","fidelity":"source-colour-vectorized","boundary_evidence":"按视频可见政治色块及外轮廓提取；文字、河流形成的小空隙闭合；不是逐县控制证据。","classification_note":"","source_timestamp_seconds":74.967,"source_frame_index":2249,"source_frame_sha256":"086b36710da7789ec1c78a52d60f7e688d678b5e9a99070fe1ed451ef21759b0","source_video_sha256":"706fb20d8a79e6cdf06e8e2ec157df70d3083f3d41a2b6fb8e09381888009baa","source_colour_rgb":[218,211,164],"source_hsv_ranges":[[18,39]]},"geometry":{"type":"Polygon","coordinates":[[[79.12311366460726,46.93454242348993],[79.20394259286013,46.902625774270106],[79.459773624618,46.94774003807643],[79.55711366510299,46.87232456890057],[79.87710158153641,46.92786217462902],[79.97394961044188,46.8521729529324],[80.29417817784788,46.906785495633315],[80.39053135926191,46.83082438758527],[80.71098893303055,46.88451139418189],[80.80684448891785,46.80828027784583],[80.99918979605309,46.84002088189158],[81.09465969113145,46.76361203861908],[81.41534439448205,46.81572711242868],[81.51031251636076,46.739051578526905],[81.7027839703311,46.76984925295422],[81.79736436557971,46.69299845638095],[82.11824246006137,46.74354244414257],[82.21231711368642,46.666428293904325],[82.4048945155912,46.696283638788316],[82.49857950846861,46.618996693218556],[82.819617407935,46.667970747516264],[82.91279287094527,46.590423801858705],[83.23398874766998,46.63847231275988],[83.32665227180631,46.560667296496554],[83.64799456369977,46.60779024025954],[83.74014380017427,46.529729090954895],[83.88249109293153,46.5045855353183],[83.89628210164793,46.4608834460973],[84.21753955759931,46.50672229392865],[84.30890072347944,46.428327276206986],[84.63027697789711,46.47324174266051],[84.72111938167215,46.394595419497314],[84.91395990394409,46.42107479681765],[85.00440658974853,46.34226451923605],[85.14588718640016,46.31589397133247],[85.15883332808986,46.27210333636849],[85.35149537234483,46.29798615592659],[85.4412755658057,46.21893569541315],[85.63389346310814,46.24443585432034],[85.72327753776672,46.16522407837886],[85.91584808277875,46.190342087982266],[85.99246055909946,46.15481126687313],[86.05417865065189,45.93565796136447],[85.93859941953814,45.87527710959116],[85.89946574405674,45.77937717663381],[85.7080494160267,45.754271724085314],[85.61918144020645,45.83336752909917],[85.55534471081127,45.82490088105173],[85.51677329223538,45.728912453144574],[85.3256386371111,45.70329969981163],[85.33835592892515,45.65958074507826],[85.22386820370454,45.598678188117624],[85.23663065102828,45.554982512097396],[85.12240600276525,45.49401827134814],[85.13521324744526,45.45034566863534],[85.0212508470737,45.38931980272774],[85.03410253330465,45.34567006893566],[84.92040155403507,45.284582635253656],[84.88300892423598,45.18858368201162],[84.81985694567042,45.179806621692414],[84.84571971014003,45.092601719267094],[97.90995550942097,46.28690966397179],[98.03593173598333,46.33728756253462],[98.031307035712,46.38187509238589],[98.15754764345056,46.43216314709192],[98.21396721449766,46.52418954881612],[98.2795015222893,46.526967216957],[98.26604905731973,46.66086241147929],[98.39297978816894,46.71099392400629],[98.44994913177236,46.80301952661359],[98.51576143563689,46.805692674799126],[98.50271980712066,46.93974506678488],[98.63034631690164,46.98971956568637],[98.61749595245027,47.123874570948345],[98.74555378789229,47.173782654656556],[98.73289699846347,47.30804250040492],[98.86138862381877,47.35788428173124],[98.85724050017006,47.40266542059746],[98.98600361645158,47.45241592489653],[98.98193233287164,47.497217403368566],[99.11096755083136,47.54687637966632],[99.10697356728326,47.59169833606002],[99.23628149702114,47.64126553099019],[99.23236527569487,47.68610810386719],[99.36194652662547,47.735583261654824],[99.35810853194333,47.78044658982269],[99.48796371276194,47.829829452267695],[99.54738492125706,47.921820404051],[99.61433413003203,47.924003981240226],[99.60327893946872,48.0587452481048],[99.73385302119117,48.107968177782304],[99.73024286235744,48.15291184662043],[99.8610934441725,48.20204174811426],[99.85756359295615,48.24700695497992],[99.98869128296619,48.29604355942115],[99.98524221692934,48.34103044565888],[100.1166476223388,48.38997348165691],[100.11327982131819,48.43498218886803],[100.2449635483969,48.4838313824928],[100.24167749450869,48.528862052535224],[100.3736401485547,48.57761712729936],[100.4349515173628,48.66954677932074],[100.50267851150097,48.6713305791283],[100.49330252350494,48.80658385552753],[100.62599981749547,48.85517592559937],[100.61684900069847,48.99055422847921],[100.75000401057231,49.03907776593551],[100.81226384337039,49.13105067946962],[100.88047162650983,49.13266491101615],[100.87180286399564,49.26824057864296],[101.00570248877047,49.316600269353856],[100.99726644148967,49.452307205489085],[101.13163044541065,49.5005982678305],[101.12342987227659,49.63643907764055],[101.25826092461085,49.68466158133368],[101.23427505741293,50.09288663999053],[101.37012496716947,50.1411253605971],[101.34141938986065,50.64146077174603],[101.47849008463858,50.68975027125749],[101.47595229346088,50.73532062713667],[101.40605112862225,50.73396814042835],[101.33087168485818,50.82375392423724],[101.18814551949686,50.866480769686255],[101.14090718617992,51.64361118393895],[100.50315096427259,51.628775102340065],[100.42567419864032,51.718598095318065],[98.65358709981814,51.66242795161313],[98.6672704422719,51.525180053957655],[98.53059121471343,51.47409658086895],[98.56294069535842,51.15443622297628],[98.4271200169788,51.10337650837329],[98.45048907391336,50.875515240544246],[98.31533571809484,50.82444021565059],[98.25502068969307,50.73060435772958],[98.04566331918673,50.72197401646793],[97.9858293244731,50.628086766492046],[97.77683666593407,50.619088278955076],[97.78194040244713,50.573642249478105],[97.64793319448107,50.522060792639664],[97.5888507901655,50.42812410142399],[96.13211461079247,50.355317521626695],[96.05026977340898,50.44215827142124],[95.8421787293467,50.43048922679049],[95.75985570868946,50.51720832485133],[95.27399908253419,50.488583661135635],[95.19085145236348,50.57501858971974],[94.84364658733868,50.55341259093618],[94.75984855847275,50.63964066760938],[94.69034952115659,50.63518286173221],[94.60624441884734,50.72136603274583],[94.53666908622475,50.71683521096355],[94.45225603940452,50.80297328869119],[94.30542808577412,50.839091672877316],[94.29788272027103,50.88446199473604],[94.088730639288,50.870332994952236],[94.00352760095367,50.956296850673944],[93.51526801343181,50.92191440019339],[93.46183017460478,50.82621662679202],[92.83580087099894,50.779511893025116],[92.74907441330551,50.864715813862816],[92.54034950222649,50.84844552461089],[92.45314576236511,50.933513683802964],[91.40989246188333,50.84721558849308],[91.35960821621522,50.750837343921084],[91.01301883831601,50.72038409831527],[90.96341635925715,50.62394573174009],[90.34134589297872,50.56696763531635],[90.2928479316087,50.47039564021481],[90.08605424951422,50.4507808660052],[90.03801773436315,50.354190467854664],[89.69417068998649,50.32078139957863],[89.64680523919029,50.2241367668917],[89.02973164803886,50.161876157399995],[88.93896403536218,50.24453808182091],[88.32239883014775,50.17936151364236],[88.23071893195244,50.26160092558252],[87.888342559974,50.224082090226794],[87.7960571139719,50.306075511894036],[87.59059648075949,50.2830565387439],[87.4978561972932,50.364893168912474],[87.4293270223544,50.35711253682869],[87.3362806298175,50.43888324095641],[87.2676934112946,50.4310256485855],[87.17434025715508,50.51273011991645],[87.1056952725167,50.50479533929846],[87.01203470706515,50.58643326796676],[86.94333223702802,50.578421070569],[86.84936361343404,50.65999214358146],[86.78060394197922,50.651902300304585],[86.686326616348,50.733406201523344],[86.61751003073677,50.725238482707965],[86.52292336216641,50.806674892832994],[86.45405015295623,50.79842906826612],[86.35915350359517,50.87979766481786],[86.29022396465548,50.871473503739686],[86.19501669976049,50.952773961041586],[86.1260311282885,50.94437123215235],[86.03051261628306,51.02560322131345],[85.96147131281931,51.01712169278043],[85.86564092535238,51.09828488167795],[85.79654419379644,51.089724321142675],[85.70040130580158,51.1708183744045],[85.63124945342734,51.16217854899008],[85.53479344318238,51.24320312797738],[85.4655867806536,51.23448380429593],[85.36881702984046,51.315438567085785],[85.21640223456939,51.34266110310804],[85.1745530246339,51.47728399682075],[85.10514566300809,51.4683872005972],[85.00757684709961,51.54922882959842],[84.85446175137358,51.576127096669374],[84.81170819224616,51.71084792764308],[84.74210088785085,51.701771795993245],[84.64372658092108,51.7824996240261],[84.57406592927572,51.77334240445756],[84.47537311712973,51.853998825022074],[84.40565945314775,51.84476027852338],[84.30664753619821,51.92534492643321],[84.23688119832615,51.91602481353044],[84.13754958087942,51.99653732014935],[84.06773091111134,51.98713540091518],[83.96807900143155,52.06757539413899],[83.89820834532365,52.05809142820184],[83.79823555569695,52.138458532440964],[83.72831326238173,52.12889227899442],[83.62801900918106,52.20918611515629],[83.55804543138171,52.19953733296839],[83.45742913513187,52.279757518439695],[83.30194429627824,52.30521142824586],[83.28646571461935,52.3501721144923],[83.07630470003186,52.32063417634839],[82.97489957128755,52.400602200131715],[82.81893414592737,52.425585707722256],[82.80308896837298,52.470534277120365],[82.59276044215395,52.44030756011693],[82.49056609612614,52.52001986689147],[82.33412500771894,52.544529744254696],[82.3179113642087,52.58946488650144],[82.10742557989418,52.55854652565173],[82.00444175703794,52.63799951891339],[81.93425489584268,52.62757776424185],[81.83094612253022,52.70695291743669],[81.67380132567015,52.73081999946518],[81.65707796084067,52.77574354353202],[81.44630597520211,52.74387643355957],[81.34220690538106,52.822987328281506],[81.18459817974245,52.84637293797961],[81.16750178486456,52.89127993560723],[80.95659714147403,52.85871412570471],[80.85170781842677,52.93755706521608],[80.78138548019027,52.92658499887414],[80.6761693836701,53.005347028109995],[80.6058028535368,52.994289224396574],[80.62332026939316,52.949411806952334],[80.50033774594122,52.88238424977271],[80.51789832685417,52.83755532349644],[80.3952400604746,52.770497843077365],[80.4128433605072,52.72571696481997],[80.29050811474508,52.658629420281045],[80.30815369153996,52.613896151156496],[80.1861402347938,52.54677840267865],[80.2038276495455,52.5020923080005],[80.08213475506089,52.43494421680072],[80.04801675370607,52.33441711894785],[79.97849001835148,52.323126294326755],[80.03172573099715,52.18938163809716],[79.91080046340426,52.12224110754338],[79.8771133473472,52.021889223064605],[79.80795250370161,52.0105447923352],[79.86128312160169,51.877139322829784],[79.74111708133995,51.81000349385737],[79.75890917923152,51.765590291409175],[79.63905599414761,51.698422547230294],[79.65688735024636,51.65405326580773],[79.53734583332422,51.58685348048055],[79.55521603549212,51.54252772083846],[79.4359850044413,51.4752957691968],[79.45389364384332,51.43101313570589],[79.334971921091,51.363748893339604],[79.35291859216942,51.319508993934654],[79.23430500485196,51.25221233717006],[79.25228930530109,51.20801478329905],[79.13398268525548,51.14068558917992],[79.15200421599623,51.09652999575403],[79.03400339975131,51.029168142023],[79.05206176490616,50.98505412736754],[78.93436559367365,50.917659492447676],[78.90278714318185,50.81785595579995],[78.83506772020685,50.8061591412306],[78.88938710477396,50.674090548118535],[78.7724168765729,50.60669250051309],[78.8266972100355,50.474798175417924],[78.71014656768395,50.40742824095094],[78.7643872806117,50.27570453312443],[78.64825338559494,50.20836136043672],[78.70245392111264,50.07680468516685],[78.58673396234259,50.009486947083346],[78.81987751001053,49.440629643518605],[78.7051477610109,49.37362582316797],[78.8999514632404,48.893590908741885],[78.78608200756702,48.82682765347017],[78.97872175695302,48.34792713702668],[78.86570004493586,48.281391320754594],[79.02178110598007,47.89037178702592],[78.90948413503457,47.824000415915776],[79.06425921864394,47.433683972930055],[78.98693942214538,47.28084171508941],[79.12311366460726,46.93454242348993]]]}},{"type":"Feature","id":"video-308-21","properties":{"year":308,"kind":"regime","regime":"悦般","name":"悦般","is_jin":false,"is_western_jin":false,"source":"史图馆《中国历代疆域变化第十五版》用户本机视频年末帧","source_frame":"work/jin-video/frames/308.png","source_video_url":"https://www.bilibili.com/video/BV1CA4m1L7WJ/","coordinate_system":"WGS84 longitude / latitude","fidelity":"source-colour-vectorized","boundary_evidence":"按视频可见政治色块及外轮廓提取；文字、河流形成的小空隙闭合；不是逐县控制证据。","classification_note":"","source_timestamp_seconds":74.967,"source_frame_index":2249,"source_frame_sha256":"086b36710da7789ec1c78a52d60f7e688d678b5e9a99070fe1ed451ef21759b0","source_video_sha256":"706fb20d8a79e6cdf06e8e2ec157df70d3083f3d41a2b6fb8e09381888009baa","source_colour_rgb":[235,153,209],"source_hsv_ranges":[[147,175]]},"geometry":{"type":"MultiPolygon","coordinates":[[[[81.58976844336841,46.705837760434385],[81.68438739575676,46.62907861496551],[81.87662639597924,46.65963274160705],[81.9708581808578,46.58269909235881],[82.29134445883378,46.632838704879106],[82.38507092071862,46.55564288562805],[82.7057295625923,46.60485831615164],[82.79894822396227,46.5274022375741],[82.99138545198711,46.55646147348582],[83.08421380091977,46.47883477519985],[83.40500396967643,46.526483754176084],[83.49732089334043,46.448600147596906],[83.81825229663015,46.495325303557664],[83.83208251284353,46.45163077921364],[83.71762637768398,46.38936662751362],[83.73149941316521,46.34569786287065],[83.61731186405822,46.28337681250139],[83.63122735959153,46.23973358028754],[83.51730751631638,46.17735566456521],[83.53126511514118,46.13373773878637],[83.33978621846252,46.10544020205373],[83.30416582275637,46.00879139922094],[83.1909260148123,45.94620314710535],[83.20504351922119,45.90265034475901],[83.09206857786114,45.84000557365017],[83.10622682268799,45.79647740560533],[82.78904113280082,45.74828638388554],[82.75437660590497,45.65161391174263],[82.56456040264517,45.6223287889126],[82.53027327886525,45.52564010227648],[82.34089900737618,45.49606921404865],[82.3069871137085,45.399364416111226],[81.48946874079165,45.26820491855071],[81.39649208027318,45.34449606839226],[80.70659608422419,45.22942311226355],[80.67509537429692,45.13241984265735],[79.86395784661025,44.992040964649206],[79.83373994112777,44.894920424178046],[79.64729823063827,44.86184570919058],[79.61743877530009,44.76471430911457],[79.50959133505492,44.69950497904912],[79.52573709285438,44.656503318516016],[79.34007950455907,44.623045682300834],[79.29450117954784,44.56887452042139],[79.34318497181468,44.43999707692546],[79.28150008392208,44.428797767801264],[79.25233221002833,44.3317013440696],[79.14549108471489,44.26628851331809],[79.16176010739717,44.22337688281665],[79.0551684111568,44.157913121388574],[79.07146751548613,44.115023453544254],[78.96512439469004,44.04950873788314],[79.01405140041919,43.92091245669231],[78.95287398879823,43.9095837989881],[78.92437341340145,43.8125431488076],[78.81862311143226,43.74696421030764],[78.8676071642911,43.618509502107734],[78.76219983961006,43.55291656689912],[78.77853698141229,43.5101212886518],[77.74790195461244,43.312414060997035],[77.60059293053962,43.191490927464145],[75.97923643778648,42.860459157550714],[75.95520220966509,42.7630740322406],[74.5881431029102,42.46622529832602],[74.49171046251978,42.53735569921805],[74.19583440029274,42.470841648646406],[74.09900633288602,42.541697245064945],[73.80348122842004,42.4743400227215],[73.70626067546235,42.54491953160647],[73.52909424267781,42.50407484580107],[73.43156287826227,42.57446405681962],[73.2544812377722,42.53326414678257],[73.1566400780728,42.603462295681524],[72.9796461415289,42.56190717956934],[72.8814962197653,42.63191350395846],[72.70459290174459,42.59000320998246],[72.6848671836196,42.63192928950599],[72.54717543522216,42.64575328670937],[72.44848709987949,42.715461660650675],[72.38951247139178,42.70132919033385],[72.29059333293722,42.770931887009944],[72.2316042325982,42.756730513294904],[72.17138407627168,42.88234459653844],[72.23046521878238,42.896575080739154],[72.2494281200661,42.99456477830735],[72.34778703199518,43.06485279560539],[72.32771875820185,43.10676581077437],[72.426310663447,43.17701407048226],[72.4062570634336,43.21894803141221],[72.52509782287761,43.24720232114171],[72.60410445030105,43.35930522117441],[72.6636701285659,43.373364354636735],[72.68336155184905,43.47138986866248],[72.78281539123523,43.54143872028963],[72.76287021902323,43.583456603691594],[72.86256088433318,43.6534659723867],[72.82267844557006,43.73754672237359],[72.90270958046627,43.84960089869541],[72.8827486822032,43.89166537375023],[72.98299581917524,43.96163842702036],[72.94308261016458,44.04581392315966],[73.023657995489,44.1578808676529],[73.00368192470991,44.19999374872311],[73.06404229613833,44.21390851574664],[73.08453177951729,44.31206846583327],[73.18558332638194,44.381968692947794],[73.1456742385775,44.46628966847084],[73.22706069684342,44.57835882003759],[73.20708710866793,44.620545888852476],[73.26785199239403,44.634388154876724],[73.28875259458295,44.732625302918585],[73.39061987358876,44.80245573713447],[73.37068117855983,44.84469141130269],[73.47279490473544,44.91448422681584],[73.45287402194059,44.956744578557796],[73.53533229212206,45.068785170991625],[73.8416874940551,45.13711560915351],[73.88330469910476,45.193052867153156],[73.74454408807473,45.489566299491884],[73.84799076270865,45.559219470382985],[73.82811392342633,45.60161252258932],[74.0134490348653,45.64237321892312],[74.05551120221192,45.6983451472919],[73.9164729889457,45.99548991036919],[74.47648826458277,46.1168680295401],[74.49958163726484,46.2153585546162],[74.60489316704376,46.284623844331726],[74.58527595394423,46.32722143240518],[74.89831299030999,46.39353917534352],[74.92210869001092,46.49205425067556],[75.11050670880691,46.53150770620265],[75.21195476442641,46.459190885681096],[75.65206058073476,46.549979984780606],[75.75296103221928,46.47727905688151],[76.19389151755972,46.566421242452165],[76.29423779347631,46.49333864093577],[76.48341182052154,46.53099694816084],[76.50189954178944,46.48811835784989],[76.64645080882286,46.47017455741933],[76.74617114406321,46.39680317719844],[77.18784612431726,46.482881283287256],[77.28700226099215,46.40913360469738],[77.47647887356231,46.445477907164125],[77.49431999081102,46.40248718086713],[77.63842172435437,46.38355595378389],[77.73694751590779,46.30952502077385],[78.30584934329647,46.41601080876398],[78.40369714874835,46.341517071217794],[78.72025207410688,46.39949067667345],[78.7495445122446,46.497303699768686],[78.85950863170599,46.563459005455194],[78.8424879444793,46.60663908303795],[78.95271865662424,46.672749163452636],[78.90168725105697,46.80238737564694],[79.3486048905119,46.88195110256411],[79.44597400255547,46.806628632121566],[79.63766426324399,46.840173778853845],[79.73465347686977,46.76466908598974],[80.0542786218943,46.81979318763151],[80.15077604752818,46.744015962710314],[80.40662348723869,46.78743211872324],[80.48666960443201,46.75482055333542],[80.37483021899618,46.689868168201315],[80.42297556384554,46.55977805511745],[80.56653104342519,46.53791609990925],[80.66206170596907,46.46187565612665],[80.85336486527098,46.49376952283585],[80.90046241485194,46.363611790172676],[81.0434518582083,46.34129098270859],[81.0590155249498,46.29790253517439],[80.94738109580221,46.23349716219639],[81.02518411399635,46.01673255139036],[81.16741117552826,45.99431453645641],[81.26152195724866,45.91801882786955],[81.3248573921282,45.928393868319674],[81.41870328976344,45.852011386484044],[81.48200154511,45.862314797622446],[81.57558293205379,45.785845856272786],[81.76542159446366,45.81645876943271],[81.81376678032883,45.870010196943774],[81.7687377369175,46.000244566804035],[81.88075874842146,46.0639607223978],[81.8056148641231,46.281215693200046],[81.66300284010957,46.3042876803421],[81.58690073170453,46.5216064964846],[81.50765782696686,46.55479690596818],[81.18812682407777,46.50293621955159],[81.09312614028373,46.57933510079754],[81.02922146855613,46.568834417720495],[80.98222815397624,46.69912852696229],[81.17434635810237,46.730623770280694],[81.26946672550338,46.65413011864455],[81.58976844336841,46.705837760434385]]],[[[80.69461237668547,46.74356297695793],[80.88672264395744,46.77544522239249],[80.98222815397624,46.69912852696229],[80.9024855139121,46.732007165709476],[80.71049027846827,46.700150942820535],[80.69461237668547,46.74356297695793]]]]}},{"type":"Feature","id":"video-308-22","properties":{"year":308,"kind":"regime","regime":"乌孙","name":"乌孙","is_jin":false,"is_western_jin":false,"source":"史图馆《中国历代疆域变化第十五版》用户本机视频年末帧","source_frame":"work/jin-video/frames/308.png","source_video_url":"https://www.bilibili.com/video/BV1CA4m1L7WJ/","coordinate_system":"WGS84 longitude / latitude","fidelity":"source-colour-vectorized","boundary_evidence":"按视频可见政治色块及外轮廓提取；文字、河流形成的小空隙闭合；不是逐县控制证据。","classification_note":"","source_timestamp_seconds":74.967,"source_frame_index":2249,"source_frame_sha256":"086b36710da7789ec1c78a52d60f7e688d678b5e9a99070fe1ed451ef21759b0","source_video_sha256":"706fb20d8a79e6cdf06e8e2ec157df70d3083f3d41a2b6fb8e09381888009baa","source_colour_rgb":[228,226,23],"source_hsv_ranges":[[27,35]]},"geometry":{"type":"Polygon","coordinates":[[[85.79996162596159,46.12979888518861],[85.73582660213417,46.12140462357537],[85.64651419660723,46.20061253836043],[85.45401470883682,46.17513312482375],[85.36430664871735,46.254179813279464],[83.38189994727036,45.974684382611436],[83.39590226244098,45.93110883183929],[83.2827068473987,45.86860880225021],[83.24728892984785,45.77202025841711],[83.05693269676206,45.743378918603355],[83.02189524430757,45.64677315825527],[82.70545692875643,45.5984188551829],[82.67098450656124,45.50177117296559],[82.48161536691921,45.47238915856721],[82.4475184175832,45.375724802080526],[80.50325115170797,45.057272114511036],[80.4721121259306,44.96027191219214],[79.91188115856843,44.86282176662065],[79.88165250123512,44.76574620755684],[79.69553350157817,44.73274644587844],[79.66566215403093,44.63565924407315],[79.4799928755323,44.602387335905625],[79.49613440437366,44.559400171740286],[79.3887169602115,44.49413424522656],[79.43717531903265,44.365249352574615],[79.33011047216361,44.29997134029528],[79.34627422655029,44.257034813613096],[79.23945921836174,44.19170555125215],[79.25565348715614,44.14879101494817],[79.14908746453034,44.08341048139007],[79.12024553754739,43.98636993815258],[79.05899406907956,43.97508589368172],[79.10769798065935,43.84647965152117],[79.00172623734862,43.78103421379036],[79.05040059858028,43.652505656775695],[78.94477287566163,43.587045859947615],[78.9934172453836,43.45859285839311],[78.94885240155894,43.40446179800431],[76.83543915655372,42.99193240549224],[76.81019058086169,42.894674886801944],[75.91339230288993,42.70807407701306],[75.88949899488253,42.61070541805093],[75.71096180702607,42.572672469028824],[75.68738896998624,42.47529302159335],[75.15368725740454,42.359755656189144],[75.0579608126542,42.43126768968156],[74.64376636296053,42.33969334959014],[74.54755923907277,42.41084689352456],[74.37024987679963,42.37109485791992],[74.27372928097671,42.44206054494266],[73.97845042842151,42.37509035503266],[73.88153710683059,42.44578093834969],[73.70451587255938,42.405168957325046],[73.60729179427054,42.475669908635396],[73.43035330710231,42.434703179644394],[73.33281947400626,42.50501373677685],[73.15596663384827,42.46369227151947],[73.05812406483082,42.533811674096896],[72.88135977467068,42.49213549425068],[72.78320950557261,42.56206298378324],[72.60653667121592,42.520032121039364],[72.50807975478997,42.58976694101785],[72.44919701016799,42.57566321382725],[72.35051000366721,42.6452924996626],[72.21272888476223,42.65878299467103],[72.19269551193467,42.70064349054377],[72.13378398672157,42.68640222299978],[72.15384788074724,42.64455138733369],[72.05625759507818,42.57418273986315],[72.11642052861443,42.44869049719609],[72.01913360393957,42.378320166767104],[72.03917818985468,42.336509104967014],[71.94211907645231,42.26609793494521],[71.96217716966017,42.22430613068669],[71.8653450365234,42.15385401263967],[71.88541643111807,42.112081249260555],[71.94380827917969,42.12641415535498],[72.04217659556565,42.05713875093924],[72.10055497941401,42.07140359277764],[72.19869717178418,42.00202202671226],[72.33522513615067,41.988561369452],[72.35497793234651,41.946731470473566],[72.6469589141728,42.01713045321841],[72.74449937299093,41.94736465238386],[72.80292627059309,41.96132739137912],[72.90024016355038,41.891456750412125],[73.03642384210187,41.8772993274689],[73.32381649561711,41.24844382644999],[73.45871205033154,41.2338785773768],[73.51535046442233,41.108046330404605],[73.64994723529995,41.093293392884725],[73.70614651351306,40.96740383106573],[73.84044480695718,40.95246395846043],[73.8962074979484,40.82651700906024],[73.9539542862963,40.83996646361364],[74.04867170044523,40.769389997720346],[74.18253532918534,40.75411357138494],[74.23755860607523,40.62805493907056],[74.29521119283255,40.64135525447235],[74.38934279007981,40.57055547147765],[74.56230958227717,40.61018527710251],[74.65614283369216,40.539201358103426],[74.78945683220442,40.52332624348463],[74.94463908092366,40.60455382331582],[74.96662354893257,40.701795075795424],[77.5893950461106,41.26168641948126],[77.6151167949933,41.35853833350582],[78.02724772512703,41.44100125399795],[78.053618680695,41.5377929448035],[78.34898446974232,41.59588457947926],[78.37584277128212,41.692634783597946],[78.67209812317303,41.750039092944164],[78.69944713682737,41.84674725252109],[78.99659065442711,41.90346076102565],[79.02443374478159,42.00012629701086],[79.68070925844152,42.1225177693124],[79.70955788774995,42.21907587162036],[79.8891819956849,42.25188051657569],[79.91836345291104,42.34841555574112],[80.57931583755895,42.466577198370864],[80.66943202305619,42.39133264036082],[81.33198561064795,42.505886894514006],[81.28819889995248,42.634874480908174],[81.39453305547423,42.698418997420404],[81.4259334708142,42.79470012220328],[81.72908022667181,42.84554180647441],[81.68580508166559,42.97473710807671],[81.73216502787238,43.02792431360122],[81.85385673244981,43.048080505108736],[81.94335257680939,42.97192487711897],[82.30852259835017,43.0315121425984],[82.34130888223551,43.12764364729903],[82.64651700356843,43.17650602162293],[82.67982860339959,43.27258548297937],[83.23103918684951,43.35873985967194],[83.26523022916201,43.45471430402698],[83.69548237181482,43.5201283786317],[83.68214007914196,43.56344810196839],[83.79200021739851,43.625245050371674],[83.82708390487723,43.72113636222228],[84.13585369231886,43.766781271202305],[84.17147624750034,43.86261657855635],[84.85313730273964,43.9604932367932],[84.66081032328694,44.61293422965404],[84.7731898104953,44.674113460475695],[84.68261321465495,44.978998154632066],[84.79560475753473,45.04022135932236],[84.75672098105487,45.1710017421704],[84.8700912377121,45.23219949344511],[84.85715727638419,45.27581970050241],[84.97078804145454,45.33695606554404],[84.95789801969227,45.38059894164936],[85.07179011828397,45.4416738652016],[85.05894438897201,45.485339613961685],[85.1730986484862,45.546353039535504],[85.16029756684195,45.59004186556822],[85.27471481696732,45.650993735434376],[85.26195874055506,45.694705844379634],[85.37663981326234,45.75559609956132],[85.41503060187519,45.85163037413315],[85.60661067100276,45.87713541082534],[85.6453909265477,45.9731452351943],[85.83739467219584,45.9983518554068],[85.79996162596159,46.12979888518861]]]}},{"type":"Feature","id":"video-308-23","properties":{"year":308,"kind":"regime","regime":"焉耆","name":"焉耆","is_jin":false,"is_western_jin":false,"source":"史图馆《中国历代疆域变化第十五版》用户本机视频年末帧","source_frame":"work/jin-video/frames/308.png","source_video_url":"https://www.bilibili.com/video/BV1CA4m1L7WJ/","coordinate_system":"WGS84 longitude / latitude","fidelity":"source-colour-vectorized","boundary_evidence":"按视频可见政治色块及外轮廓提取；文字、河流形成的小空隙闭合；不是逐县控制证据。","classification_note":"","source_timestamp_seconds":74.967,"source_frame_index":2249,"source_frame_sha256":"086b36710da7789ec1c78a52d60f7e688d678b5e9a99070fe1ed451ef21759b0","source_video_sha256":"706fb20d8a79e6cdf06e8e2ec157df70d3083f3d41a2b6fb8e09381888009baa","source_colour_rgb":[15,221,160],"source_hsv_ranges":[[66,91]]},"geometry":{"type":"Polygon","coordinates":[[[85.28808169403126,43.3431946021567],[85.22652149153086,43.3346375589507],[85.14014942169003,43.412931073313295],[85.00444987677929,43.439086995928385],[84.89117553818365,43.83009879302208],[83.96375447867435,43.696113259536496],[83.97694890487455,43.65275395222931],[83.86688424567564,43.59109883118183],[83.83181110228719,43.49524532293025],[83.52442479399681,43.44895873050745],[83.4898854752735,43.353049392753626],[83.06083955925457,43.2870263816559],[83.02700563204671,43.191036025862935],[82.59937709955017,43.123611006178876],[82.56624393495834,43.027541563132175],[82.14004266999089,42.958722950779936],[82.10760559041046,42.86257630033909],[81.6828411129266,42.792372480538084],[81.65109539443063,42.69615045191256],[81.53006075931548,42.67583040282959],[81.49857236811273,42.57959426301343],[81.54194631401731,42.45055307549762],[82.69091583671076,42.63916509352178],[82.77900606412997,42.56253185642107],[82.9608113227372,42.59132107377128],[83.04855322119087,42.514522503565914],[83.23034381326933,42.54295366800567],[83.31773694898897,42.46599059427236],[83.49951007505227,42.49406403935266],[83.5865540323578,42.41693729020889],[83.76830690514646,42.44465335794029],[83.85500128638692,42.36736375995902],[84.03673113106207,42.39472280071829],[84.12307555655384,42.31727117884311],[84.42599143505461,42.36214231070923],[84.41330558601987,42.40543191129553],[84.61832261042672,42.5708319181391],[85.22728481331906,42.65775782920237],[85.19048457170904,42.78792069540177],[85.30044238274398,42.8484259927855],[85.23909252187282,43.065488767984874],[85.34952160567514,43.12598822737383],[85.28808169403126,43.3431946021567]]]}},{"type":"Feature","id":"video-308-24","properties":{"year":308,"kind":"regime","regime":"扶余","name":"扶余","is_jin":false,"is_western_jin":false,"source":"史图馆《中国历代疆域变化第十五版》用户本机视频年末帧","source_frame":"work/jin-video/frames/308.png","source_video_url":"https://www.bilibili.com/video/BV1CA4m1L7WJ/","coordinate_system":"WGS84 longitude / latitude","fidelity":"source-colour-vectorized","boundary_evidence":"按视频可见政治色块及外轮廓提取；文字、河流形成的小空隙闭合；不是逐县控制证据。","classification_note":"","source_timestamp_seconds":74.967,"source_frame_index":2249,"source_frame_sha256":"086b36710da7789ec1c78a52d60f7e688d678b5e9a99070fe1ed451ef21759b0","source_video_sha256":"706fb20d8a79e6cdf06e8e2ec157df70d3083f3d41a2b6fb8e09381888009baa","source_colour_rgb":[131,87,60],"source_hsv_ranges":[[2,22]]},"geometry":{"type":"Polygon","coordinates":[[[123.97109300676432,42.3633960736634],[123.86124448710939,42.424340863810194],[123.82348914233768,42.51999244263524],[123.76266963393287,42.528683785702015],[123.72472718574215,42.624326181081486],[123.66380689091248,42.632975536337696],[123.7671905816468,43.02455602240357],[123.65614450273611,43.08541274660883],[123.7601478951042,43.47735442502685],[123.64838387417106,43.53826302966445],[123.70636815519342,43.75619382548235],[123.59411503501242,43.81709724668883],[123.55524700287404,43.91294875459594],[123.36902614297553,43.93865903322845],[123.3297837562085,44.034475258263505],[122.64483865312306,44.126465752024714],[122.65587904321612,44.17018629616039],[122.54205588091655,44.23030206404254],[122.50151879277716,44.32595159590519],[122.4389682228617,44.33408986188433],[122.58232162609616,44.90328642297671],[122.65653048510632,44.938880604181556],[122.70132323405946,45.114160462436224],[122.77581886033234,45.14971349859724],[122.82105049004045,45.32506207846409],[122.89583478942289,45.36057418168509],[123.02809325759179,45.615332110031915],[123.1553644862345,45.59844308996766],[123.23061715620304,45.63380871614917],[123.6121931612461,45.58226064964176],[123.76320661386137,45.65247023988322],[124.08097392208916,45.6083967250393],[124.39987265250173,45.335942288309234],[124.6526266109495,45.29964395251066],[124.72830999530248,45.33418557457073],[124.9177649353164,45.30656666161321],[124.99358790289266,45.34096790745814],[125.04398397146294,45.28801536130634],[125.35923408532125,45.24115245891135],[125.66356279625865,45.37756615303303],[125.78970718738373,45.35835018362578],[126.01886305633231,45.46006010573492],[126.04566149199101,45.54724326571749],[126.2351547901648,45.517855441167164],[126.59185205287838,45.59895624513134],[126.745865001993,45.66598719724004],[126.77366383875055,45.75308692612935],[126.9141791231724,45.7764076070065],[126.94223578377607,45.86350495515495],[127.08303355556819,45.886668138101435],[127.13220769601969,45.832897619810296],[127.25876148116785,45.812354539165675],[127.33629271926343,45.84555116201556],[127.38523954015965,45.79170104377553],[127.51164153078176,45.77093725200654],[127.58924773512265,45.803992491940186],[127.61817019135925,45.89096315910624],[127.68143661242433,45.88048888862224],[127.8418958724548,45.76199308063026],[128.0311789564364,45.73020486226069],[128.39102473023397,45.80685257486105],[129.09906032870458,45.72972583232094],[129.25575593279368,45.79405847674922],[129.36601869947268,45.7283607256085],[129.30399119428404,45.555257312718915],[129.33571450822703,45.4575418783694],[129.25767429513172,45.425472702333415],[129.2115309533141,45.295723869854505],[129.13373058037536,45.263602349590386],[128.96661603153774,44.78809995147756],[128.7825246394137,44.63721737662609],[128.55213082073172,44.54021299053254],[128.36958654348763,44.38889245101734],[128.34035476602833,44.30244924643105],[128.18783061012698,44.23739503797904],[128.1588858007091,44.150947117991265],[127.81247108690295,43.89063997570316],[127.76998406259072,43.7609655635053],[127.81715863661097,43.707274459813874],[127.71850072167393,43.404868611209594],[127.64345575026397,43.372093132765904],[127.60158777768947,43.242516474896455],[127.2145208874803,43.03479095019026],[127.16003453245727,42.861975262736834],[127.26008169259504,42.57228585309536],[127.12495827606361,42.14072252169966],[126.97811381671598,42.07465395833074],[126.9647909786423,42.031498048646085],[126.83153913425225,42.00843540024847],[126.81831635500349,41.96526986506258],[126.63837621410651,41.995191852756534],[126.60455096211841,42.091498018778005],[125.58065683795313,42.25636976921459],[125.49533651675613,42.17921986576579],[125.1935754620297,42.22606944456351],[125.1087073357032,42.148683581621995],[124.0807547830736,42.30237012045514],[124.00856929584366,42.26773031340227],[123.97109300676432,42.3633960736634]]]}},{"type":"Feature","id":"video-308-25","properties":{"year":308,"kind":"regime","regime":"高句丽","name":"高句丽","is_jin":false,"is_western_jin":false,"source":"史图馆《中国历代疆域变化第十五版》用户本机视频年末帧","source_frame":"work/jin-video/frames/308.png","source_video_url":"https://www.bilibili.com/video/BV1CA4m1L7WJ/","coordinate_system":"WGS84 longitude / latitude","fidelity":"source-colour-vectorized","boundary_evidence":"按视频可见政治色块及外轮廓提取；文字、河流形成的小空隙闭合；不是逐县控制证据。","classification_note":"","source_timestamp_seconds":74.967,"source_frame_index":2249,"source_frame_sha256":"086b36710da7789ec1c78a52d60f7e688d678b5e9a99070fe1ed451ef21759b0","source_video_sha256":"706fb20d8a79e6cdf06e8e2ec157df70d3083f3d41a2b6fb8e09381888009baa","source_colour_rgb":[107,55,105],"source_hsv_ranges":[[129,170]]},"geometry":{"type":"Polygon","coordinates":[[[131.60830057880236,42.908963420054874],[131.50447419091154,42.97589139975638],[130.78206372947534,43.118947456469925],[130.62988961154193,43.056726644420806],[130.02490840920106,42.989301464074245],[130.00957065913653,42.946391806767814],[129.87367809500705,42.92626868206858],[129.78298254418618,42.851766628488825],[129.72271565269097,42.863078775519654],[129.6171961672497,42.562590527216194],[129.7221689780212,42.49713999950396],[129.67706979802776,42.36843464733958],[129.54236630877017,42.34800767093916],[129.45274527958355,42.27336809055306],[129.39291232575877,42.28452468016551],[129.3337794195517,42.11284050062013],[129.19965306812975,42.0920865247019],[128.85937355830737,41.83542142031507],[128.68063855743628,41.86801480702356],[128.53294175980636,41.80364818722445],[128.34003976052549,41.792810914020144],[128.1192810605144,41.69566351679959],[127.85337557262493,41.65168234505353],[127.31674397905111,41.7447842978534],[127.1643347842992,41.86159635647125],[126.9847974660164,41.891968461488844],[126.951484106596,41.988343835637195],[126.89151998719527,41.998402675327306],[126.80510941251754,41.92210599933946],[126.50529704432714,41.97181310310961],[126.47130467780322,42.06808267688481],[125.68877291084742,42.19407971321412],[125.60341051432083,42.117005042038485],[125.42260008336574,42.14533375297935],[125.33758102399717,42.06809999715401],[124.06913775038116,42.25893450429357],[123.98821054479085,41.95494547608807],[123.8561149529499,41.929000558604706],[123.82189125135095,41.79872227545634],[123.93082218260332,41.73787118942397],[123.89655439764766,41.60764914759298],[123.95658422992764,41.598911921110144],[123.99368448858998,41.50336486394823],[124.10202742167976,41.442403147880036],[124.0447038591371,41.22553693999896],[124.15259039674277,41.16455756446331],[124.11819617792752,41.03449335568358],[124.17772736072328,41.02566536420341],[124.21424685266942,40.930130663120785],[124.3925065895392,40.90344516131624],[124.42868419977441,40.80786663997956],[124.60656681111034,40.780902287513655],[124.64240428547032,40.68528011886876],[124.81990964960842,40.658037930681104],[124.85540873158638,40.56237228086175],[124.9381729499763,40.6397469823323],[125.05637702305249,40.62135253786586],[125.0915498076401,40.5256285939157],[125.15054800608631,40.516378107370784],[125.23357144654351,40.59356699593514],[125.41063097952451,40.565549051756896],[125.45746056789261,40.512948040623506],[125.3968742817141,40.29690989442802],[125.5022709146798,40.23492573723568],[125.46593483517161,40.10534785027314],[125.5245494043069,40.0959370251428],[125.55886485036577,40.000141031497364],[125.66370213921631,39.93804650053301],[125.6515303163433,39.894879338753846],[125.82675715760146,39.866331547695324],[125.83902659622213,39.90948161620849],[125.96818285582705,39.93344978151515],[126.05140223672366,40.01008812733999],[126.10986543618617,40.00042160842263],[126.14728097665237,40.12980937733893],[126.21836019248238,40.1632242493358],[126.3940017269694,40.133924716251876],[126.49059855074647,40.253412702356435],[126.56195267039588,40.28664872618544],[126.67916695949125,40.26683820422614],[126.69200312379759,40.3099237326651],[127.03707176647005,40.43214680581572],[127.21302248673209,40.40176513526458],[127.40758071346097,40.23185836903378],[127.52447544555952,40.21130997373642],[127.56956073327336,40.15800363692225],[127.50310567272491,39.94303869441],[127.43166309428767,39.91031556917531],[127.25697247600021,39.9409706286185],[127.24387139642285,39.89795427499887],[127.41846585439168,39.86731753883658],[127.45021940640376,39.771071461080304],[127.74048739374774,39.71943942661675],[127.75384517213793,39.76240022845449],[127.88333907926558,39.78450697998369],[128.05355235734126,39.935297285162285],[128.16979565400172,39.91419121801273],[128.25525705217967,39.98943602191118],[128.42963761414006,39.957473992799564],[128.44343924346097,40.00037294064316],[128.58745093791958,40.06469874467666],[128.62924011574924,40.193359276010206],[128.8903335881906,40.23575602798519],[128.90445599382213,40.278617714204366],[129.12198799637002,40.37432638494566],[129.1803084134311,40.363316485870236],[129.25205634210386,40.57750139567969],[129.3834275319234,40.598163113922176],[129.39790837175195,40.64098812836474],[129.52943437970256,40.66150870734041],[129.61716041481722,40.73592950411172],[129.67569379189726,40.72470008872173],[129.8380918301958,41.1955241651542],[129.77920448864631,41.20683047983888],[129.749922363777,41.303752744325976],[129.64669939844018,41.36910252534353],[129.720826432544,41.58329671245814],[129.86911830025733,41.64635336601942],[129.9291408283377,41.81767769017473],[130.0629626261812,41.83770867750622],[130.10841816160593,41.96617339543641],[130.24256542268654,41.986033143457846],[130.2884356452492,42.114468060324],[130.42290903535087,42.13415585567876],[130.51335970849487,42.208141435406915],[130.69207567290144,42.173137356395564],[130.73887013071075,42.30145983892798],[130.87381605577588,42.32071141218953],[130.95260451194898,42.5345396234586],[131.02824298795153,42.56546205259859],[131.20759647246584,42.52976527000936],[131.22356214322838,42.57250546322201],[131.3752184565312,42.63401683175962],[131.43969138720834,42.80494137348187],[131.57577628891173,42.82352057924909],[131.60830057880236,42.908963420054874]]]}},{"type":"Feature","id":"video-308-26","properties":{"year":308,"kind":"regime","regime":"马韩","name":"马韩","is_jin":false,"is_western_jin":false,"source":"史图馆《中国历代疆域变化第十五版》用户本机视频年末帧","source_frame":"work/jin-video/frames/308.png","source_video_url":"https://www.bilibili.com/video/BV1CA4m1L7WJ/","coordinate_system":"WGS84 longitude / latitude","fidelity":"source-colour-vectorized","boundary_evidence":"按视频可见政治色块及外轮廓提取；文字、河流形成的小空隙闭合；不是逐县控制证据。","classification_note":"","source_timestamp_seconds":74.967,"source_frame_index":2249,"source_frame_sha256":"086b36710da7789ec1c78a52d60f7e688d678b5e9a99070fe1ed451ef21759b0","source_video_sha256":"706fb20d8a79e6cdf06e8e2ec157df70d3083f3d41a2b6fb8e09381888009baa","source_colour_rgb":[119,0,25],"source_hsv_ranges":[[169,180],[0,5]]},"geometry":{"type":"MultiPolygon","coordinates":[[[[126.23891322993018,34.332672688896686],[126.35911925090312,34.356263912683296],[126.2815224415489,34.27980114687879],[126.22728778692124,34.28954609250229],[126.23891322993018,34.332672688896686]]],[[[126.52187086230838,34.32678618021382],[126.58791314939509,34.360005201246445],[126.65909480215568,34.618503850249525],[126.61655569729726,34.67148987112319],[126.45313037438035,34.701083041469026],[126.53606469153485,35.00266544727136],[126.43849280358029,35.06542595800626],[126.49790128966593,35.28080697216257],[126.61963609976553,35.30412992383593],[126.70385184864892,35.605483639880106],[126.75893892377954,35.59553919425284],[126.96075297661116,35.69461955750912],[126.97299227586034,35.737634796943446],[127.24857872339548,35.68708690395378],[127.32851761087696,35.762867130301835],[127.4938264087881,35.732145706340326],[127.70958795172767,35.872980238061025],[127.73496334788689,35.95885398708468],[127.7901656688973,35.94846125917352],[127.65097536103295,35.47610858374483],[127.52867204233361,35.45378872290786],[127.4488549200153,35.378123082187194],[127.41156368679337,35.2491853454839],[127.52588832214327,35.04645867347753],[127.4514892163785,34.788550815312604],[127.49353036384265,34.73528623580876],[127.4267973214281,34.70256089282618],[127.4021590424616,34.61656038020267],[127.4984102204659,34.55303075471587],[127.40724135248466,34.4342911474142],[127.29882998225841,34.45473896553707],[127.26902359288391,34.550969333145815],[127.10609311031439,34.58142120514665],[127.03965011798667,34.54848469469754],[126.99136103479074,34.376299576133924],[126.92513709603242,34.343296165862164],[126.81672737154561,34.363324307203925],[126.73868457721879,34.2871492059324],[126.35911925090312,34.356263912683296],[126.37082600528036,34.3993755957585],[126.41338319284557,34.3464618271063],[126.52187086230838,34.32678618021382]]]]}},{"type":"Feature","id":"video-308-27","properties":{"year":308,"kind":"regime","regime":"辰韩","name":"辰韩","is_jin":false,"is_western_jin":false,"source":"史图馆《中国历代疆域变化第十五版》用户本机视频年末帧","source_frame":"work/jin-video/frames/308.png","source_video_url":"https://www.bilibili.com/video/BV1CA4m1L7WJ/","coordinate_system":"WGS84 longitude / latitude","fidelity":"source-colour-vectorized","boundary_evidence":"按视频可见政治色块及外轮廓提取；文字、河流形成的小空隙闭合；不是逐县控制证据。","classification_note":"","source_timestamp_seconds":74.967,"source_frame_index":2249,"source_frame_sha256":"086b36710da7789ec1c78a52d60f7e688d678b5e9a99070fe1ed451ef21759b0","source_video_sha256":"706fb20d8a79e6cdf06e8e2ec157df70d3083f3d41a2b6fb8e09381888009baa","source_colour_rgb":[33,127,63],"source_hsv_ranges":[[52,88]]},"geometry":{"type":"Polygon","coordinates":[[[129.49195884390014,36.889334483116926],[129.21359757275027,36.94474175263802],[129.19991550448393,36.901970394278294],[129.07490826525517,36.881167465631655],[128.99210020993675,36.80652992754722],[128.82509766212354,36.83919613712247],[128.81165041376178,36.796383045370185],[128.90945271799112,36.731838063453324],[128.88251692633494,36.64622622716178],[128.7446380153935,36.582291467024795],[128.63357287979548,36.60387912058002],[128.59130279009426,36.65747563862877],[128.63124879662257,36.785982004099736],[128.57556115451328,36.796738152507956],[128.56226012638342,36.75389871392817],[128.43766855669483,36.73247439496295],[128.42445529607394,36.68962018049224],[128.48008658603527,36.678929544766554],[128.5092037086338,36.58252367552157],[128.60698765336156,36.5182071802584],[128.5407819327422,36.30399480014337],[128.59612014976892,36.29325257664074],[128.67799646296956,36.368154407762304],[128.7887109381747,36.34652695422018],[128.98305593480606,36.217382845801126],[128.956217488941,36.131774466805105],[128.8325161891083,36.11073062334667],[128.79258449111694,35.982262346802706],[128.95776136013282,35.94963173307411],[128.97114261791683,35.99243978067155],[129.094693007021,36.0133495526919],[129.13514050025393,36.141720506781574],[129.25897246118416,36.16246908959424],[129.34134907188238,36.236945944666566],[129.45168830391023,36.214741529043195],[129.49283267246088,36.34298871674762],[129.4513020135321,36.39687108557786],[129.5339207136615,36.653334582873335],[129.45052395016432,36.761103666136954],[129.49195884390014,36.889334483116926]]]}},{"type":"Feature","id":"video-308-28","properties":{"year":308,"kind":"regime","regime":"弁韩","name":"弁韩","is_jin":false,"is_western_jin":false,"source":"史图馆《中国历代疆域变化第十五版》用户本机视频年末帧","source_frame":"work/jin-video/frames/308.png","source_video_url":"https://www.bilibili.com/video/BV1CA4m1L7WJ/","coordinate_system":"WGS84 longitude / latitude","fidelity":"source-colour-vectorized","boundary_evidence":"按视频可见政治色块及外轮廓提取；文字、河流形成的小空隙闭合；不是逐县控制证据。","classification_note":"","source_timestamp_seconds":74.967,"source_frame_index":2249,"source_frame_sha256":"086b36710da7789ec1c78a52d60f7e688d678b5e9a99070fe1ed451ef21759b0","source_video_sha256":"706fb20d8a79e6cdf06e8e2ec157df70d3083f3d41a2b6fb8e09381888009baa","source_colour_rgb":[211,119,45],"source_hsv_ranges":[[7,23]]},"geometry":{"type":"Polygon","coordinates":[[[127.991831687605,36.81717155722633],[127.95293670178073,36.68846914906762],[127.82862307259309,36.66645200789389],[127.66250980385341,36.108394671378626],[127.71782810654213,36.09803410458339],[127.74767206164378,36.001787796926195],[127.84535322986152,35.9380444345871],[127.70584851722711,35.46575010618456],[127.58354571322207,35.44348344615382],[127.49613549300136,35.14270084758562],[127.59295396787147,35.079122764476],[127.51830511717311,34.8212607872073],[127.68156926350804,34.790274615835884],[127.74848166170065,34.822861201198826],[128.11631050952306,34.706597910849574],[128.14175329147398,34.792448838344384],[128.20885654517645,34.824788145302946],[128.48044293328135,34.77152126925608],[128.5088575065369,34.6750245509372],[128.67142301189529,34.6427404051528],[128.76472247695645,34.76052223407765],[128.54766656762797,34.80367868357237],[128.50630234244363,34.857293083517725],[128.54519696260914,34.98593074195483],[128.612629914856,35.01804824642756],[129.04761086688933,34.93114197407211],[129.2505439754966,35.026572305438435],[129.27732562315725,35.112166444398774],[129.22291263760528,35.12321118174566],[129.1952133413287,35.21983784475043],[129.03167039148968,35.252791437565115],[129.00368984240336,35.349367855593805],[128.8397968021686,35.38206896561349],[128.75879505656647,35.30723849001175],[128.4855429252919,35.36109006185891],[128.44384209174783,35.41466416512566],[128.4829110736397,35.54327592301957],[128.3862449111102,35.6075217428855],[128.49072016056232,35.95045508000264],[128.40663569018616,36.057560350099926],[128.52502126318535,36.443262842715306],[128.46956580034373,36.45397365096215],[128.44044766596906,36.550373384684775],[128.34248430039685,36.614561690471696],[128.381992706433,36.743146461282095],[127.991831687605,36.81717155722633]]]}},{"type":"Feature","id":"video-308-29","properties":{"year":308,"kind":"regime","regime":"珠崖部","name":"珠崖部","is_jin":false,"is_western_jin":false,"source":"史图馆《中国历代疆域变化第十五版》用户本机视频年末帧","source_frame":"work/jin-video/frames/308.png","source_video_url":"https://www.bilibili.com/video/BV1CA4m1L7WJ/","coordinate_system":"WGS84 longitude / latitude","fidelity":"source-colour-vectorized","boundary_evidence":"按视频可见政治色块及外轮廓提取；文字、河流形成的小空隙闭合；不是逐县控制证据。","classification_note":"","source_timestamp_seconds":74.967,"source_frame_index":2249,"source_frame_sha256":"086b36710da7789ec1c78a52d60f7e688d678b5e9a99070fe1ed451ef21759b0","source_video_sha256":"706fb20d8a79e6cdf06e8e2ec157df70d3083f3d41a2b6fb8e09381888009baa","source_colour_rgb":[212,209,161],"source_hsv_ranges":[[20,41]]},"geometry":{"type":"Polygon","coordinates":[[[109.59953814125936,19.944568581772035],[109.5482316425106,19.855487732903775],[109.31274741052015,19.867297538612746],[109.30683439209335,19.729960584893952],[109.2108340812181,19.688730773033804],[109.20891263263785,19.642924690893608],[109.1130392743558,19.60158695214386],[109.11116536878815,19.555762415489447],[109.0154188488493,19.51431680159837],[108.96487104621083,19.4247820406977],[108.82416939905784,19.43113123824739],[108.82243390319361,19.385268814895838],[108.72697652564156,19.343519290561215],[108.69848494524723,18.562314536309362],[108.83796016784525,18.55611897954303],[108.88095345586545,18.461932837870712],[109.02027592774405,18.455478415139297],[109.06305290009644,18.361171942551636],[109.48050255449789,18.340445896342132],[109.52279378296551,18.245894063331793],[109.66176896243012,18.238531680273407],[109.66808609278259,18.376723695807442],[109.71660177149482,18.42026942601293],[109.85580583010073,18.412640416744363],[109.90664203187588,18.502111399642004],[110.04594576777713,18.494218350995084],[110.04823308343248,18.540231535316902],[110.14346514689227,18.58086248289361],[110.19464697864302,18.67012008348107],[110.33416309944758,18.661828824083003],[110.33658813145624,18.707801619469606],[110.43209919513768,18.748126533195762],[110.44448553898174,18.977801059562175],[110.54030206381805,19.017975628232197],[110.55297496313008,19.24737166755583],[110.50620159330278,19.250252137497252],[110.46442409294487,19.344808765005094],[110.41760169734445,19.347646780545702],[110.37569722817595,19.44212771884745],[110.28437169194456,19.49351716620167],[110.28679398577299,19.539328598804797],[110.19295029481019,19.544812672152485],[110.10377210995041,19.64181036062087],[110.05679730010974,19.644476963944477],[110.01441672709086,19.73869002031946],[109.87333756409573,19.746496125942997],[109.82851972961947,19.794827655376444],[109.835172833123,19.932095506859323],[109.59953814125936,19.944568581772035]]]}},{"type":"Feature","id":"video-308-30","properties":{"year":308,"kind":"regime","regime":"夷洲","name":"夷洲","is_jin":false,"is_western_jin":false,"source":"史图馆《中国历代疆域变化第十五版》用户本机视频年末帧","source_frame":"work/jin-video/frames/308.png","source_video_url":"https://www.bilibili.com/video/BV1CA4m1L7WJ/","coordinate_system":"WGS84 longitude / latitude","fidelity":"source-colour-vectorized","boundary_evidence":"按视频可见政治色块及外轮廓提取；文字、河流形成的小空隙闭合；不是逐县控制证据。","classification_note":"","source_timestamp_seconds":74.967,"source_frame_index":2249,"source_frame_sha256":"086b36710da7789ec1c78a52d60f7e688d678b5e9a99070fe1ed451ef21759b0","source_video_sha256":"706fb20d8a79e6cdf06e8e2ec157df70d3083f3d41a2b6fb8e09381888009baa","source_colour_rgb":[205,202,159],"source_hsv_ranges":[[18,41]]},"geometry":{"type":"Polygon","coordinates":[[[121.65361935531706,25.138755483853274],[121.6044805340711,25.146609566078087],[121.59631474366775,25.102279436778318],[121.48994735922446,25.073573486569437],[121.42467848604687,24.99264636032603],[121.27741577581833,25.01584297379479],[121.26942209140603,24.971470743776315],[121.16331284842282,24.94243455915899],[121.09843059786998,24.861279371003885],[121.0493949462886,24.868889967276438],[121.01012636828561,24.64677667540982],[120.9044794516862,24.617458254511778],[120.88117247920543,24.484073332146046],[120.77575580138398,24.454614063790796],[120.75267852049905,24.321131925653386],[120.64749146499389,24.29153198435492],[120.60944680740444,24.0688636996945],[120.50459567076909,24.039099792043395],[120.45201522287972,23.726984825092803],[120.34760440876816,23.697033576081765],[120.23691268020966,23.026841141694423],[120.32579191085104,22.967508579533416],[120.28905881513793,22.7437230242249],[120.37763557577371,22.684287414242593],[120.35556694869241,22.549914570528145],[120.4034397471853,22.542560251051565],[120.4365385882559,22.445572113226532],[120.57995546208193,22.423324458954855],[120.61282995092407,22.32623907063018],[120.6605684391693,22.3187616979388],[120.69332317429873,22.221614150008058],[120.78115197118177,22.16172691772301],[120.75863016312172,22.027184579383377],[120.806205690802,22.01963260351954],[120.8387067658495,21.922332661511366],[120.88622309040642,21.914741268346944],[121.00025807005338,22.58688197758521],[121.10363520097985,22.61630925511174],[121.16695833562422,22.698073301186277],[121.2148414926908,22.69035411251125],[121.23817886704329,22.8244746095224],[121.3418937443189,22.853643380912818],[121.39697542473483,23.166238856618644],[121.50112151464933,23.195216806464952],[121.67784200183947,24.17503114243961],[121.79139857657509,24.24807772743737],[121.84885582383812,24.558976534593953],[121.75942403938312,24.61925869035572],[121.78405413871751,24.752392092946227],[121.89013742557466,24.78083965200319],[121.93162127418816,25.00253261286409],[121.68633251522802,25.042222643324443],[121.65361935531706,25.138755483853274]]]}},{"type":"Feature","id":"video-308-31","properties":{"year":308,"kind":"regime","regime":"古坟时代日本","name":"古坟时代日本","is_jin":false,"is_western_jin":false,"source":"史图馆《中国历代疆域变化第十五版》用户本机视频年末帧","source_frame":"work/jin-video/frames/308.png","source_video_url":"https://www.bilibili.com/video/BV1CA4m1L7WJ/","coordinate_system":"WGS84 longitude / latitude","fidelity":"source-colour-vectorized","boundary_evidence":"按视频可见政治色块及外轮廓提取；文字、河流形成的小空隙闭合；不是逐县控制证据。","classification_note":"","source_timestamp_seconds":74.967,"source_frame_index":2249,"source_frame_sha256":"086b36710da7789ec1c78a52d60f7e688d678b5e9a99070fe1ed451ef21759b0","source_video_sha256":"706fb20d8a79e6cdf06e8e2ec157df70d3083f3d41a2b6fb8e09381888009baa","source_colour_rgb":[210,205,158],"source_hsv_ranges":[[18,41]]},"geometry":{"type":"MultiPolygon","coordinates":[[[[134.71056616831274,33.77831048690591],[134.63044474293136,33.567278305105795],[134.50939884977277,33.55176692568008],[134.46172752618858,33.425050343213876],[134.34092829535572,33.4093701694244],[134.26214040430565,33.198012858557355],[134.10497163162074,33.237601184792595],[134.08381407432682,33.33535575887168],[133.82118892754622,33.40082913881885],[133.73764705276912,33.329179146217925],[133.61713608055462,33.31278335498858],[133.3542097266728,33.37725570233144],[133.2863332003763,33.34768577400255],[133.2407067499441,33.22047410158856],[133.33053239787432,33.15244654803786],[133.26978310288874,32.9828056977429],[133.1498840131303,32.96594231900592],[133.04464317543773,32.66880156276993],[132.92525418159542,32.651709812493394],[132.91034798752247,32.609228684593965],[132.8581398619437,32.621875748647405],[132.8730211039839,32.66436258400224],[132.78335302748556,32.73209397188188],[132.76073627536923,32.82967125661476],[132.60356805370398,32.86733961184089],[132.67768781985785,33.079821520359],[132.58739544062678,33.14737284233912],[132.56442555689293,33.244863415889064],[132.51175245333155,33.25735127097502],[132.5562473945368,33.38482642140334],[132.60899694016865,33.372321196617705],[132.69157380683794,33.444733959196256],[132.81208925556373,33.46203862468393],[132.94777325548776,33.84394496563232],[132.97044859264165,33.746447293718624],[133.28773099164212,33.670031045796925],[133.4240808338808,33.72910964288516],[133.52974097781046,33.70333869615644],[133.61348694260445,33.77510127289571],[133.73469257141133,33.79149209301936],[133.84397659789883,34.08764978904009],[133.96570395249054,34.10380831021673],[133.98144995841298,34.14608561240561],[134.66939455794997,33.97389810473183],[134.62121865842866,33.84729972814183],[134.71056616831274,33.77831048690591]]],[[[141.3773057246466,40.521492444152294],[141.4682133908115,40.447779404159625],[141.4815529975343,40.34910646508299],[141.64948177317075,40.30018583151852],[141.66255178124973,40.20150935809234],[141.71840052371167,40.18515238292268],[138.9549176138204,34.43903697404933],[138.9025658133427,34.45423427949835],[138.9578976371804,34.578971948840156],[138.87142483982032,34.650928718501454],[138.96388936467105,34.85879510494747],[138.92978815732522,34.91555966863007],[138.77170886739265,34.96103560175474],[138.68213414829196,34.89294968810727],[138.5583607350903,34.88146048601595],[138.46693572058717,34.673298965418894],[138.34353745547043,34.661594762992316],[138.2529294553771,34.453240720692826],[137.9902617970848,34.527520303053386],[137.90184994707897,34.458853801317346],[137.63883773956059,34.532389880492026],[137.55072517640698,34.463474079968414],[137.4980938050799,34.47807740518665],[137.48079681004677,34.57624186369027],[137.0056286060871,34.70658105557555],[136.98767012194656,34.804658048237116],[136.82872708566097,34.84767172431799],[136.75833086844446,34.820084490606014],[136.6027652596807,34.44299701069415],[136.6383173767808,34.386862360076805],[136.79644196160345,34.344076028841734],[136.814532178093,34.24598968324155],[136.97228194338678,34.202973612641095],[136.95494557606517,34.16109850575623],[136.83257786836774,34.14789206350481],[136.81532684708736,34.10599529636108],[136.6576846915523,34.14881516197664],[136.57084825920361,34.079183759178825],[136.4486709417053,34.06559639339428],[136.43163929724406,34.02364312826856],[136.30957086398118,34.00991741333382],[136.15768875590047,33.63199869046925],[136.03626344280536,33.61799686811917],[135.91958219573078,33.32370670504825],[135.55397771434036,33.42071568123644],[135.57042310891993,33.46281463389416],[135.48216755681085,33.53244900641752],[135.4626107672499,33.63040043366684],[135.30519727255904,33.67151096038415],[135.28539026939194,33.76941959226842],[135.23281575343827,33.78306798907273],[135.4136270172667,34.246233901396266],[135.53589906325163,34.26084177275514],[135.61912230484072,34.471133793798515],[135.5828130421236,34.52696945017757],[135.3175028971713,34.595570093229135],[135.14537429540155,34.454428588240496],[135.09232219133722,34.46800836345296],[135.01891436801637,34.579356983220244],[134.6464328468778,34.673546633767124],[134.56080685498267,34.60254902527299],[134.43819398821614,34.58698337092802],[134.4221171505622,34.544780874120676],[134.29962104917482,34.529077856352274],[134.2836296662398,34.48685549092583],[134.16125059639666,34.47101531017154],[134.14534449781004,34.428773137745225],[134.0230827227747,34.41279599417815],[133.97567019502878,34.2859995456075],[133.6033548521586,34.37708422648968],[133.51898438264638,34.30535572831206],[133.39704097199296,34.28876023338871],[133.381577353801,34.2464147436618],[133.22190855147238,34.28482486557884],[133.13798016259014,34.21283157201904],[132.84135145918592,34.19138604942541],[132.77297298522433,34.16155679037655],[132.7276995539348,34.034263829568324],[132.6745313261746,34.04681145685436],[132.65140888365036,34.14422546978082],[132.38497423427089,34.20656185143579],[132.31675441255348,34.176481089762106],[132.1835186424265,33.79401554467784],[131.5986006924394,33.92822207371278],[131.51651891205182,33.8551140582822],[131.3957030058424,33.836543864186524],[131.38138836642622,33.793938811154575],[131.11515677871517,33.85355507890842],[130.95218045255424,33.70662654005658],[130.9240838631644,33.621299192109504],[130.96318386772958,33.566838718246956],[131.06938884752415,33.54318630056455],[131.09425192617041,33.44602097178647],[131.46500126906753,33.36242573286987],[131.5465336722273,33.43560645204751],[131.666782028866,33.454036764386316],[131.68118734628567,33.49662379460852],[131.7341443171164,33.48449772119472],[131.75818659664841,33.38719346574999],[131.81105999785294,33.37503265750376],[131.7677491398464,33.2472886925525],[131.64778578494534,33.22895332981241],[131.60481131400394,33.101129931934636],[131.64320040251516,33.046421452080665],[131.90638217530213,32.98561242683875],[131.8919493389247,32.9430264515387],[131.98259168219747,32.87597482411283],[132.00615568613316,32.77855122478525],[132.05859534884092,32.766274366162015],[132.0152198605966,32.63852290324804],[131.89609865931217,32.62041731790047],[131.8530555900588,32.492583195679],[131.73418390224558,32.47431469613598],[131.46591257090273,31.663520196823338],[131.55549425397191,31.59666584698285],[131.45773897994187,31.297589349991764],[131.19960307525923,31.3575796918171],[131.1341715029331,31.326735164270477],[131.03825084509418,31.0271821444926],[130.92165932435603,31.00807080808701],[130.9080758736452,30.96524385442877],[130.85660599430526,30.977055311214873],[130.92454030313317,31.191168020196518],[130.8348898303062,31.257591960152546],[130.93034056235348,31.557193754464585],[130.89217246090985,31.611790368107823],[130.73650207838182,31.647097368534535],[130.67101481001177,31.61601312920245],[130.54953744473903,31.230541468633994],[130.63938678789424,31.164330004418552],[130.62592334310762,31.12148239015227],[130.36774566755722,31.179683468596828],[130.46141263808013,31.47969534307531],[130.37107791861186,31.54573751973978],[130.34593496582977,31.64300244202686],[130.29396276812895,31.654556247277686],[130.38790163660454,31.954398471630423],[130.50571060909476,31.9740041095484],[130.57355481430417,32.18797631150495],[130.6917440809369,32.2073928674434],[130.76026965051412,32.42118775734324],[130.66913457162238,32.48736255413268],[130.7103124935105,32.61560986566523],[130.618918939804,32.681729554683706],[130.59372100475548,32.7788864934459],[130.54105762194246,32.79052888680926],[130.58218692787136,32.91876879725147],[130.54314383191166,32.973148369829666],[130.279007907167,33.03100540756138],[130.21257834671798,32.999731417056005],[130.17199271043162,32.871380447048125],[130.2639630048413,32.805614525981504],[130.2504254719261,32.762829896538435],[130.1315353484476,32.74299512302375],[130.09120566696618,32.614574944606375],[129.9725711523555,32.594580414529666],[129.95922186008602,32.551751598571414],[129.9466283419681,32.691612058700144],[130.06539810484927,32.71162937043028],[130.1057351790169,32.84004189775048],[130.06641089714208,32.89427325869439],[129.90792663559648,32.928439197898754],[129.88179938511496,33.025415484873974],[129.72298078538424,33.0593350386957],[129.76294704223923,33.18780505531353],[129.88240095539396,33.207989448261635],[129.92269491412168,33.336384495142454],[130.18808588795088,33.279320263678876],[130.2547362840073,33.3105971419508],[130.2956751855125,33.438853329057714],[130.45499769310265,33.4042027406761],[130.5218549021499,33.43532949386732],[130.59097604551013,33.648892532264554],[130.76453406554117,33.656551248095255],[130.83172126763208,33.68750025578038],[130.8597427043032,33.77284278673625],[130.98033689448258,33.791939852910396],[131.10778658772156,34.17568008818837],[131.22904934163913,34.19452630453176],[131.24335448495796,34.23713262739569],[131.40385261928918,34.201278753445976],[131.48618789256034,34.274437695429484],[131.60768962955711,34.292911112807374],[131.65131314142545,34.42057677433914],[131.70489038981384,34.4084744085066],[131.78771758919802,34.48141947609817],[131.90960568753272,34.499593643773046],[131.92433109703325,34.542109073228225],[132.04634360692742,34.56014821760436],[132.09082138112777,34.6876298746255],[132.14451160316386,34.67534052271395],[132.22802277632508,34.74797572495589],[132.3504214761287,34.76571368488385],[132.39550593188815,34.89306593357068],[132.5181670410451,34.910637428077614],[132.56360553069894,35.037915622114866],[132.6174600382523,35.025425743669956],[132.70177785559636,35.097724621594324],[132.8248255416366,35.11499265775795],[132.8708787654319,35.24214136313506],[133.03266274414116,35.20421027612276],[133.10204659674133,35.23387170348127],[133.14861879603112,35.3609086087504],[133.20260088226283,35.34816973964173],[133.22539424600578,35.25074476235823],[133.38702331501793,35.212357016596115],[133.4722476482138,35.28412641351895],[133.59575270501594,35.30063486112103],[133.6115395332791,35.34292024482914],[133.98842246524308,35.25186922367368],[134.0742379612204,35.32322695511679],[134.23559418214552,35.28374899785839],[134.3216690609441,35.35493611712547],[134.44545926408668,35.37060767761276],[134.4617180156138,35.412782961540714],[134.58562738079908,35.42831598821281],[134.60197357842083,35.470471714219414],[134.97829367600744,35.3764604426748],[135.06514257580233,35.447132542659396],[135.1892231919036,35.462070456993146],[135.2059011753574,35.504146180265025],[135.25963541750585,35.490527536170994],[135.2095773526857,35.364311143299986],[135.2465390582237,35.308618047339614],[135.46080046391555,35.253930258103416],[135.5479471354179,35.32427330068699],[135.76203965437546,35.26907202565927],[135.84947272754067,35.33920492519151],[135.97352750652598,35.35336988444443],[135.9906028148726,35.39534294554906],[136.11477171640544,35.40936804228807],[136.20077180535924,35.61909730515786],[136.11064380747362,35.689061933707855],[136.23159103088372,35.98262348581183],[136.3567403818221,35.99640613037077],[136.40906669671753,36.12211930266582],[136.53447211119408,36.1357258127186],[136.58718067943272,36.26135902251466],[136.71284238303974,36.27478882045435],[136.94416281992454,36.8186633108022],[136.85330707324945,36.889129150842585],[136.83464373639748,36.987089051838886],[136.78014783393618,37.00137094705844],[136.83385444588333,37.12687837512315],[136.88842957696275,37.11257382999206],[136.97899237227185,37.18187427943361],[137.10623251764167,37.194913903221696],[137.12433864969395,37.23670618222811],[137.2516945239327,37.249602070035145],[137.26989310274004,37.29137378258876],[137.3245034741859,37.2768844760224],[137.2698882639617,37.15158453217929],[137.1426922696678,37.13870665123999],[137.01645437144873,36.84612051875794],[137.10710979897695,36.77553874270218],[137.05320324829512,36.65013987046974],[137.08944418653851,36.593943534326435],[137.46807273014056,36.4925631576301],[137.5402441593343,36.5197262802919],[137.63135405876034,36.72837050041641],[137.68549688809995,36.71372742303901],[137.7763048431818,36.78246788446254],[137.90301492747247,36.794719938553456],[137.9214592295968,36.836400485097705],[138.0838868979788,36.792035261631455],[138.15655514823513,36.818847757625456],[138.2123780339871,36.94377015861164],[138.3748636064611,36.899036962986365],[138.44773424362413,36.9256838145014],[138.50410888270844,37.0504771591801],[138.6313740924163,37.06200819692609],[138.72610069321726,37.26984540783622],[138.85376399992052,37.281156281643376],[139.02622804233636,37.65491572485292],[139.08075606150098,37.63968451044652],[139.17392146821743,37.707425179677074],[139.30238451835956,37.71829225020595],[139.32181869534682,37.75976644341727],[139.4503911362806,37.77048696182175],[139.82511028129701,38.55763719400077],[139.95511684523024,38.56786017024166],[140.05540655686215,38.77475946681471],[139.96514919168337,38.84741790579146],[140.22811522063554,39.38529529035263],[140.13728534183252,39.458097289968],[140.19841877681876,39.58222142153031],[140.1630920907222,39.639314304213364],[139.9957005472677,39.68634092976204],[140.17957104430374,40.05892531769032],[140.08786278932618,40.13173229722539],[140.14947265359385,40.255947689366344],[140.05748880325393,40.328747353403166],[140.11921265083305,40.453000467040354],[140.2526192162348,40.46294326582625],[140.31478687691634,40.587123416326236],[140.44846376148777,40.596873141191715],[140.51107758969633,40.7209802476915],[140.41886912608572,40.79406336157607],[140.48160184135912,40.91821200727009],[140.615907339536,40.92779922916396],[140.63694464060288,40.96915927245897],[140.6936086539043,40.95321785244797],[140.63048574111704,40.829162826032494],[140.72252667098437,40.755932241637275],[140.73692725226408,40.657303859575975],[140.90605624054746,40.609301238222656],[141.00468047072184,40.67583230215853],[141.28621521126706,40.5951495775043],[141.3637942703788,40.62017262585686],[141.42797853226415,40.74385152140341],[141.33666185183358,40.817561000433855],[141.40097380442023,40.94128073547399],[141.45744747006296,40.92502001020364],[141.39305423231852,40.801329544357195],[141.48429379675397,40.727583277850506],[141.3773057246466,40.521492444152294]]],[[[142.2377485299799,45.08876558231873],[142.25088074984004,44.989149371457955],[142.3104560164039,44.97239958496089],[142.26397537201913,44.88955991988062],[142.3002335799748,44.831402593670234],[142.5377754249975,44.76420519883099],[142.62046616163244,44.78869385127876],[142.59708919750548,44.747345542201],[142.69222238121003,44.67222982509313],[142.70462855352966,44.572686717230525],[142.76373932379659,44.555765849024894],[142.7760230499536,44.456247017425554],[142.95292239075283,44.40533846416298],[142.96491103453084,44.305841913716165],[143.25873791666,44.22051344243753],[143.2702616865707,44.12103740151354],[143.56294269957223,44.03511192871159],[143.5740061009113,43.93565616590999],[143.74901472457526,43.88381553530725],[142.70762617284288,42.03548867561232],[142.4220668955828,42.11929585394101],[142.40969402106634,42.218290534041195],[142.0082222702139,42.33462003479646],[141.99524005301237,42.43361272680476],[141.8225354329545,42.4831076306132],[141.7206615355907,42.41700672580118],[141.583420530923,42.40849849402482],[141.56141408899254,42.36720028862264],[141.4242876521644,42.35853402372989],[141.40238818328595,42.31721399772841],[141.26537683150767,42.308389964920615],[141.24358417081132,42.267048236466565],[141.10668841702858,42.25806670115227],[141.0850023983846,42.21670338762928],[140.91220079545957,42.265036008677896],[140.8977185410309,42.36390723358362],[140.60878522143875,42.44396915700743],[140.52949537198342,42.41844514931161],[140.4653666070038,42.294048600555975],[140.3285216989929,42.284291164384705],[140.26486054498662,42.15982971327507],[140.35897810919164,42.08671313541391],[140.37414366589687,41.98794559360345],[140.89094683176097,41.844406165590776],[140.90533424787822,41.7456185828853],[141.07689917631336,41.69733520504214],[141.09100355189165,41.59854985309934],[141.1480597473776,41.5824046775075],[141.12655234740225,41.541091385644705],[140.72682054809798,41.65354324120342],[140.64835495331377,41.62811983921202],[140.58472141010333,41.50393407991981],[140.44935176380204,41.49430811172835],[140.34417912868477,41.2872118282611],[140.20924570436657,41.277349674867075],[140.18836284676917,41.23590733987084],[140.1313683349369,41.25164223125815],[140.1940044025187,41.375995380982694],[140.1006431083191,41.44892070703589],[140.12153717632503,41.49038850698632],[140.25685551222256,41.500340588257615],[140.3199227227383,41.624678407018386],[140.2263672230395,41.69771591115096],[140.2895544373812,41.82210382433849],[140.2532011908701,41.87936550541503],[140.08065801053004,41.92662375922382],[140.06510276617186,42.025348676655476],[139.89208640017463,42.07238004181365],[140.08155594103616,42.44621809274862],[140.21867650574842,42.45622419308201],[140.2825212539027,42.58077109528311],[140.34054280778207,42.564939673293054],[140.44134139176558,42.63207391844363],[140.57886789429378,42.641724568022944],[140.64350738764978,42.76614574693022],[140.54878445795183,42.83954551384877],[140.53368001764417,42.938481511954414],[140.4753968968771,42.954405371718885],[140.54013965058454,43.07894998136594],[141.296907592444,42.86966331117676],[141.3769726036596,42.89476507549211],[141.57646212164354,43.267072045713256],[141.48204041749187,43.341182414136796],[141.63843038499874,43.63090677960389],[141.77805761490546,43.6393795772881],[141.8457295924196,43.763485012469324],[141.75092575880575,43.837859271901365],[141.86408426709724,44.04482040942378],[141.76891970016783,44.11925657412669],[141.9740053877215,44.49202627037227],[141.87834816702713,44.56662086831576],[141.86476401102428,44.666086291565556],[141.80534406469778,44.68263481605927],[141.87408046132646,44.80704938512497],[141.82377802896923,44.96463545095905],[141.70437937868613,44.997700693153654],[141.77324692414183,45.12227336645356],[141.9158984364221,45.13064167151633],[141.98527864392753,45.25515900272433],[142.04514683131353,45.23850803238834],[142.05858407755193,45.13886693187532],[142.2377485299799,45.08876558231873]]],[[[143.54129887173997,46.260622940259495],[143.60166009039511,46.243264118560546],[143.52834535680915,46.11916698743053],[143.4680748321746,46.13648783198399],[143.54129887173997,46.260622940259495]]],[[[140.84584412813567,53.24198364871507],[141.04921217045862,53.191394723483164],[141.06596777597235,53.08782583107235],[141.40362943163774,53.00298739304926],[141.32686203654472,52.87333190677718],[141.16669409482432,52.86401763947717],[141.0399922252341,52.64799200156979],[141.08186424047193,52.58798289069754],[141.28298399685298,52.53732490306854],[141.10619049812877,52.235777729548815],[141.21436428374992,52.15908189183436],[141.23059033989415,52.05624742497002],[141.42994176085531,52.0055800344151],[141.15405531201384,51.53384551251433],[140.9972038491973,51.52443862141418],[140.33957816746042,50.36967688940124],[140.44557777802888,50.29439687343026],[140.4625349067635,50.192809583211684],[140.5273384797294,50.176468704754186],[140.45553679898364,50.048690286192205],[140.56088792795222,49.97346117217209],[140.3941446558186,49.675755302427405],[140.4989718875807,49.60071733995459],[140.515669974009,49.49949810181496],[140.57978275049297,49.48319426083025],[140.27341527587072,48.93194030728839],[140.37720968685738,48.857263356701864],[140.12147211246045,48.39180402616256],[140.22459961498143,48.31741895380004],[140.20148745117993,48.275161623965495],[140.0523412961255,48.26495461655619],[139.93770304816564,48.053624116466295],[139.78908947418148,48.04316008222435],[139.67565434309617,47.831826752188114],[139.61289441639553,47.847619954416174],[139.50506652827866,47.77883222496114],[139.35712786641352,47.76794320553995],[139.02434600476215,47.133958832772606],[138.87789118958008,47.12261392437602],[138.81236348056856,46.99585439358815],[138.66624225436644,46.98430209544465],[138.34364596504855,46.35065227927649],[138.19898208851225,46.33865671951961],[137.96719828335495,45.87419926333874],[137.82360254041248,45.861845943025],[137.67836656733903,45.56631930762119],[137.6172184440704,45.581131695626716],[137.51490804300556,45.51146235529732],[137.37214868135126,45.49867091516589],[137.27020156628657,45.28747938091777],[137.1279496198284,45.274452201647996],[137.0673505736254,45.1477100234326],[136.92542378758543,45.13448571092914],[136.8253662747231,44.92320215054586],[136.6839441622912,44.909745041877756],[136.58494051867697,44.69842467284638],[136.4440211882034,44.684736407791824],[136.38517397049776,44.55791487186276],[136.24457771224996,44.544032862577524],[136.14741633279388,44.332613592558666],[136.08702872225638,44.34671999521043],[135.98804657100678,44.27620737128387],[135.84809545896502,44.26194053504252],[135.67646763295778,43.88119999759934],[135.5373654506717,43.86663763481587],[135.40576530382864,43.57047693141736],[135.26733109974518,43.55565651866673],[135.17443725165552,43.34407168329485],[135.11470124854196,43.35772874765379],[135.01806829136345,43.28669955459622],[134.88027038520156,43.271504144860735],[134.82538257172234,43.14447197321667],[134.76574779081483,43.157973508840975],[134.66973577534122,43.08673207794268],[134.5324011011955,43.07119814060003],[134.51434208343983,43.02882456289305],[134.3771534676803,43.01313867165247],[134.35920163866342,42.970749835069086],[134.22215945701956,42.954912298527645],[134.16868850317104,42.82770389602761],[134.10919578773434,42.840914763063886],[134.0142679777748,42.76926578732319],[133.8776904066618,42.75309357102144],[133.8601006156558,42.710661869107646],[133.681679566798,42.749811462766694],[133.5873027371104,42.677882160074745],[133.45099820288107,42.6612910121532],[133.43368446969276,42.618812630950636],[133.29752852871954,42.6020716808557],[133.28032029808247,42.55957870202493],[133.10196284654225,42.59796794366286],[133.0595468494709,42.653240180139434],[132.88083746874213,42.691350011154356],[132.83819474513987,42.74656363400292],[132.42009170337565,42.83447531095188],[132.5040958919305,43.047593990443424],[132.46094658680056,43.10272894286582],[132.28078818063514,43.14009463790418],[132.18732169980606,43.067160029073044],[132.12727223552494,43.07952160094825],[132.79149050849304,44.74543390613253],[132.93172317926923,44.76275611472629],[133.01964070699017,44.97652983895331],[132.9140912352549,45.0448450901135],[133.8215201798732,47.1884700659609],[133.90368385916707,47.21818680339903],[133.94130108741612,47.30413618550994],[133.8966083465318,47.360410559239995],[134.18162090069526,48.00589811924452],[134.34834358711498,48.06507667867187],[134.3870080870442,48.1512091031593],[134.2778473036329,48.22132505894389],[135.25463989124415,50.340724299015505],[135.40760290644883,50.355936439524335],[135.46978930727337,50.486191119101434],[135.62314151839962,50.50119624163493],[135.68589553174542,50.63146868245654],[135.83963743557143,50.64626556434854],[135.90296289995342,50.776556223068276],[135.96942176265307,50.7621538135565],[136.07836690312618,50.83457195777092],[136.23267470842754,50.84898494058376],[136.296983150696,50.9792642147659],[136.45168125377165,50.99346564901772],[136.51657096028276,51.123763747466285],[136.67165979368812,51.13775236151194],[136.7371346601273,51.2680697211161],[136.892614639055,51.28184422901784],[137.04717745704505,51.58608457061773],[137.20348561618042,51.59956732428386],[137.2705009208363,51.73002944534999],[137.44971094157046,51.78678029314585],[137.5174179008827,51.917291490319826],[137.6973638602702,51.97382014026959],[137.76576853895128,52.10438177550128],[137.9234796571657,52.11716768217579],[138.0386607043583,52.33485693314696],[138.10623657696584,52.319364415394816],[138.22023123580834,52.39092615446602],[138.37873316578975,52.40326615700513],[138.4489817848311,52.533900185566125],[138.60787954055223,52.5460151221035],[138.65509510638446,52.63311137348952],[138.83804476363548,52.68856255949783],[138.8618451784188,52.7321141558564],[139.02131002238355,52.74381703340891],[139.09324355974255,52.8744674898806],[139.25310416843857,52.8859415056997],[139.37421332179923,53.1037850339621],[139.5346966885863,53.11498524106348],[139.55913119214947,53.15856261380362],[139.76323617490223,53.10970518541257],[139.88049147017583,53.18041966418707],[140.08441905256453,53.13112885125674],[140.17717964971243,53.158121054340135],[140.25194662914907,53.28861677225333],[140.20883172574162,53.34870377093774],[140.00430456950343,53.39823982773552],[140.0789989839702,53.52905707959037],[140.24067336466337,53.539555592126305],[140.26575438552788,53.58315990192265],[140.47067011974548,53.53320660798718],[140.4884558555231,53.429434962637],[140.8286906481168,53.34564785350586],[140.84584412813567,53.24198364871507]]],[[[142.20185430591346,46.01141494746471],[142.29917307819073,45.93628263778506],[142.2285371499866,45.8116589528901],[142.04748076645052,45.86185761982942],[142.11783966667485,45.98659066476044],[142.0202512264808,46.06161211502711],[142.00657691331156,46.1615367033939],[141.94589189764292,46.178219628307986],[142.01639092964277,46.303133503310484],[141.91823912960618,46.37816563315503],[142.22629002056667,46.920040769601954],[142.12747806595897,46.9953821535837],[142.1752388615993,47.07884019951751],[142.10002866879202,47.19595326717119],[142.171875740815,47.32125429594006],[142.07241626602408,47.39667444772949],[142.337765073411,47.85666206342426],[142.23769908607852,47.93236017957829],[142.31059329901325,48.05796935886493],[142.21019619560542,48.133713822741036],[142.28325805417174,48.25944593452014],[142.24511615416617,48.31831381628074],[142.05725585250312,48.36901126269043],[142.04316301514967,48.4698423694744],[141.98038160590167,48.48669236741763],[142.24945766113558,48.949038185301994],[142.1476416832873,49.0250484071854],[142.3205751925027,49.31976842555265],[142.2182703137895,49.39596573439114],[142.34255657691605,49.60678745181485],[142.2398319530536,49.683111164970946],[142.36472986068665,49.894228097333915],[142.2615820557283,49.9706823574999],[142.33679451623956,50.09751968511036],[142.23329481664396,50.17403851629756],[142.21908541340227,50.27579934921405],[142.15461416689314,50.292878188440085],[142.22998943831604,50.41999406571345],[142.1258547529307,50.49657599464584],[142.4043315359218,50.96353044809866],[142.29953228619735,51.04047584050501],[142.2852372858909,51.14275366427125],[142.21992270875592,51.15994715894419],[142.2054761236036,51.262291787870666],[142.1400203739541,51.27946338998621],[142.12542120276092,51.38187573173741],[141.92852508022204,51.433245148592974],[141.95391151715972,51.47593604489917],[141.84774807504292,51.55280980148068],[141.83262453492205,51.65536962225252],[141.76667270833005,51.67242202416267],[141.84289358159262,51.800793435677946],[141.736064018684,51.87774969474046],[141.86357079252167,52.09205422381966],[141.75628294602447,52.16917352988085],[141.98757495702677,52.55579874993181],[141.87966052968804,52.63325172693012],[142.0091577335886,52.84855235485588],[141.9007757961602,52.92618256446009],[141.97876823120353,53.05559889020548],[141.86999824733437,53.13332526422623],[141.8960241024164,53.176525856609835],[142.05707666512794,53.18509898593159],[142.08325001369352,53.22828454933694],[142.42027944630252,53.141129699539164],[142.5140134580947,53.16670944346711],[142.64674174367892,53.38231111909893],[142.8084090660373,53.39011110067986],[142.88881529510806,53.51950993291313],[142.9563806538809,53.501742120786],[142.97011545898278,53.39774216363853],[143.0375294323538,53.379955418722496],[143.05110623229643,53.2760445649995],[143.1183693925713,53.258238881837585],[142.98431371103746,53.043244102891464],[143.09157315548703,52.96478827841847],[143.1049750117018,52.861191880722124],[143.17178894828308,52.8434172191794],[143.0916595186452,52.71481191264434],[143.13164930583497,52.65422722724306],[143.3313134470323,52.60086752557125],[143.1979140293924,52.3870723252754],[143.30382522626877,52.30883343369123],[143.0655829215945,51.924867678664796],[143.17089854513,51.846962698757174],[143.09199835638296,51.71922871290563],[143.1313758025957,51.65905045767225],[143.32798689387812,51.60604889249774],[143.19663162904962,51.39365718593396],[143.23571544752807,51.3335757126188],[143.43125874249472,51.280548560399026],[143.3525346023775,51.153404723968265],[143.45626495969657,51.0756813610392],[143.46870922966747,50.97334146159889],[143.5335029128688,50.95563059249479],[143.54580338336055,50.853357615683564],[143.61045714895218,50.83562634217857],[143.62261477604935,50.733419383438545],[143.68712913637972,50.71566771152169],[143.6085877584578,50.589083058028976],[143.71112316317007,50.51144301390536],[143.63277978831115,50.38501835237352],[143.73496813192048,50.30745136830468],[143.74683515206112,50.20554117898625],[143.8107985366702,50.18778955481932],[143.73264883048546,50.061643613543126],[143.8342184233163,49.98414659822498],[143.8458741538541,49.882407508070585],[144.03664162756792,49.82904313065663],[143.95848546936472,49.70325664598406],[144.05924021456033,49.62575394000929],[144.0704874706296,49.52418829307166],[144.13370637904066,49.50636334801724],[144.14481926125552,49.40485389700859],[144.20790428976505,49.387008235243236],[144.21888367940096,49.28555418386731],[144.2818353112075,49.26768781233121],[144.2038756918494,49.142387774671725],[144.30349577687014,49.064938493838945],[144.31427654336034,48.96363755183462],[144.37689822484646,48.94575891948464],[144.35094513447044,48.90407006309088],[144.2883557171702,48.92193417886798],[144.27754221719874,49.02321293675734],[143.71184016573204,49.18289979040673],[143.59766039834656,49.11678763174395],[143.44618134831066,49.11000137830284],[143.42074957692373,49.068118259229834],[143.26939995725763,49.061153153164284],[143.244098244435,49.01924972485524],[143.09287879606492,49.012106135771695],[142.64459113465563,48.25808962003583],[142.55758328827164,48.23331181156683],[142.45958182326538,48.06587735372075],[142.49739274810403,48.007018778078404],[142.62176812969932,47.972925933312325],[142.45096709290814,47.68035063312475],[142.56357867002174,47.50407949892737],[142.62530291990285,47.48705314153858],[142.63832716612612,47.38658675190264],[142.6999254089198,47.369536775330594],[142.7128164345328,47.26911035507496],[142.77428910305304,47.252036784079685],[142.78704773797898,47.15164969356332],[142.9709974560857,47.100284003841466],[142.94660636005943,47.058682504695255],[143.04459808832272,46.98276800290808],[143.05690768783867,46.882460073862724],[143.1179445407454,46.86526659110697],[143.04484387957578,46.74065252794072],[143.1422695191995,46.664761082996186],[143.15437844905276,46.56456122571331],[143.4577128485794,46.478243463783826],[143.433248173953,46.43681824594086],[143.52981009057294,46.36074795893016],[143.54129887173997,46.260622940259495],[143.50534378770422,46.31935184617076],[142.7170777629326,46.542644049301046],[142.60824480954685,46.47650754276019],[142.4626946824119,46.46880005877795],[142.20185430591346,46.01141494746471]]]]}},{"type":"Feature","id":"video-308-32","properties":{"year":308,"kind":"regime","regime":"林邑","name":"林邑","is_jin":false,"is_western_jin":false,"source":"史图馆《中国历代疆域变化第十五版》用户本机视频年末帧","source_frame":"work/jin-video/frames/308.png","source_video_url":"https://www.bilibili.com/video/BV1CA4m1L7WJ/","coordinate_system":"WGS84 longitude / latitude","fidelity":"source-colour-vectorized","boundary_evidence":"按视频可见政治色块及外轮廓提取；文字、河流形成的小空隙闭合；不是逐县控制证据。","classification_note":"绿色区域位于晋最南端；其下方白地另标西屠，不能把西屠名称移给林邑。","source_timestamp_seconds":74.967,"source_frame_index":2249,"source_frame_sha256":"086b36710da7789ec1c78a52d60f7e688d678b5e9a99070fe1ed451ef21759b0","source_video_sha256":"706fb20d8a79e6cdf06e8e2ec157df70d3083f3d41a2b6fb8e09381888009baa","source_label":"（林邑）","source_colour_rgb":[166,204,48],"source_hsv_ranges":[[28,54]]},"geometry":{"type":"Polygon","coordinates":[[[107.61144821705636,16.055093223007624],[107.61031886005796,16.008508333049335],[107.6556714602017,16.00695638361731],[107.91887902946638,15.670813703061034],[107.96022964507027,15.52907694383785],[108.00536668339072,15.527355296201181],[108.0478608692087,15.432202151515424],[108.09295429563771,15.43043807328995],[108.13532858375086,15.335200258765965],[108.1803784124233,15.333393784688088],[108.22263311050176,15.238071166186497],[108.26763935590343,15.236222330642928],[108.30977477107626,15.140814772536297],[108.35473744804099,15.138923609563065],[108.39675388689425,15.043430974730978],[108.48507994378565,14.992736675481039],[108.48055650167782,14.852252522755714],[108.52539198575579,14.850277319341618],[108.56713682520714,14.754570295187916],[108.70150773539552,14.748453958383516],[108.78779639316856,14.650517313491287],[109.05622835903564,14.637455180292935],[109.05798888859164,14.684335149234501],[108.97020129956596,14.735644590283588],[108.97537708151688,14.876186023136814],[108.88738813463698,14.927368589996929],[108.89246203651213,15.067779091475513],[108.84754036891016,15.069926718900817],[108.76259789439482,15.214472177288062],[108.76751749064012,15.354688428261207],[108.6774194387125,15.358837392623355],[108.63553340058846,15.454304786658696],[108.59043944377876,15.456326282087057],[108.54843398041841,15.551709386489133],[108.45966283668378,15.602322270242318],[108.46268007667246,15.695642088275422],[108.37521470464304,15.792773098824384],[108.37668727707094,15.83939629790032],[108.33142031914032,15.841291278986558],[108.2890190798699,15.936380498883555],[108.24370794414448,15.938233049075134],[108.02502279158851,16.22657743822746],[107.88868697807072,16.231688017281737],[107.84076703823189,16.14025390039149],[107.70453703847959,16.145105040560463],[107.7033645255364,16.09854147004203],[107.61144821705636,16.055093223007624]]]}},{"type":"Feature","id":"video-308-33","properties":{"year":308,"kind":"regime","regime":"宇文鲜卑","name":"宇文鲜卑","is_jin":false,"is_western_jin":false,"source":"史图馆《中国历代疆域变化第十五版》用户本机视频年末帧","source_frame":"work/jin-video/frames/308.png","source_video_url":"https://www.bilibili.com/video/BV1CA4m1L7WJ/","coordinate_system":"WGS84 longitude / latitude","fidelity":"source-colour-vectorized","boundary_evidence":"按视频可见政治色块及外轮廓提取；文字、河流形成的小空隙闭合；不是逐县控制证据。","classification_note":"","source_timestamp_seconds":74.967,"source_frame_index":2249,"source_frame_sha256":"086b36710da7789ec1c78a52d60f7e688d678b5e9a99070fe1ed451ef21759b0","source_video_sha256":"706fb20d8a79e6cdf06e8e2ec157df70d3083f3d41a2b6fb8e09381888009baa","source_colour_rgb":[15,150,75],"source_hsv_ranges":[[53,88]]},"geometry":{"type":"Polygon","coordinates":[[[123.62130306991547,43.67766082053641],[123.55945954090579,43.6862828602202],[123.52061654141566,43.78209579108903],[123.40816176980157,43.8428535804574],[123.41963121015935,43.88648316283654],[123.23343125631854,43.91201158370414],[123.19401893145394,44.00778366055269],[122.50916025933401,44.099105801593474],[122.46865416145998,44.19471470067708],[122.35463084611499,44.25468231333133],[122.42011144543518,44.517285354104125],[121.72927412631752,44.6049251325961],[121.65589575619079,44.56888003204733],[121.4043541915134,44.5997811560327],[121.04916935856721,44.462244207339],[120.58943553411363,44.426305230484175],[120.44431338871627,44.353035728959306],[120.0673194113468,44.39595510453152],[119.92280894786873,44.3221548477528],[119.6714329519415,44.34994623914809],[119.4646133442356,44.28256171321586],[119.27607281118772,44.30283133158641],[119.00694507885291,44.24148223278615],[118.62972084719955,44.280538561161926],[118.48697724728422,44.20529380879999],[118.42412043327477,44.21164016217313],[118.34453994315597,44.1299184824056],[118.21066136065227,44.0984311038744],[118.02227064359487,44.11701060918416],[117.95135342081369,44.07911234748997],[117.7629470324331,44.09734299552877],[117.55874153915327,44.02721281092907],[117.37037464170879,44.044914169962254],[117.29988328293362,44.00669422362956],[117.11150728908278,44.0240470880189],[117.0411778797723,43.98569915085671],[116.66432240801595,44.01945560602286],[116.5942423209025,43.98088429395871],[116.28006875047726,44.0080831956272],[116.22420745916219,44.05756044105227],[116.20322651279344,43.92520811641962],[116.3217351450476,43.870382370403895],[116.28659869540559,43.64993705816336],[116.39751175368029,43.55101010807572],[116.3693232384417,43.37478684181081],[116.48678337566349,43.31988870094206],[116.46553154448765,43.18779419061633],[116.52764572532848,43.182337613226345],[116.57547462028823,43.0888231873974],[116.6374938026339,43.0833185710267],[116.68511175614866,42.98978507835262],[116.74703607672235,42.98423256498418],[116.79444396101465,42.89067988103217],[116.91077831459295,42.83547803445398],[116.88888708872942,42.703576599427],[117.00484376866642,42.648315085049816],[116.98283646683268,42.516474385862715],[117.09841762011948,42.46115295513615],[117.06159301041953,42.24153137565568],[117.73479638291997,42.17719246449017],[117.78038774869212,42.08344283842388],[117.84144417873028,42.07741116512166],[117.88683356583545,41.98364136887443],[118.00086204140953,41.927614334649235],[117.98511689446333,41.8399345209215],[118.09884207668917,41.78383822534686],[118.88810820922224,41.70151720689281],[118.93190374791305,41.60746025357683],[119.04452489737,41.55059815441168],[119.0360577519751,41.50684406000928],[119.941800754812,41.40526120941148],[119.9508022487592,41.44895090594948],[120.08052819769475,41.47862619542966],[120.12610962342393,41.69707205159915],[120.19581187037625,41.733692437772646],[120.37739903163978,41.712305805626244],[120.38670234611695,41.755985485236735],[120.51715775710953,41.78525732052785],[120.59658747513609,41.865354861941896],[121.02060889631282,41.81382299389177],[121.06168621555149,41.71908726196313],[121.24297213294264,41.696549609987855],[121.2836917220264,41.60176375014278],[121.4646138901312,41.57893524293785],[121.5049774463969,41.48409952222019],[121.56517624783139,41.47641997627105],[121.57516462161949,41.520000606760675],[121.70566485981328,41.548124780833014],[121.75620094146795,41.766018470343575],[121.88721620171478,41.7939788372029],[121.95906495470481,42.09906403444846],[122.09076581144585,42.12684387865597],[122.1219970799814,42.25760510447327],[122.19324904563386,42.29322964730774],[122.49712649602338,42.25299102576976],[122.53650269565965,42.157755277229214],[122.71840992612887,42.13324274662596],[122.80066062635463,42.212083450090184],[122.98261419473776,42.187218329803294],[123.06521665135175,42.26590731706866],[123.24721390728463,42.24068918723338],[123.33016790568041,42.319225653684164],[123.69411414105058,42.26784263556113],[123.76614762131562,42.302647565737],[123.78904249301424,42.389578467627864],[123.7283294985699,42.398252623333384],[123.69041032203445,42.49386322513709],[123.58012273081195,42.55459745560229],[123.65998785992032,42.85914486929394],[123.54910827100169,42.91989593704434],[123.67535807690724,43.39890276810673],[123.56364510452059,43.45973302114199],[123.62130306991547,43.67766082053641]]]}},{"type":"Feature","id":"video-308-34","properties":{"year":308,"kind":"regime","regime":"拓跋鲜卑","name":"拓跋鲜卑","is_jin":false,"is_western_jin":false,"source":"史图馆《中国历代疆域变化第十五版》用户本机视频年末帧","source_frame":"work/jin-video/frames/308.png","source_video_url":"https://www.bilibili.com/video/BV1CA4m1L7WJ/","coordinate_system":"WGS84 longitude / latitude","fidelity":"source-colour-vectorized","boundary_evidence":"按视频可见政治色块及外轮廓提取；文字、河流形成的小空隙闭合；不是逐县控制证据。","classification_note":"","source_timestamp_seconds":74.967,"source_frame_index":2249,"source_frame_sha256":"086b36710da7789ec1c78a52d60f7e688d678b5e9a99070fe1ed451ef21759b0","source_video_sha256":"706fb20d8a79e6cdf06e8e2ec157df70d3083f3d41a2b6fb8e09381888009baa","source_colour_rgb":[96,140,192],"source_hsv_ranges":[[97,116]]},"geometry":{"type":"Polygon","coordinates":[[[100.67229418908016,45.134142109346804],[100.72025750532744,44.37870285396648],[100.59591785100247,44.33097082017647],[100.64415177189106,43.57709855763582],[100.52415250999759,43.48509303642059],[100.54706608946472,43.1308591521642],[100.42502290858269,43.08311145469565],[100.43377858071828,42.95035986182745],[100.50184821490147,42.86362780776509],[101.24907855227201,42.88244294864017],[101.31608949592287,42.795324585992056],[101.75161713002151,42.804224269811826],[101.81794047537328,42.71687671302923],[101.8800921975538,42.71800605424428],[101.94617843412523,42.63061106295441],[102.07222340958899,42.588481352013886],[102.08535933001373,42.278865536032356],[102.21070517647871,42.2366351477208],[102.23906844008472,41.52955083360717],[102.17972194484503,41.48441796841817],[102.24432504182026,41.39705472608262],[102.4274139111993,41.399779528993264],[102.49164355304863,41.312309080812064],[102.61356456163425,41.313930723952396],[102.73838402210923,41.227123484035744],[102.921060372389,41.229182318822794],[102.98454543581742,41.14149943682631],[103.28866234047817,41.144241401845484],[103.35163053007034,41.05639655185227],[103.89842929462657,41.059357666022834],[103.96058855610848,40.971240344457094],[104.2640130145702,40.97179128661113],[104.44687989521289,40.883490367179796],[104.8711587568607,40.88254339840148],[104.99252861675787,40.79373084223137],[105.35573585223518,40.79153179962979],[105.41590656223977,40.702782653376296],[105.71818977878567,40.700068508402666],[105.77784589438527,40.61116732755012],[105.95898229121573,40.60913325969359],[106.01827241075242,40.520134485875786],[106.07857502751673,40.51937575401823],[106.07915418526063,40.563507709117566],[106.20048069525862,40.606041847096385],[106.20244303101794,40.73845479847753],[106.3248610899575,40.82502924891983],[106.32632293084744,40.91332309239514],[106.44837504625623,40.955650631182955],[106.44918163824164,40.99980257751261],[106.57144981473454,41.042023418323474],[106.57233198910428,41.086179289972655],[106.75760578914247,41.215551224477224],[106.81847585620302,41.21445974490943],[106.88148813235911,41.30167013075235],[107.06430317752408,41.29814629407069],[107.24969407335284,41.38270852245048],[107.43269353495856,41.378688125787185],[107.49658650190983,41.46563051222378],[107.74084038152392,41.459770863400394],[107.86630358436396,41.54501511231868],[108.29412945860238,41.53330887179101],[108.41231847821079,41.44139553142857],[108.65640357293078,41.43389169830752],[108.95442396513899,41.29146256610115],[108.94279306768306,41.070791045530065],[108.81913597627056,41.03072389423988],[108.81241922876676,40.89835015663588],[108.68481269963331,40.769934801644396],[108.67621769924969,40.593485521287576],[108.85040325432959,40.45524546144955],[108.9707899280621,40.45116064489217],[109.25925000696523,40.22004647283132],[109.2567696544777,40.17596595215798],[109.37412722796564,40.12744194354478],[109.35132322323098,39.73082911211766],[109.22968041462204,39.69118995498281],[109.22235381928398,39.55901013320271],[109.10106137154246,39.519258291473825],[108.97303654219932,39.3472233797193],[108.96619855312788,39.215060885837],[108.84120170856337,39.08697973151482],[108.81718314838591,38.60247305048218],[108.9279032168165,38.466309719072704],[108.8816358711271,37.54162836430898],[109.51829080674254,37.51777217481555],[109.58130786222273,37.60348169476262],[110.68114672320947,37.55435833067786],[110.68758687974919,37.64234267832245],[110.57807097079363,37.73594987330933],[110.5939388102711,37.95592949472835],[110.71349711242085,37.99428629873777],[110.77826003720708,38.07941286878722],[111.18586782629164,38.05865013486777],[111.18940099753353,38.10263253938203],[111.30949077745302,38.14044235481971],[111.37504950934003,38.22527370514034],[111.43338129018794,38.22211876976316],[111.44444928196816,38.3540524133909],[111.56506708883094,38.391629550809505],[111.57639095090104,38.52355920254914],[111.69734638463166,38.561016682134834],[111.70892827503349,38.69294327468235],[111.83022272607498,38.730280810624336],[111.89688590424961,38.814866950147966],[111.95565369020719,38.81147796682248],[111.99201013390643,39.20725662545592],[112.1142827358321,39.24434203171306],[112.12671034647573,39.3762775565788],[112.24932777129197,39.41324214401467],[112.3170804899394,39.49764746755939],[112.73197565174998,39.47204344404062],[112.80032985096517,39.55620440355062],[112.97824401398005,39.54474182336003],[112.98291031566819,39.58869938488393],[113.10630038541358,39.6248751739754],[113.17522020648308,39.70885190220686],[113.23463351602332,39.70488959259817],[113.24913643359592,39.8367546311688],[113.31352939053025,39.87671432774558],[113.49213192478162,39.86456063831912],[113.56171345542161,39.948352517287674],[113.74044737201885,39.9358654764067],[113.74559210427212,39.97980847915051],[113.87000575099417,40.01528542863962],[113.8752331970025,40.05922642745761],[113.99984301691876,40.09458491752385],[114.07021850419916,40.17812740878812],[114.24942052979256,40.164956279629266],[114.25488501828195,40.20888807454017],[114.37992945586699,40.24389692791052],[114.45087923503101,40.32725037209809],[114.63037455591245,40.313567368244435],[114.70167555647956,40.396793523835974],[115.00099977402137,40.37329370044817],[115.07277846906875,40.45632707103514],[115.49194455357403,40.42207940147865],[115.5643257253167,40.50485314715093],[115.86379921463721,40.47942663428628],[115.93665633547172,40.56200417213716],[116.11642649415619,40.546329383480185],[116.1230381295012,40.59019389340265],[116.24960307931016,40.623464076416774],[116.32303845774649,40.705844447675766],[116.38306021397052,40.70047315061801],[116.60454800986184,40.94731900661944],[117.02575147094012,40.90826872185662],[117.07145882608239,40.81492392367546],[117.251594064497,40.7977277853388],[117.29694419918248,40.704318718956436],[117.47675343616919,40.68682388272579],[117.48419298323189,40.730624096062506],[117.61160741358857,40.76261522937432],[117.77161499255212,41.68275736788491],[117.91645151227912,41.80218792106238],[117.939945900078,41.933715608685354],[117.87901946599801,41.93978980572885],[117.83364755631158,42.033550445460875],[117.71932110143361,42.08944736051259],[117.72705401999173,42.13331854765159],[117.42138569511509,42.16295279381201],[117.34520543855125,42.08101251526324],[117.03960617181478,42.10979300912878],[116.98574032633348,42.159381120245904],[117.02229026806407,42.37899208082205],[116.90678299405049,42.43424160949018],[116.94323074669691,42.653979242855875],[116.88160797661153,42.65961594384203],[116.83446788163931,42.75315712567983],[116.77275089930609,42.75874626621739],[116.72540232038868,42.8522676798586],[116.66359098879559,42.85780912089611],[116.61603306188958,42.951310889685345],[116.49928112163842,43.00627686400182],[116.52054138804269,43.13831707839268],[116.65184531909273,43.171341315088576],[116.46553154448765,43.18779419061633],[116.29306273302863,43.292078688191374],[116.32804145652759,43.51234735243151],[116.21013810090388,43.56713402569455],[116.25899754532607,43.875754817616404],[116.19625039339564,43.88109921843718],[116.1473770294519,43.97464495779463],[116.02855671872503,44.02933647568792],[116.03544218927631,44.073469257014004],[115.59466214365298,44.109604093152385],[115.51851943276887,44.026335202392204],[115.20374985094408,44.051124313241374],[115.19103613140035,43.96278939568176],[114.98985603777788,43.888966934381536],[114.80128078515669,43.90320866112833],[114.73234947797532,43.86372434703284],[114.42390460046344,43.93093140892304],[114.34934432384738,43.84706934704834],[113.7833701142666,43.88644115805235],[113.71502979220818,43.846459614742976],[113.02280334246107,43.891134012290024],[112.90175631153114,43.9431399922235],[112.8290051382344,43.85847555579884],[112.07312134079005,43.902260063939416],[111.9384514989619,43.82060836661866],[110.99335562846291,43.86868531127167],[110.92298726073764,43.78306093355013],[110.79702706048455,43.78892474429799],[110.73050569693999,43.74751369457484],[110.60459339275734,43.753203717803345],[110.15423391119634,43.63930289222609],[109.65107354410434,43.65930249225089],[109.58535078683273,43.61736166423278],[108.32702928418128,43.65883276228845],[108.26605566298025,43.704948958608306],[107.82502300232008,43.71659261240598],[107.76034381181626,43.67379417511085],[107.50841018910522,43.67970570216565],[107.44688535295379,43.72546506933605],[107.3208190009609,43.72819522540586],[107.26047979412677,43.818240689162316],[106.94486490867777,43.8244334084294],[106.88396235034047,43.91433594360312],[106.63015132678315,43.874288977979695],[106.50554301535227,43.96504833481756],[106.50642036140303,44.00943801331093],[106.37901688200141,43.9669302167288],[106.12594532442091,43.97035136078312],[106.06327137214032,44.015527914858964],[105.93664411745964,44.01701070366485],[105.68409163338865,44.108436316707305],[105.62132986077378,44.197843613064954],[105.43088202016405,44.19942677665398],[105.36723884494502,44.155482740348134],[104.92310888822836,44.157972205486935],[104.79600671056896,44.20284024461712],[104.73202910045464,44.29186771996052],[104.54131477531008,44.2922458149569],[104.47693150289979,44.38117704267708],[104.35011293170518,44.336793847783795],[104.1592762709424,44.336654223325716],[104.09501594516185,44.3809825679546],[104.09371674821568,44.46986246887857],[103.58483653537553,44.42354682925268],[103.5201331336544,44.46762201186786],[103.51810038724479,44.55651508308398],[103.390481363565,44.55569826136613],[103.32439111590897,44.64415718512602],[103.0701459630529,44.597601666885765],[102.93968544238733,44.685293128047086],[102.93829614672413,44.72975777503172],[102.6839998944093,44.68249686500306],[102.61848870415929,44.72618639259086],[102.49057546196647,44.72455538250656],[102.42318374574955,44.81262911532175],[102.10302903040335,44.80789157760485],[102.03506624278123,44.8957999858337],[101.71455959475371,44.89018309629725],[101.64602529033148,44.97792432244798],[101.45350836282545,44.97411221884903],[101.38456141035876,45.06174752740786],[101.13014374192801,45.01165231053116],[100.80090036117583,45.13742069563166],[100.67229418908016,45.134142109346804]]]}},{"type":"Feature","id":"video-308-35","properties":{"year":308,"kind":"regime","regime":"室韦、乌洛侯等部","name":"室韦、乌洛侯等部","is_jin":false,"is_western_jin":false,"source":"史图馆《中国历代疆域变化第十五版》用户本机视频年末帧","source_frame":"work/jin-video/frames/308.png","source_video_url":"https://www.bilibili.com/video/BV1CA4m1L7WJ/","coordinate_system":"WGS84 longitude / latitude","fidelity":"source-colour-vectorized","boundary_evidence":"按视频可见政治色块及外轮廓提取；文字、河流形成的小空隙闭合；不是逐县控制证据。","classification_note":"","source_timestamp_seconds":74.967,"source_frame_index":2249,"source_frame_sha256":"086b36710da7789ec1c78a52d60f7e688d678b5e9a99070fe1ed451ef21759b0","source_video_sha256":"706fb20d8a79e6cdf06e8e2ec157df70d3083f3d41a2b6fb8e09381888009baa","source_colour_rgb":[216,210,160],"source_hsv_ranges":[[17,41]]},"geometry":{"type":"Polygon","coordinates":[[[140.8490434519975,51.26737909325673],[140.65150491305835,51.317052051379505],[140.53676172467243,51.24780822912072],[139.94271738293807,51.394856227158506],[139.92462548704887,51.49710520949164],[137.7201347032266,52.017331484737916],[137.6973638602702,51.97382014026959],[137.5174179008827,51.917291490319826],[137.44971094157046,51.78678029314585],[137.2705009208363,51.73002944534999],[137.20348561618042,51.59956732428386],[137.04717745704505,51.58608457061773],[136.892614639055,51.28184422901784],[136.7371346601273,51.2680697211161],[136.67165979368812,51.13775236151194],[136.51657096028276,51.123763747466285],[136.45168125377165,50.99346564901772],[136.296983150696,50.9792642147659],[136.23267470842754,50.84898494058376],[136.07836690312618,50.83457195777092],[135.96942176265307,50.7621538135565],[135.90296289995342,50.776556223068276],[135.83963743557143,50.64626556434854],[135.68589553174542,50.63146868245654],[135.62314151839962,50.50119624163493],[135.46978930727337,50.486191119101434],[135.40760290644883,50.355936439524335],[135.25463989124415,50.340724299015505],[135.1930172825338,50.210486920451196],[135.0404429507207,50.19506897096156],[134.9793803319439,50.06484842968876],[134.8271941555761,50.0492258666819],[134.76668774289158,49.919021695575836],[134.61488917893752,49.90319570112368],[134.59487820775846,49.85979232413945],[134.44325762647046,49.843797138913615],[134.4233775877621,49.80038451886382],[134.27193549850617,49.784220594089554],[134.16670628349354,49.7109395220722],[133.83752078015473,49.77829452574808],[133.7327843065237,49.70471058990543],[133.40319240671303,49.77110573913539],[133.29895248071915,49.69722091298471],[132.5721247986168,49.840240337985826],[132.33633248613384,49.79128415192189],[131.60643459496825,49.92967264780463],[131.57597665984605,50.02971150011915],[131.17592571089943,50.10369062254946],[131.0778611082028,50.21595670552119],[130.87710239902165,50.252447324172635],[130.77830379739862,50.36460923973434],[130.50974872496946,50.412709671559035],[130.47738795426628,50.51278511789405],[130.27538800580015,50.54853029868128],[130.24260120282182,50.64863242641621],[130.12484198073813,50.71645824480995],[130.142113140097,50.76062585694264],[129.80374335413356,50.81938612943182],[129.77009578887788,50.91954217006607],[129.49852325129362,50.96598438311987],[129.39626644042448,51.0776869921181],[129.19193036160814,51.112091172484114],[129.15718834691984,51.2122845760376],[128.95230379053817,51.246393315580626],[128.91712021494982,51.34661389812479],[128.57461271640778,51.40281578211135],[128.5387605581949,51.50304544868185],[128.19510299280387,51.55844553480221],[128.15857726031484,51.6586833926595],[128.0368069560049,51.725273698681306],[128.05291095191754,51.76994677696036],[127.70742469039568,51.82433783897955],[127.6699914028424,51.924629431739405],[127.54721666294526,51.99094224457041],[127.56304753824355,52.03574457204963],[127.35472643227878,52.067859191264525],[127.3166025779212,52.168225423132895],[127.10773166717672,52.20003141884504],[127.06914452053549,52.300425272713106],[126.85972364234385,52.331920799694366],[126.82067019992168,52.43234235964296],[126.61069922420346,52.463525554156966],[126.57117647478132,52.56397489582127],[125.79828545773985,52.67577769191654],[125.71630504492695,52.876612026617856],[125.43365888076254,52.91622748843873],[125.3920065834595,53.01669021145565],[125.03762395314628,53.065432947675575],[124.867328631808,52.993930137904094],[124.44168846157388,53.05086460152562],[124.39839094350766,53.15115259814731],[124.18493564177004,53.17914732299168],[123.99850467053966,53.29793377160457],[123.4986094084307,53.36157685392916],[123.45361681242456,53.4618285841145],[123.32355094225106,53.52537756329625],[123.336750385061,53.57107813825396],[122.9777896535022,53.615257150070455],[122.93179654234662,53.71555174462285],[122.13904318387745,53.8096925342903],[122.09158571141454,53.90988739542095],[121.44017504955035,53.983793167674705],[121.39148406381724,54.083911006528666],[120.73750020986512,54.15496696773129],[120.6875678439269,54.25500108077041],[120.32301456078136,54.293215568636846],[120.27231822216343,54.393229801704784],[119.61394157234726,54.45972588460612],[119.60326935245057,54.41340918591061],[119.44633007704577,54.3814817760494],[119.41476612872948,54.24263968072567],[119.25834403930293,54.21056795074685],[119.16473018025926,54.12511640370547],[119.09182798504557,54.132104210413125],[119.0611602458052,53.99347505852179],[118.90552988770534,53.96111366901293],[118.81275605364708,53.87562310190112],[118.74010148577516,53.88243191506375],[118.71031769606671,53.74401143869868],[118.55547537260732,53.711363397240476],[118.526171434793,53.57309362305305],[118.37183827418252,53.54030538304973],[118.28038851648184,53.454779780863966],[118.2081568445833,53.46131742942953],[118.17971733386865,53.32324881898343],[118.02616551764895,53.29017842748796],[117.99819401803163,53.15225474730698],[117.84514623648481,53.11904650469346],[117.81763835044819,52.98126531824026],[117.66509242803667,52.947919996366124],[117.63804379916448,52.810278900431065],[117.4859975637737,52.77679725842236],[117.45940387642057,52.63929388237071],[117.30785515955492,52.60567666684165],[117.28171213851755,52.468308671881],[117.13065877549057,52.43455661714809],[117.04241334061527,52.34899629933021],[116.97129804278553,52.35490703576746],[116.7962488342891,51.39712437691439],[116.92810420338056,51.34005111144217],[116.88675799589076,51.11295635678172],[117.01795987564309,51.05590419215898],[116.99303825201316,50.91986027689587],[117.12375952817952,50.86278212848004],[117.08203743717097,50.63638776645974],[117.21211572971445,50.579327276139445],[117.12043239995299,50.08248376490902],[116.97489841495812,50.04907008934568],[116.83764174462675,49.28371294238611],[116.96528637958127,49.22727392648813],[116.89318087747367,48.823397060698916],[116.97660622187179,48.90731764140636],[117.11152597766286,48.89569547480844],[117.11965038611838,48.94053732863339],[117.26283717175187,48.97362400157437],[117.28757865209518,49.10820239611521],[117.43121057230674,49.14115318113017],[117.45635670420039,49.27581324595215],[117.53260472294737,49.314688585053446],[117.73606000135553,49.29641304849432],[117.79522303424983,49.24538026459245],[117.76940186628913,49.11079839454187],[117.97216694032731,49.092218035940576],[118.03096707048027,49.04114263623435],[118.00474906238871,48.906735226052156],[117.92869328412372,48.86817896907048],[117.72659826305346,48.88668046254611],[117.71807208472762,48.84188417757297],[117.57494340830156,48.80925819086453],[117.5497340900912,48.67491896102251],[117.4070458829205,48.64215593680307],[117.38223668782099,48.507891957404865],[117.30699404950798,48.46908872252912],[117.10593799735832,48.48670926223713],[117.05496013814886,48.58205443935879],[116.98781783584852,48.58784662982247],[116.8847348649033,48.006431672411715],[117.00992252753665,47.950284013750455],[116.9703663045137,47.72711957834447],[117.09496449413739,47.67096476255743],[116.99235500120922,47.09184938373452],[117.1157709015891,47.03581712111395],[117.0921169288432,46.90239758797625],[117.21510712983981,46.84632054944095],[117.19132456671126,46.713010687338794],[117.25660898867179,46.707171302546286],[117.30591149386444,46.61248103670333],[117.42820377114664,46.55628211684771],[117.32445788620649,45.97976809440006],[117.44561080093007,45.92367494809048],[117.4217015509219,45.79082430980299],[117.54244307374755,45.73468331961681],[117.47062908570365,45.33656899765368],[117.59053956535324,45.28046525481162],[117.55064904095792,45.05955003980982],[117.67001695305942,45.0034242635759],[117.6459962169998,44.870977828911805],[117.70951848215945,44.864969059941586],[117.75690847192224,44.77067636011988],[117.8756155979767,44.71442263049915],[117.85130457711134,44.58211581049798],[117.96961531046973,44.525811417164114],[117.94519215466528,44.3935863914892],[118.06310882702503,44.337231004210665],[118.03857513625066,44.20508572316101],[118.2271980993797,44.1864801608423],[118.30670593682184,44.268279728937976],[118.49542662323499,44.249311368459864],[118.57531891158246,44.33097168217109],[118.7641346047626,44.31163989553829],[118.84441141914218,44.39316007137267],[119.41081307780958,44.33331616778358],[119.49186665676349,44.414470173039255],[119.80643478754521,44.38005583798847],[119.88800116149652,44.460991054714476],[120.20257909543975,44.42568833846049],[120.28465694593594,44.506402965965165],[120.72497366253826,44.45553901233118],[120.80768906696494,44.53595445475362],[120.99638899977785,44.51362176692447],[121.0794856260686,44.59388981635947],[121.26825399687183,44.57119023334815],[121.35173174639543,44.65130998372831],[121.54056568491455,44.628242964296575],[121.62442443978276,44.708213506057646],[122.44204787546653,44.604852590564334],[122.47505593928052,44.73623525512399],[122.54903204431444,44.77186924318113],[122.6269039565426,45.07857204134189],[122.70132323405946,45.114160462436224],[122.95296472433434,45.57986196680865],[123.1785821450027,45.68616541072963],[123.62408225128434,45.62607952066967],[123.83882864909037,45.68752086712643],[124.02960563247568,45.661056983550935],[124.13226384168775,45.555726619129],[124.2591464061301,45.53785856365807],[124.2979487031221,45.441394165166976],[124.41221769706831,45.37966145720814],[124.39987265250173,45.335942288309234],[124.71577356769502,45.29049991494932],[124.80406892884099,45.36869048431702],[125.4352038264524,45.275311666482196],[125.44819124215708,45.318930854607494],[125.73983243926304,45.411576423398465],[125.92908370167801,45.38260676420821],[125.96909161665204,45.513382800014796],[126.04566149199101,45.54724326571749],[126.17200828748972,45.527679034898455],[126.3254534178307,45.59514730496911],[126.45180786073111,45.575332614732545],[126.60563192553464,45.64250960939966],[126.66882110564536,45.63249072141632],[126.94223578377607,45.86350495515495],[127.51164153078176,45.77093725200654],[127.6036998229415,45.84747552216354],[128.17206078942363,45.75228735120359],[128.3279354335684,45.81763729097557],[128.70617350300807,45.75251808327935],[128.79952861592972,45.82827796500456],[129.36601869947268,45.7283607256085],[129.41328717500818,45.673848798894944],[129.2740050596058,45.284568368177425],[129.1184435284345,45.220356242848226],[129.07269664305863,45.09064073244605],[129.11976113300895,45.03632985363054],[128.93647630457895,44.70169163487335],[128.7825246394137,44.63721737662609],[128.75267772661823,44.550804957561226],[128.61403378219447,44.529370081751004],[128.52261005372213,44.45377416301029],[128.46075989579896,44.46457484689969],[128.23500509850655,44.1835022956993],[128.08283714935578,44.11835334048852],[128.02537456636153,43.945476913376076],[127.88814823831399,43.92336222431584],[127.67647625848385,43.27530557986018],[127.52676854650066,43.20968929113925],[127.4990452777031,43.12330820893151],[127.36357140170878,43.10072006760134],[127.3498217461176,43.05752166252667],[127.20087447979219,42.991583526830794],[127.14645421004279,42.81877707699919],[127.25404011135988,42.75519786363478],[127.21323882745752,42.6256637244941],[127.27368382653376,42.61545293164997],[127.30685466612641,42.51889725907442],[129.1692273502028,42.18900886530001],[129.18390135407947,42.231950783394254],[129.31828453761818,42.25272487113405],[129.3626663932974,42.381521186497864],[129.49738160184384,42.402125386574134],[129.57213304427353,42.616753375817225],[129.46684700555824,42.682103627215625],[129.5117648652872,42.81095123192168],[129.64733487903553,42.831425024616586],[129.66242964388485,42.874364904782176],[129.79816339067793,42.89469334452102],[129.8133625474542,42.9376219714274],[129.94925976738247,42.957804738506276],[129.96456359283414,43.00072203494963],[130.1006240215509,43.02075880890893],[130.1918679515283,43.09507687704105],[130.37297374062962,43.06043368557069],[130.46455324146095,43.134578061721385],[130.6456256140155,43.09957617024529],[130.73753999014158,43.17354603383673],[131.64090301281675,42.9944128179613],[131.6572336197308,43.03714004508362],[131.79381950205462,43.05551316872009],[131.84318868051975,43.183661548735664],[131.9199049570985,43.21413185457217],[132.10044067266506,43.17722907514216],[132.12727223552494,43.07952160094825],[132.18732169980606,43.067160029073044],[132.28078818063514,43.14009463790418],[132.46094658680056,43.10272894286582],[132.5040958919305,43.047593990443424],[132.42009170337565,42.83447531095188],[132.83819474513987,42.74656363400292],[132.88083746874213,42.691350011154356],[133.0595468494709,42.653240180139434],[133.10196284654225,42.59796794366286],[133.28032029808247,42.55957870202493],[133.29752852871954,42.6020716808557],[133.43368446969276,42.618812630950636],[133.45099820288107,42.6612910121532],[133.5873027371104,42.677882160074745],[133.681679566798,42.749811462766694],[133.8601006156558,42.710661869107646],[133.8776904066618,42.75309357102144],[134.0142679777748,42.76926578732319],[134.10919578773434,42.840914763063886],[134.16868850317104,42.82770389602761],[134.22215945701956,42.954912298527645],[134.35920163866342,42.970749835069086],[134.3771534676803,43.01313867165247],[134.51434208343983,43.02882456289305],[134.5324011011955,43.07119814060003],[134.66973577534122,43.08673207794268],[134.76574779081483,43.157973508840975],[134.82538257172234,43.14447197321667],[134.88027038520156,43.271504144860735],[135.01806829136345,43.28669955459622],[135.11470124854196,43.35772874765379],[135.17443725165552,43.34407168329485],[135.26733109974518,43.55565651866673],[135.40576530382864,43.57047693141736],[135.5373654506717,43.86663763481587],[135.67646763295778,43.88119999759934],[135.84809545896502,44.26194053504252],[135.98804657100678,44.27620737128387],[136.08702872225638,44.34671999521043],[136.14741633279388,44.332613592558666],[136.24457771224996,44.544032862577524],[136.38517397049776,44.55791487186276],[136.4440211882034,44.684736407791824],[136.58494051867697,44.69842467284638],[136.6839441622912,44.909745041877756],[136.8253662747231,44.92320215054586],[136.92542378758543,45.13448571092914],[137.0673505736254,45.1477100234326],[137.1279496198284,45.274452201647996],[137.27020156628657,45.28747938091777],[137.37214868135126,45.49867091516589],[137.51490804300556,45.51146235529732],[137.6172184440704,45.581131695626716],[137.67836656733903,45.56631930762119],[137.82360254041248,45.861845943025],[137.96719828335495,45.87419926333874],[138.19898208851225,46.33865671951961],[138.34364596504855,46.35065227927649],[138.66624225436644,46.98430209544465],[138.81236348056856,46.99585439358815],[138.87789118958008,47.12261392437602],[139.02434600476215,47.133958832772606],[139.35712786641352,47.76794320553995],[139.50506652827866,47.77883222496114],[139.61289441639553,47.847619954416174],[139.67565434309617,47.831826752188114],[139.78908947418148,48.04316008222435],[139.93770304816564,48.053624116466295],[140.0523412961255,48.26495461655619],[140.20148745117993,48.275161623965495],[140.22459961498143,48.31741895380004],[140.12147211246045,48.39180402616256],[140.37720968685738,48.857263356701864],[140.27341527587072,48.93194030728839],[140.57978275049297,49.48319426083025],[140.515669974009,49.49949810181496],[140.4989718875807,49.60071733995459],[140.3941446558186,49.675755302427405],[140.56088792795222,49.97346117217209],[140.45553679898364,50.048690286192205],[140.5273384797294,50.176468704754186],[140.4625349067635,50.192809583211684],[140.44557777802888,50.29439687343026],[140.33957816746042,50.36967688940124],[140.8490434519975,51.26737909325673]]]}},{"type":"Feature","id":"video-308-36","properties":{"year":308,"kind":"regime","regime":"龟兹","name":"龟兹","is_jin":false,"is_western_jin":false,"source":"史图馆《中国历代疆域变化第十五版》用户本机视频年末帧","source_frame":"work/jin-video/frames/308.png","source_video_url":"https://www.bilibili.com/video/BV1CA4m1L7WJ/","coordinate_system":"WGS84 longitude / latitude","fidelity":"source-colour-vectorized","boundary_evidence":"按视频可见政治色块及外轮廓提取；文字、河流形成的小空隙闭合；不是逐县控制证据。","classification_note":"","source_timestamp_seconds":74.967,"source_frame_index":2249,"source_frame_sha256":"086b36710da7789ec1c78a52d60f7e688d678b5e9a99070fe1ed451ef21759b0","source_video_sha256":"706fb20d8a79e6cdf06e8e2ec157df70d3083f3d41a2b6fb8e09381888009baa","source_colour_rgb":[180,25,221],"source_hsv_ranges":[[129,155]]},"geometry":{"type":"Polygon","coordinates":[[[74.94058916585288,40.46521179484749],[74.95844494130348,40.42310383096662],[75.09148201232115,40.406931031250515],[75.14468643127161,40.28055281298955],[75.20222810806703,40.29345938211951],[75.29503876518342,40.222053763491616],[75.46766555266697,40.260503879619726],[75.50775326421761,40.31544780207829],[75.68070999970254,40.35362686854332],[75.75577644135828,40.32409547116875],[76.62307291877123,40.511165761523074],[76.69791757328615,40.48110338105977],[76.73904471214135,40.53568701027174],[77.37826717196711,40.66877269369374],[77.54398986541196,40.56531372306977],[77.72312541787566,40.098420312554666],[77.62375290879353,40.032328211911604],[77.63996818579962,39.98989635713934],[77.5570550865253,39.88133095188835],[77.67933841131276,39.72348756781308],[77.82651140063224,39.6621937328279],[78.86440084319555,39.86978664138914],[79.12649602422455,39.82961827427775],[79.21487073339568,39.755581732108496],[79.47636915073608,39.71472860657076],[80.98470651325279,39.99332557578803],[81.18942617206771,40.12035435418546],[81.83235143041844,40.23211016430589],[81.97695094387456,40.16624836841375],[82.21109049398092,40.20586746229014],[82.29677351239243,40.129796036593724],[82.42730539425801,40.10640779846206],[82.440755830173,40.063439826616516],[82.48582921445922,40.11615324993949],[82.6029231856881,40.135567531833175],[82.67481426984925,40.102243416548355],[82.85051912725554,40.131077814384014],[83.05256712690966,40.07362325392197],[83.75650107828265,40.18558652587632],[83.8487395174275,40.29011485923532],[84.14314559834831,40.33547588393001],[84.29514183256777,40.44870699306511],[84.59045545905647,40.493093131921874],[85.12234456664643,40.796178475988874],[85.36008285985787,40.830294568706414],[85.40771901576272,40.88204146466229],[85.82462415275668,40.94059450011436],[85.87266155393311,40.9921835612512],[85.99199475242382,41.008635797229296],[86.06315389201697,40.97347684829182],[86.60062381320715,41.04592539600681],[86.74235576258201,40.97492938894295],[86.92161898093741,40.99841524909833],[87.25294688542229,40.9067067167873],[87.5305941923136,41.03151852578111],[87.7777790937008,41.28627393125228],[88.68063810090679,41.39447759043677],[88.88122080792373,41.32822253737578],[89.06200372452342,41.34887505742004],[89.14165021962822,41.26849896571837],[89.32235748869336,41.28880307337425],[89.17759430922467,41.94326201835525],[89.04622806563866,41.97324894938508],[89.01670773829228,42.104177711782675],[88.95580634328584,42.09729223201231],[88.8750324414376,42.17765798705142],[88.81408243100844,42.17070870903572],[88.73306733727689,42.25100060740526],[88.67206888915729,42.24398738839255],[88.59081211800702,42.324205222488224],[88.4585048529278,42.35364626917423],[88.44826647933063,42.39727147972064],[88.265018770733,42.37576576870771],[88.183157099789,42.45576016343832],[88.05044039901654,42.48481505753262],[88.03993444105684,42.52841959365846],[87.85647586131252,42.50636477805964],[87.7740081739518,42.586133753191284],[87.64088443642358,42.6148005145556],[87.63010936209663,42.6583837076084],[87.44644584601198,42.635777822818305],[87.36337108747963,42.715319374257646],[87.30211649648534,42.70769198732379],[87.2187970818577,42.78715718549328],[87.1574963470211,42.77946462138917],[87.07393181276777,42.85885324035325],[86.94002029616173,42.88685739311767],[86.90624313681536,43.01751513211007],[86.77196697842066,43.045365437134144],[85.36159157248672,42.85694203984712],[85.38595551873985,42.77012274357397],[85.2760458227348,42.70969446339603],[85.28826206335836,42.666303178755825],[85.17859466928181,42.60580897624631],[85.1422534339534,42.5104819428468],[84.59534148630152,42.432054324514866],[84.60792206277256,42.388745997629236],[84.49925547736943,42.32774304538294],[84.46395722209535,42.23228586225562],[84.28247657445054,42.20549920410975],[84.19643872993308,42.2830361229295],[84.01493071560076,42.25589350968022],[83.9285434940858,42.33326898582267],[83.74701085829432,42.30577005551906],[83.66027462751822,42.382983268559826],[83.47872012816136,42.355127667422224],[83.39163527370835,42.43217779526727],[83.21006168115775,42.40396517778134],[83.12262860652271,42.48085139675051],[82.9410387034373,42.45228142576036],[82.86690764112807,42.485853081300476],[78.96882212850312,41.806804123611194],[78.92529331523072,41.752828754454846],[78.62882527787531,41.6959740017525],[78.60162759641068,41.599273458194475],[78.42422172524452,41.564823526540344],[78.39734621377038,41.4681006230086],[77.98464040308578,41.3867568781536],[77.95841616013959,41.289971948453285],[76.72765977684894,41.03830933598349],[76.70322948159429,40.94133292122859],[75.02025733637073,40.575427625117676],[75.03809419135216,40.53330423477003],[74.94058916585288,40.46521179484749]]]}},{"type":"Feature","id":"video-308-37","properties":{"year":308,"kind":"regime","regime":"百济","name":"百济","is_jin":false,"is_western_jin":false,"source":"史图馆《中国历代疆域变化第十五版》用户本机视频年末帧","source_frame":"work/jin-video/frames/308.png","source_video_url":"https://www.bilibili.com/video/BV1CA4m1L7WJ/","coordinate_system":"WGS84 longitude / latitude","fidelity":"source-colour-vectorized","boundary_evidence":"按视频可见政治色块及外轮廓提取；文字、河流形成的小空隙闭合；不是逐县控制证据。","classification_note":"","source_timestamp_seconds":74.967,"source_frame_index":2249,"source_frame_sha256":"086b36710da7789ec1c78a52d60f7e688d678b5e9a99070fe1ed451ef21759b0","source_video_sha256":"706fb20d8a79e6cdf06e8e2ec157df70d3083f3d41a2b6fb8e09381888009baa","source_colour_rgb":[169,211,46],"source_hsv_ranges":[[33,54]]},"geometry":{"type":"Polygon","coordinates":[[[126.82175627640959,37.66419873061606],[126.74032709205306,37.58812714103862],[126.45752585895514,37.63753808727261],[126.42080717508,37.50839087443627],[126.70315354766906,37.45906104845577],[126.74718544637308,37.406102303926374],[126.71008881576948,37.277038882430936],[126.81025662746997,37.21411570019866],[126.7608044985692,37.04205178476652],[126.80455737817275,36.9890726723126],[126.77988242627849,36.90304058335483],[126.64332387198249,36.83685537937595],[126.46316712206425,36.82340328722338],[126.38298206135667,36.74710450710696],[126.32702308913682,36.75688049495131],[126.29094232397767,36.627689328707085],[126.57014955134571,36.578642781177216],[126.61377061082078,36.52572458477166],[126.55308525072262,36.31052171700674],[126.65213127864796,36.247710485649],[126.59155677379766,36.0325068073325],[126.64696075547718,36.022613288503926],[126.67809824523363,35.92662151092646],[126.77655519340449,35.86370414719465],[126.79531695190957,35.72464343677931],[126.874853139413,35.80070854051707],[127.040419716048,35.770581461417805],[127.12024172066411,35.84649034087204],[127.39611657139925,35.795623405363074],[127.40861190452175,35.83859398293808],[127.53148486179958,35.86102589835565],[127.77291172417902,36.67685907079324],[127.89722624878519,36.69893031495878],[127.9360333069167,36.82764940418001],[128.00482561864237,36.86006911370315],[128.50658607781173,36.76462492710078],[128.5198579595281,36.807470065138986],[128.64459379226133,36.82881403527842],[128.65795365847632,36.87164439015667],[128.6022076887282,36.882411994325096],[128.57309362399693,36.9788340974126],[128.0700133647049,37.07453352560619],[128.04015655904013,37.170831645029104],[127.87196198390953,37.20225374304329],[127.84180587704752,37.298505098097415],[127.78563564062634,37.308917099707145],[127.75532856786938,37.40514809010161],[127.6556935872872,37.46880332878243],[127.66860937082372,37.511733238259346],[127.27383337641527,37.58357307768274],[127.1920399001832,37.50778691102999],[126.90983094790896,37.558184373065174],[126.87831817927251,37.6542068398577],[126.82175627640959,37.66419873061606]]]}},{"type":"Feature","id":"video-308-38","properties":{"year":308,"kind":"regime","regime":"新罗","name":"新罗","is_jin":false,"is_western_jin":false,"source":"史图馆《中国历代疆域变化第十五版》用户本机视频年末帧","source_frame":"work/jin-video/frames/308.png","source_video_url":"https://www.bilibili.com/video/BV1CA4m1L7WJ/","coordinate_system":"WGS84 longitude / latitude","fidelity":"source-colour-vectorized","boundary_evidence":"按视频可见政治色块及外轮廓提取；文字、河流形成的小空隙闭合；不是逐县控制证据。","classification_note":"","source_timestamp_seconds":74.967,"source_frame_index":2249,"source_frame_sha256":"086b36710da7789ec1c78a52d60f7e688d678b5e9a99070fe1ed451ef21759b0","source_video_sha256":"706fb20d8a79e6cdf06e8e2ec157df70d3083f3d41a2b6fb8e09381888009baa","source_colour_rgb":[203,209,32],"source_hsv_ranges":[[26,36]]},"geometry":{"type":"Polygon","coordinates":[[[129.3828704697015,36.183096736671054],[129.32772142167138,36.19418119377371],[129.28692848933173,36.065874317299595],[129.16324296244647,36.04515232090292],[129.14974690619317,36.00236554313357],[128.944394817237,35.90682151037969],[128.66916546647147,35.961057999432974],[128.6404797584944,36.05751865399438],[128.58531558515537,36.06828108909136],[128.55648602282838,36.1647187563291],[128.50123401005965,36.17544422102752],[128.46181693656175,36.046875584302605],[128.55896661172866,35.982584665851114],[128.46720071886142,35.68257951890749],[128.56389309940403,35.61827410029446],[128.49856557994715,35.40396001195057],[128.77195806478295,35.35008132076724],[128.78513545955028,35.39292168961151],[128.68890306908568,35.457404463527375],[128.72839631972414,35.585936703780334],[128.79642192993313,35.61794364752804],[128.960827520401,35.585303010000466],[129.00226474922638,35.53156327906066],[128.9623499098092,35.40311351290613],[129.126235535957,35.370253026369234],[129.15407277100184,35.27365060326399],[129.42655390476108,35.218344096126806],[129.60336681587654,35.77421299596015],[129.54853838842683,35.7853950497075],[129.52100760512388,35.882058238711345],[129.42478234169133,35.94708638306503],[129.46574053402043,36.075354624882635],[129.41067981681672,36.08647549760682],[129.3828704697015,36.183096736671054]]]}},{"type":"Feature","id":"video-308-39","properties":{"year":308,"kind":"regime","regime":"成","name":"成","is_jin":false,"is_western_jin":false,"source":"史图馆《中国历代疆域变化第十五版》用户本机视频年末帧","source_frame":"work/jin-video/frames/308.png","source_video_url":"https://www.bilibili.com/video/BV1CA4m1L7WJ/","coordinate_system":"WGS84 longitude / latitude","fidelity":"source-colour-vectorized","boundary_evidence":"按视频可见政治色块及外轮廓提取；文字、河流形成的小空隙闭合；不是逐县控制证据。","classification_note":"","source_timestamp_seconds":74.967,"source_frame_index":2249,"source_frame_sha256":"086b36710da7789ec1c78a52d60f7e688d678b5e9a99070fe1ed451ef21759b0","source_video_sha256":"706fb20d8a79e6cdf06e8e2ec157df70d3083f3d41a2b6fb8e09381888009baa","source_colour_rgb":[203,47,53],"source_hsv_ranges":[[0,8],[173,180]]},"geometry":{"type":"Polygon","coordinates":[[[108.88164164866102,31.666737413456875],[108.82788315182313,31.66876095035139],[108.7780528822336,31.759223001600915],[108.67231839696841,31.807380325507218],[108.6742312859694,31.851605504276915],[108.51257092881687,31.857321870356024],[108.46227940534769,31.94762585912724],[108.40832730289586,31.949459972240557],[108.35786460261451,32.039707678874855],[108.3038496483508,32.04149459211755],[108.25321524076473,32.131686039670825],[108.19913740838368,32.13342566255123],[108.14833076186532,32.223560872848836],[108.09419002578095,32.22525311437716],[108.04321060757263,32.315332108010885],[107.98900694292571,32.31697687669868],[107.93785421914474,32.40699967302403],[107.83078915992326,32.45436794300176],[107.83226103745386,32.49856349401671],[107.66926614160481,32.503138889475466],[107.61764332831144,32.59300264762326],[107.5101479044284,32.64007483698074],[107.51144889937754,32.68426303844156],[107.02124949595554,32.69602725249042],[106.96476493605446,32.60882416988612],[106.80150788362859,32.61222940065444],[106.74531679456311,32.524914410403454],[106.58221939471458,32.52802425748435],[106.52938385368519,32.61741563710448],[106.42123347145026,32.66351736179498],[106.4219428396561,32.70771323279591],[106.04048476448347,32.71360720384874],[105.98693296667663,32.80273882731804],[105.82325422648078,32.804824903646455],[105.66045572079506,32.9392554135794],[105.66075243437331,32.9834388746471],[105.49670141628367,32.985084619268015],[105.38762628179788,33.07441936602076],[105.38688818508062,32.853500169476014],[105.33217375681744,32.809759154148246],[105.16846848256905,32.81096253809751],[105.16838395638207,32.678373689139534],[105.05945365708232,32.63485210579618],[105.05960855856637,32.41380602979167],[104.95108940154736,32.37017123526549],[104.8970516480874,32.281983475905164],[104.62596323002214,32.28289144938311],[104.57233379493012,32.19454767987664],[104.08489461958928,32.19442993525568],[104.0295603212079,32.28274334040164],[103.8669072816859,32.28219091691238],[103.81198444425715,32.32617686736206],[103.8084444562516,32.547230303385525],[103.64526561773552,32.546379526853556],[103.59252762366454,32.45763635577803],[103.42953097460249,32.45649437780283],[103.43044498756609,32.412286124141076],[103.32281394464644,32.36719329480482],[103.33439413876907,31.8364514807707],[103.22858440163027,31.746985650687623],[103.23162330054737,31.61421822894364],[103.12514247236946,31.568894857883347],[103.12727592584085,31.480363123296],[103.02214604101015,31.390664126349822],[103.02438498929794,31.302108545895102],[102.91959245604336,31.212292514266416],[102.92777294015686,30.902203065771513],[102.82236819351476,30.856554892823162],[102.77157862360441,30.76721891238784],[102.71835319902692,30.76649191277681],[102.72216788901353,30.63351888025885],[102.88159301752617,30.63562342139869],[102.93589274143633,30.59194352512363],[102.93935424692836,30.458921231282158],[103.04651402348743,30.415803847821618],[103.04979307449395,30.282734437269085],[103.15667146557942,30.239502083001057],[103.16182950638759,30.017620489712716],[103.268314463578,29.974263821863527],[103.27702440714778,29.574586028628982],[103.1730821943783,29.529133885542873],[103.18017579859927,29.218019937966492],[103.3369599478686,29.219510963172976],[103.39102204175694,29.13102967558894],[103.44323070024925,29.131455069871986],[103.49712702176234,29.042907099498038],[103.54928234082887,29.043284591938715],[103.60301333537679,28.95466993784306],[103.70794992018389,28.910814202745613],[103.70868141771506,28.86631826904448],[103.86482820897571,28.86709339769631],[103.91812246469925,28.778297173613453],[104.17810308710489,28.778997822810222],[104.22917886955926,28.868077624459893],[104.38533078472632,28.868146112662302],[104.38495082094728,28.912645133251484],[104.48845338738339,29.001558782007407],[104.48516906255752,29.446226381301837],[104.5897020787741,29.490507548259167],[104.58832026154117,29.712664543884515],[104.69301371722982,29.80124355385342],[104.90361948502189,29.756031871200953],[104.9560461253397,29.84460112986212],[105.11399528567483,29.84368350522773],[105.16669678955265,29.932142214833465],[105.27210394963005,29.93136407526146],[105.3777836896526,30.01928714330546],[105.53605339031138,30.01779847290864],[105.5367167530758,30.150963574268708],[105.69614730641916,30.28238994796149],[105.74906752152212,30.281774106150667],[105.80271147264983,30.36986846632934],[105.96163250293169,30.36780531149003],[106.01555465772343,30.455787940506585],[106.33434562872789,30.495223320219285],[106.3867220420238,30.449967686527874],[106.49275990161652,30.448089537050997],[106.54426643560649,30.358400557664105],[106.91495760275787,30.35091065851528],[106.96986649613798,30.43845435932719],[107.12887630248827,30.434812333105423],[107.18406357107774,30.522242032926062],[107.34322247275088,30.518310774576474],[107.34440202160525,30.562649819108486],[107.45179264825227,30.604243060389148],[107.45551156803992,30.737225053356873],[107.5631819982124,30.778703669928642],[107.56448209429492,30.823019411173377],[107.67231740431602,30.864392214310655],[107.67367687905825,30.908699982551944],[107.83789047701949,31.03700725471619],[107.89126198780656,31.035427412603653],[107.89274093564872,31.07971933484785],[108.00107201857881,31.12077384772627],[108.00261106217941,31.165057896064393],[108.11110777688687,31.206006024887873],[108.16784007497145,31.292851528877137],[108.32842214161568,31.28759614760655],[108.3301392415715,31.3318632837376],[108.43901571312564,31.372500481588318],[108.4962061568338,31.459165015658396],[108.7643317161315,31.449548796771417],[108.77019960865783,31.58228518082773],[108.87962182621631,31.622502925300964],[108.88164164866102,31.666737413456875]]]}},{"type":"Feature","id":"video-308-40","properties":{"year":308,"kind":"regime","regime":"汉","name":"汉","is_jin":false,"is_western_jin":false,"source":"史图馆《中国历代疆域变化第十五版》用户本机视频年末帧","source_frame":"work/jin-video/frames/308.png","source_video_url":"https://www.bilibili.com/video/BV1CA4m1L7WJ/","coordinate_system":"WGS84 longitude / latitude","fidelity":"source-colour-vectorized","boundary_evidence":"按视频可见政治色块及外轮廓提取；文字、河流形成的小空隙闭合；不是逐县控制证据。","classification_note":"","source_timestamp_seconds":74.967,"source_frame_index":2249,"source_frame_sha256":"086b36710da7789ec1c78a52d60f7e688d678b5e9a99070fe1ed451ef21759b0","source_video_sha256":"706fb20d8a79e6cdf06e8e2ec157df70d3083f3d41a2b6fb8e09381888009baa","source_colour_rgb":[35,138,69],"source_hsv_ranges":[[51,89]]},"geometry":{"type":"MultiPolygon","coordinates":[[[[112.2990568486072,37.464952843099944],[112.17547290814265,37.384110815310834],[112.21675398886214,37.204806310222395],[112.1551827809682,37.1643606683375],[112.13500877068442,36.94460476882297],[112.18828131609719,36.89716044395659],[112.3601303134395,36.886530391157066],[112.34357240670494,36.71074639969026],[112.22520872343601,36.67389343128173],[112.2170968490958,36.58599027488014],[112.32298098581366,36.49100492496029],[112.31477717789444,36.403104114630075],[112.19689779267446,36.366221975340316],[112.16881109424804,36.05851646778256],[112.2780896135975,36.0075140211041],[112.25383794313062,35.74374783704857],[112.46711717544056,35.59752811593941],[112.45059161956067,35.42167745830276],[112.54627936105607,35.23852283775912],[112.04149171301738,35.27051203729833],[111.9776801470576,35.185971029782685],[111.86178467468788,35.14875699929752],[111.85800824059943,35.10476542463636],[111.80200598542483,35.108112734150794],[111.68263377794757,35.026735462683604],[111.23487324947632,35.05218700990563],[111.17210574926152,34.96722662574642],[111.00429619699796,34.97627409157878],[110.9418375327365,34.891193814255345],[110.66236129798617,34.905633615839534],[110.60032722679335,34.820378721058084],[110.54447798130457,34.823164035843654],[110.49462723367667,34.91399720795271],[110.43870803518328,34.916735008737994],[110.33268702806696,35.01020999789025],[110.335606389662,35.05424513828009],[110.45062845769468,35.09286850750134],[110.46560421600219,35.313005071547444],[110.5841410632845,35.3955222093978],[110.61504739563159,35.83565791966082],[110.50493724314536,35.88522332087304],[110.45435996230763,35.97598514607327],[110.28429663332238,35.98406301609959],[110.22181784209916,35.898673633758015],[110.10572017629605,35.85985695412143],[110.10290045997053,35.81583660122673],[109.31046785736103,35.849384774575924],[109.13375954321283,35.72380504339877],[109.17883083217679,35.50143348237783],[109.06384615443378,35.46165479441983],[109.0616262692168,35.417604760616804],[108.66730749214624,35.431742541112044],[108.6070378506502,35.34554361300001],[108.55075565974744,35.34743548092267],[108.5565545991499,35.47961277505325],[108.4513008468625,35.65955327890199],[108.46262723752952,35.92386515631805],[108.58191122140248,36.052275008573396],[108.54455418368116,36.49458025841589],[108.60366051557533,36.53673026880767],[108.61163716565117,36.7128789724149],[108.73239330573574,36.84111852382708],[108.74069711696765,37.01724986938438],[108.86214894478417,37.14536241322315],[108.87946065430016,37.49759882296454],[109.74702392664734,37.46430718957854],[109.81025384943385,37.54990474451789],[110.6779322196086,37.51036624479474],[110.73899231714631,37.551514065842895],[110.75528755010559,37.771468458855516],[110.64246167328291,37.821139911907245],[110.6520941548516,37.953124009826865],[110.82653408111028,37.94455154738355],[110.8913814818306,38.029620917073174],[111.41502031218964,38.00223767015351],[111.40405480310208,37.870312810015314],[111.51645169906139,37.819980539718294],[111.50533653799837,37.688068098245324],[111.61739718871145,37.63764952943253],[111.66768874686502,37.54645590376038],[111.84107294521688,37.53652275855688],[111.89103034795735,37.44524310271021],[112.06415472403484,37.43501083141472],[112.12994449186968,37.519451211560906],[112.30320445841993,37.50889865312993],[112.2990568486072,37.464952843099944]]],[[[114.53669091650816,37.706090050639624],[114.52036781670795,37.574498761036885],[114.57258010732058,37.526078960042895],[114.74546089011024,37.512257161762456],[114.71775705772318,37.29298433764496],[114.66030070553785,37.297604952823775],[114.59193073103548,37.21447940943755],[114.53452579221526,37.219043969722414],[114.4090090612695,37.1403601963631],[114.36227014764182,37.23258410647304],[114.07504354732761,37.25463891946922],[114.10088510761202,37.4740451212651],[114.27373219693106,37.46085415602425],[114.33665212754477,37.50027715474018],[114.3526416552958,37.6318905898453],[114.24244321913929,37.68465639805059],[114.24772546333611,37.728532184358485],[114.53669091650816,37.706090050639624]]]]}},{"type":"Feature","id":"video-308-41","properties":{"year":308,"kind":"rebellion","regime":"五苓夷起兵范围","name":"五苓夷起兵范围","is_jin":false,"is_western_jin":false,"source":"史图馆《中国历代疆域变化第十五版》用户本机视频年末帧","source_frame":"work/jin-video/frames/308.png","source_video_url":"https://www.bilibili.com/video/BV1CA4m1L7WJ/","coordinate_system":"WGS84 longitude / latitude","fidelity":"source-colour-vectorized","boundary_evidence":"按视频可见政治色块及外轮廓提取；文字、河流形成的小空隙闭合；不是逐县控制证据。","classification_note":"源图标示五苓夷，不等于整个宁州已归成。","source_timestamp_seconds":74.967,"source_frame_index":2249,"source_frame_sha256":"086b36710da7789ec1c78a52d60f7e688d678b5e9a99070fe1ed451ef21759b0","source_video_sha256":"706fb20d8a79e6cdf06e8e2ec157df70d3083f3d41a2b6fb8e09381888009baa","source_colour_rgb":[98,225,130],"source_hsv_ranges":[[50,90]]},"geometry":{"type":"MultiPolygon","coordinates":[[[[103.1359622061556,24.340337324399194],[103.14665313990983,23.844381248600225],[103.09747100081032,23.84381416585539],[103.05031729984528,23.752964647767836],[102.95311314517663,23.70657974426456],[102.95417265061337,23.661433473990073],[102.80692511108883,23.65939847658355],[102.75899859641407,23.613523529354705],[102.76245536955312,23.47802742340785],[102.66568529543586,23.43133796136224],[102.66688196047508,23.38615255054625],[102.52007973284478,23.383719836847007],[102.46856172737985,23.47322422281979],[102.22367543228388,23.468602642025218],[102.17182320892726,23.557937398809713],[102.02476338981418,23.554823787534673],[102.0232503921336,23.599975112200386],[101.92360579661896,23.64292904214866],[101.87136499666967,23.73206489726804],[101.82225489619495,23.730912211398834],[101.76986605309284,23.819972188258976],[101.72071034576105,23.818773259532218],[101.7157059446176,23.954073264229432],[101.61553402933015,23.996689461151657],[101.61036468471052,24.1319049601446],[101.50994935750579,24.17439790383635],[101.45700321926368,24.263174481794962],[101.40761377921713,24.261833911879897],[101.39108857661125,24.666922755658522],[101.44069772498916,24.668269096966398],[101.48671423907363,24.75954379100605],[101.58428738116689,24.807092662922283],[101.58253510155838,24.85205349725377],[101.6802580136259,24.899502465934646],[101.67855158330181,24.944451869881195],[101.77642449070547,24.991800869771406],[101.77143837473014,25.12659622353154],[101.82130508868939,25.12776680064147],[101.8679399629592,25.21874941581474],[101.96620966293152,25.265888216489735],[101.96463882131839,25.310791368413074],[102.11455548949142,25.31396789522382],[102.16158297120849,25.404773459217637],[102.51178337160701,25.41123373862209],[102.55926266138216,25.501841391455915],[102.90986471479573,25.507028455364345],[102.96210732352048,25.41789483632557],[103.11222898600202,25.4197039099309],[103.11920971505802,25.10526238134692],[103.02051919417156,25.059140460371918],[103.02156101262274,25.014190094116653],[102.8211598813992,25.05651300443098],[102.77248753716319,25.01085087440478],[102.57324297381223,25.00776955010173],[102.52472210384411,24.96198997981392],[102.53625757684664,24.55713403088159],[102.58707129859064,24.512940126558284],[102.73569149921762,24.515270493525072],[102.73921689186065,24.38017791977087],[102.78983371629083,24.335863702255768],[102.93817032099587,24.337916904615856],[102.9865664464141,24.383601971835155],[102.98129659610291,24.608734089862097],[103.03089099029329,24.609352849895274],[103.03603849841353,24.38421879143031],[103.1359622061556,24.340337324399194]]],[[[102.92953853752458,24.698099437953452],[102.98129659610291,24.608734089862097],[102.88100371471289,24.652434669869542],[102.879896440515,24.69743445829443],[102.92953853752458,24.698099437953452]]]]}},{"type":"Feature","id":"video-308-42","properties":{"year":308,"kind":"regime","regime":"西晋","name":"西晋","is_jin":true,"is_western_jin":true,"source":"史图馆《中国历代疆域变化第十五版》用户本机视频年末帧","source_frame":"work/jin-video/frames/308.png","source_video_url":"https://www.bilibili.com/video/BV1CA4m1L7WJ/","coordinate_system":"WGS84 longitude / latitude","fidelity":"source-colour-vectorized","boundary_evidence":"按视频可见政治色块及外轮廓提取；文字、河流形成的小空隙闭合；不是逐县控制证据。","source_timestamp_seconds":74.967,"source_frame_index":2249,"source_frame_sha256":"086b36710da7789ec1c78a52d60f7e688d678b5e9a99070fe1ed451ef21759b0","source_video_sha256":"706fb20d8a79e6cdf06e8e2ec157df70d3083f3d41a2b6fb8e09381888009baa","source_hsv_ranges":[[7,23]],"source_colour_rgb":[220,137,66],"source_colour_semantics":"晋橙色；排除同色弁韩和西藏小邦"},"geometry":{"type":"MultiPolygon","coordinates":[[[[110.1697124693458,20.005172516415858],[110.87661403843244,19.962141932536728],[110.91825642404942,19.867657882845847],[110.96531342847621,19.86459321638658],[110.95159425597856,19.635844668492627],[110.90464707986133,19.638905879321687],[110.85231487082405,19.550381710187413],[110.7558500307527,19.510595739949522],[110.75320897909981,19.46479058887128],[110.65686879801518,19.424895511350588],[110.64909863857677,19.287396191393768],[110.50872150343528,19.296104988656538],[110.51124376873398,19.341948899617446],[110.42008268381475,19.393483005478988],[110.37816099559157,19.487946790525644],[110.33126767813478,19.490742913771683],[110.28921854943269,19.585131208729507],[110.19533102247208,19.590616471188433],[110.10611337320759,19.687597759277462],[110.05911659222873,19.690264940039082],[110.01671836049765,19.784461095498813],[109.92262404952153,19.78968820801741],[109.92940956516792,19.92695271381841],[110.11785271301589,19.916403922430096],[110.1697124693458,20.005172516415858]]],[[[87.52163100077102,43.094367629207035],[87.76815509923782,43.12434638276599],[87.80833040927807,43.21905931125342],[89.23175942797461,43.38255837146513],[89.43745776195068,43.31525512042613],[89.87167024294428,43.36148082789123],[90.13872944796734,43.29963762037174],[90.88401075479666,43.374294891688024],[91.05301904005309,43.480126506253754],[91.36454525647437,43.50968618103648],[91.40973978784297,43.60337258954252],[91.84691267512633,43.64345449886511],[91.92593753457405,43.561141995657735],[91.9883644831265,43.566720098063485],[92.12950910425519,43.48985564203898],[92.37908646391432,43.511633067406876],[92.45734411908981,43.42904463281909],[92.76919403334183,43.45545953172486],[93.03395262536266,43.3880702113015],[93.28343612861661,43.408223084305845],[93.42284751011253,43.330082157389185],[93.67223427259357,43.34953568962219],[93.748800568779,43.26625749004683],[93.81110043461602,43.271015997807446],[93.9496591209364,43.19237082006975],[94.07416389612563,43.20167851689541],[94.08104161834514,43.157637685269364],[94.21229540727526,43.122782813969266],[94.2879841194922,43.03924785494467],[94.54972201082288,42.96904277557715],[95.10881308132707,43.007612849985044],[95.24541375534301,42.927724047842766],[95.493841534273,42.943895175064746],[95.56190263324412,42.90378152250439],[95.74820285133742,42.9155251197321],[95.81609335785006,42.875288814998385],[96.25080682077973,42.90150092095462],[96.39673405998042,42.73229211987629],[96.40752664737485,42.64408924928881],[96.54197073688536,42.56298365647388],[96.55784323901814,42.430708285961074],[96.68652112454497,42.393574824342494],[96.75854028739838,42.30883254900346],[97.31350135284104,42.33845216918383],[97.37996049858232,42.29749661072245],[98.18191640363935,42.33593405304294],[98.24787478440655,42.29456040016819],[99.66785843522376,42.35041033500346],[99.72299082177987,42.440872559516826],[99.84346922641548,42.48917834779166],[99.84020832907088,42.533373473939],[99.96092167821332,42.58158452626374],[99.95772922295622,42.62578979182533],[100.07867799097939,42.67390589507651],[100.07555435219392,42.7181213879681],[100.19673901280518,42.76614232709553],[100.19368456651414,42.81036813509418],[101.00251532185104,42.8323718273889],[101.06978008646497,42.74538145188604],[101.6293349127023,42.75756936545226],[101.63149744952365,42.71332087623918],[101.75787367284298,42.67147243306418],[101.8240662585174,42.58414349799626],[101.8861026988608,42.58526983212414],[101.89607076277903,42.3641129934241],[102.02167698122118,42.32204921139174],[102.03498154637951,42.01257918696118],[102.15989369597156,41.970413422861796],[102.16532789599475,41.837834232132685],[102.04441501100435,41.79162276833598],[102.06125054825024,41.394083236337174],[101.94114290448604,41.34780961618343],[101.94307397190913,41.30365662605477],[101.76024855621078,41.30027982600504],[101.7034614455374,41.21080892505963],[101.52088151868527,41.207109952688846],[101.46446141742823,41.11755001605916],[101.34519122077616,41.070766819448586],[101.34747582010154,41.02663888901972],[101.16537703250458,41.02246175382841],[101.10953632608101,40.93277514412067],[100.9907963253293,40.88569039950179],[100.99328915495626,40.841578590898436],[100.87477232831652,40.79439682053164],[100.8773320185924,40.75029184531137],[100.69595083972554,40.745483780336016],[100.64089679548513,40.655633407827345],[100.52290860659897,40.60815248938334],[100.52567343699384,40.56406356754999],[100.4050734144533,40.56057067647948],[100.11566206908564,40.37506802630838],[99.99539301186408,40.37120832189699],[99.94147570984596,40.281109468565624],[99.82454206019817,40.23303545942623],[99.82771062909686,40.18897864771319],[99.70776120537462,40.18486166989754],[99.59443702048011,40.09254104037695],[99.62072642362132,39.74022069842172],[99.98759884119603,39.620358980748826],[100.1125974135626,39.53614332547679],[100.23152041148843,39.5398958681274],[100.29670827441285,39.45364888238651],[100.47491251518855,39.45899009979691],[100.48041037115786,39.37090400286877],[100.60443159193204,39.28624039521108],[100.72297866248671,39.289551826646345],[100.78737861977453,39.20307877216403],[101.67577320088407,39.22409718358251],[101.73900983546052,39.13716780566358],[102.1532726142579,39.144734486951705],[102.20902534834197,39.233841388364276],[102.386805142761,39.236611439466984],[102.67446738142037,39.505157091959624],[102.97187912124987,39.5085972684053],[103.02888648275177,39.597376619019336],[103.20756054468814,39.59904398152486],[103.26602059077126,39.643636289299266],[103.68320615838563,39.64640829095936],[103.80318806309658,39.602865931370616],[103.80396814404823,39.55877351843105],[103.92373755558192,39.51512501884475],[103.98457709699,39.4271262916084],[104.04400244166227,39.42728026427775],[104.10462800184104,39.33923168799173],[104.16398337633855,39.339331844512344],[104.16567278875462,39.207076493030335],[103.9879230057562,39.20669870625205],[103.93007633876941,39.11835757654808],[103.75253983227384,39.11766311880006],[103.6916791980826,39.20553783836447],[103.3954472501699,39.203712971085004],[103.33830499692898,39.11511426740286],[103.22107714455217,39.070072922844304],[103.22442644469983,38.93785609651823],[103.28453922899615,38.89428005002064],[103.46154054818858,38.895604071806936],[103.52241919454492,38.807850119820074],[103.93496012350997,38.809823591105626],[103.99257418874532,38.8981480879423],[104.28760385108501,38.89863578404933],[104.2929378086755,38.41384796845566],[104.41142847928806,38.281652768311304],[104.41348127751908,38.06132940443844],[104.53052948077239,38.01716353793426],[104.53121073357313,37.92903757866374],[104.70691745093251,37.75243750128114],[104.70904441259647,37.355888396835454],[104.65176626482348,37.26791186090559],[104.47852179598773,37.2681906949669],[104.42157433717341,37.18011191688178],[104.24852851643962,37.180081470889995],[104.19137913696659,37.135960351126556],[104.19244223221942,37.04784139325325],[104.36605212452714,36.95982648109859],[104.53860131120436,36.959699288133976],[104.59671420991397,36.871482188009125],[104.76906390653853,36.87104507268737],[104.82684550328203,36.782722775531504],[104.99899432011986,36.7819764457271],[104.999061631581,36.737913247918954],[105.113761408579,36.69322351511392],[105.17101474761822,36.60474356340985],[105.34276152258472,36.60353483582924],[105.34263243517955,36.55947012550997],[105.45686749177051,36.51447115287333],[105.51359546340187,36.425834445613404],[105.57071045272188,36.425303696218435],[105.62724268377147,36.33661427097205],[105.68429101537788,36.33603259923558],[105.74062810906813,36.24729047352436],[105.79760978961657,36.246657993369006],[105.85375234808647,36.157863183361],[106.25213486306465,36.15254541696701],[106.30768929313477,36.06354789441301],[106.47820917684129,36.060811725195514],[106.59021069576613,35.97072466472537],[106.70374913940239,35.96867283731399],[106.75865569370195,35.879472205934476],[107.04214508440438,35.87377468819012],[107.04105624629833,35.82970728428583],[107.15322432519159,35.783184081064846],[107.20748626284293,35.69378212217193],[107.26404566286884,35.69249225646708],[107.26041531194495,35.560281816932864],[107.31563812358515,35.51489649407664],[107.48491711635747,35.51080539363657],[107.48358414977753,35.46673428219374],[107.64847501005943,35.330202627437956],[107.70476441638392,35.32871495862985],[107.75808359504533,35.23905551239852],[108.26399843070291,35.22431704285979],[108.32379788481829,35.310686244140186],[108.94252296276673,35.289607656048645],[109.00311800863729,35.37564801556718],[109.17198150616201,35.36928908734622],[109.23057530323166,35.411167331244194],[109.23752725426937,35.543305417554045],[109.3527200463629,35.582923556933636],[109.35989402865992,35.71504280323885],[109.98148907845324,35.68885919702986],[110.04353653751787,35.77437504941986],[110.15947595459905,35.81325033484632],[110.16232754209824,35.857269470101485],[110.27844950975222,35.896034243984104],[110.28137141811366,35.94004906979453],[110.45133888550073,35.93197504284602],[110.41237352025556,35.35975388413985],[110.29697912907619,35.32110169933467],[110.28247355393992,35.1009464659725],[110.22355417978162,35.059552731900126],[110.21499295804553,34.92743583033716],[110.26804891388782,34.880757570662055],[110.4916243501318,34.86996151583634],[110.54145077352561,34.77912662162861],[110.82050211235743,34.76495653123278],[110.88273016588899,34.85010523575956],[111.05028558858116,34.841220311885834],[111.1128215946501,34.926249350732185],[111.28051203947149,34.91705598470662],[111.34335639666715,35.00196485568532],[111.51118026397106,34.99246251867401],[111.55990774905399,34.90123355428252],[111.72749062170169,34.8914401282776],[111.79079526103192,34.97612484623225],[111.95850785414174,34.96602210525533],[112.01825937544994,35.00659553176881],[112.02985605739622,35.13855997641498],[112.53380212091677,35.106616594331015],[112.59395607159358,35.14691055319801],[112.62338627719349,35.454651536395254],[112.51510516553648,35.505965063502124],[112.52761460798911,35.637842463815026],[112.41901666314149,35.689068514877455],[112.3708032550727,35.780586419962184],[112.3143384544984,35.78416150059512],[112.3758254508707,36.44347850284721],[112.48970695396216,36.43624950475119],[112.55087267926504,36.47653965722128],[112.55935313170755,36.56442334843112],[112.45365956062938,36.65960294406311],[112.39655481116496,36.66321383081988],[112.42577524753206,36.970821678431015],[112.31522297836186,37.02193851858275],[112.32349354149443,37.10982967088226],[112.44679075461877,37.190530450287156],[112.45945806068788,37.322352802603994],[112.34841944886693,37.37349751036796],[112.36094705680767,37.50532954989715],[112.30735685282924,37.552844432187875],[111.67147636787602,37.590421300292604],[111.68286551682435,37.72231783747446],[111.57072340813801,37.77279347629548],[111.58196471426763,37.90470187600693],[111.46948566718821,37.955091534026444],[111.49542703296936,38.262913483226555],[111.61592448165288,38.300442579905365],[111.62732370791714,38.43236373570002],[111.74815791646084,38.469773004317325],[111.75981493148242,38.601690352040706],[111.81842219703809,38.59836297335512],[111.88495495551247,38.682950282872575],[112.00632051203188,38.72012498676173],[112.03473856193025,39.02792120072756],[112.15673884359562,39.06496338172029],[112.17755140941404,39.284830483017096],[112.23667687797764,39.2813150998451],[112.30429515343461,39.36571956223676],[112.42698308510683,39.40251944058795],[112.43131449662275,39.44649134652908],[112.96427819761111,39.41287631130539],[113.03284084593555,39.49691386576295],[113.15610268715446,39.53304094830265],[113.16087357691646,39.57699181695562],[113.28433061445143,39.61300190703349],[113.29890401231245,39.744852124881646],[113.422707918595,39.78073829204017],[113.42765315852027,39.82468767918183],[113.60611108981888,39.81238169722836],[113.67577262215964,39.89611040714335],[113.8543606886362,39.88347122019834],[113.92437044980703,39.967074742739825],[114.04884820706205,40.00238460890544],[114.0541812378118,40.046318036354066],[114.23306609586925,40.0331701688457],[114.30364699567498,40.11658500528177],[114.42855790944786,40.15154536920385],[114.4341282559362,40.19546922663643],[114.55923479761259,40.23031015058136],[114.564889127165,40.27423179086162],[114.9832536261908,40.24157742975467],[115.05488369562214,40.324609491728665],[115.23425587998624,40.310118106676136],[115.30623622664602,40.39302118562702],[115.72492926186486,40.358047692711196],[115.7975097106784,40.44069017996896],[115.9770126512627,40.42520359601356],[116.0499432808753,40.50771501914239],[116.2295559240753,40.491889775285046],[116.54931326854803,40.59650692774254],[116.58377282852598,40.81575059803055],[117.0042296415314,40.77677227665391],[117.04988233853854,40.683448886205625],[117.16976962667438,40.672032491442124],[117.21514625700281,40.5786640227936],[117.3348361536026,40.56710191301591],[117.40943118514366,40.64888005309764],[118.4262552300232,40.545736810665865],[118.49400537410969,40.58316591698812],[118.7329331389333,40.55766134926567],[118.80085057055527,40.59493618647877],[119.0993956058499,40.56230767112912],[119.43201289336544,40.70374064533889],[119.55152561894322,40.69020674539783],[119.62870662261749,40.77074570331962],[119.75709815981364,40.800702961315686],[119.78357966075683,40.93171298250027],[120.05017113810989,41.03488127998428],[120.077265718819,41.16587049982598],[119.96605317966717,41.22355391846501],[119.99306634761257,41.35459193080611],[120.12264082871889,41.38422312307993],[120.16828990009024,41.602625534145645],[120.22872395677783,41.59553703952454],[120.30762549822694,41.67577940690075],[120.43790412759608,41.70512338106783],[120.4472431053377,41.74879845736226],[120.57770999793843,41.77801210441673],[120.58714302454045,41.821682353410075],[121.01091485167117,41.77018361550487],[121.0012325166152,41.726546419979144],[121.11238581280357,41.66797592522509],[121.15326028344987,41.57323307866872],[121.21357020990224,41.56570827683761],[121.1842743682962,41.43488511084669],[121.23468905869251,41.38374901444501],[121.41508332030534,41.360992899166924],[121.49503620459116,41.44051594051688],[121.6754889203644,41.41741230687086],[121.74569582045773,41.453222032676436],[121.7760134943686,41.58392546552272],[121.9067066838474,41.611859458038104],[122.01972944931403,42.09117614536463],[122.08038061698488,42.08326150903029],[122.16187265863067,42.1624768564949],[122.29376776289693,42.190064575899726],[122.30429793552827,42.23363837057129],[122.48647651687057,42.20943068797506],[122.52584297092491,42.11420490025317],[122.82877517253426,42.07324391640689],[122.9110781777506,42.15201058450848],[123.09284124203984,42.127001690038306],[123.17549510866425,42.20561637556565],[123.30785117532751,42.23222979490254],[123.31900277705306,42.275726569586155],[123.86440734567466,42.1983431438461],[123.94798601594509,42.27649953481582],[123.73900135906041,41.72054894361875],[123.84788429832294,41.6597711342161],[123.81380256657046,41.52954312759899],[123.92233585212053,41.46872250126385],[123.95941464828394,41.37320221313612],[124.01924300196553,41.364440210328596],[123.96222751648197,41.147561694321745],[124.07006761540757,41.086654089021366],[124.03585725683979,40.95658160015249],[124.08392450893632,40.90444133480008],[124.26216921505114,40.877928679955815],[124.29850457176309,40.78238800089366],[124.47637326423865,40.75559617781561],[124.5123683550975,40.6600114096748],[124.7489958615015,40.623866291202305],[124.78457089688668,40.528222886069024],[125.02063768380471,40.4916050240033],[124.98502451942997,40.36186556305707],[125.0320283962855,40.30942419082943],[125.32604165760908,40.26305543236941],[125.36069303861751,40.167295935732106],[125.41937031833601,40.15793071664615],[125.3832176957749,40.0283395157138],[125.48824261154128,39.96638147590573],[125.52254497235023,39.8706055300635],[125.9311796690079,39.80403393222484],[126.0018482232008,39.837554240612064],[126.03899202803616,39.96695401647553],[126.21423814958311,39.937895374576435],[126.29771767937298,40.01438026434341],[126.4272047828637,40.037905954922316],[126.43985389939795,40.08100631640258],[126.56950312163167,40.104395480822866],[126.58224687329242,40.14748490391568],[126.71205805482768,40.17073726147669],[126.7248967099721,40.21381569179718],[126.85486968770554,40.23693096095159],[126.8678035145036,40.27999834332998],[126.99793812164924,40.302976241689585],[127.01096738807303,40.34603252016823],[127.18672288837769,40.31568781242764],[127.21897283047761,40.21945903072924],[127.27744472112593,40.20928001794873],[127.15954879177816,39.822071775696955],[127.2046594829774,39.76890665842703],[127.5531282239876,39.70751523838865],[127.51347949171594,39.578578333398426],[127.55818870577457,39.52530354875066],[127.41380111098665,39.05259668860899],[127.45826687608992,38.99937310518281],[127.86033295180923,38.926929729409856],[127.84706310811178,38.88400256984657],[127.94841693732415,38.820176230438555],[127.97904784863601,38.72386888189352],[128.1506070818848,38.69229550686127],[128.18092677080145,38.59594663164714],[128.3521087496595,38.56411152173823],[128.31169609616558,38.43549870977001],[128.41205231832308,38.37132728833555],[128.44190927502734,38.274929589307504],[128.49870649479712,38.26423035633464],[128.52841061990432,38.16781593735669],[128.5851150830322,38.15707942122619],[128.55803905831064,38.0713971905945],[128.6441438632076,37.96421211351757],[128.75719913993058,37.94261496054548],[128.743594585206,37.89979425272377],[128.84287642196722,37.835301142727026],[128.8719761915644,37.73881761902384],[128.92831174253476,37.72793273730531],[128.95726214899483,37.63143138146127],[129.01350599917293,37.620509596473966],[129.04230772605456,37.52399018619362],[129.09846008578367,37.513031571750325],[129.12711381330394,37.4164938847722],[129.1831748926429,37.405498513973406],[129.2116812976926,37.30894232806424],[129.26765130641235,37.2979102733023],[129.2960110625714,37.20133536625125],[129.35189021015128,37.19026669921413],[129.28302829833436,36.97647243785955],[129.15787723674913,36.95575064943627],[129.1442242295394,36.91297341644152],[128.97705490351166,36.945837251023214],[128.89427226635138,36.871137218281476],[128.72708793858243,36.90367548307401],[128.69812272469068,37.000125611723284],[128.19505761728215,37.09631437089837],[128.10930134872186,37.20319426081753],[127.88495409881182,37.24516186961202],[127.89796079639474,37.28806863215995],[127.79859740336288,37.35183383277594],[127.76828963090037,37.44806791841843],[127.71199926046293,37.45844788647822],[127.68153970945735,37.55466195529408],[126.38096340921034,37.78630020048944],[126.29984542206964,37.70995126304332],[125.90279346994744,37.77760503606214],[125.9147686618784,37.820704704811554],[125.82500251874801,37.926039711953706],[125.71118786636166,37.945078309804366],[125.64241090797489,37.911435760287134],[125.6187548335049,37.82518449441014],[125.50504006059205,37.84404222206806],[125.42474406616131,37.76714808045432],[125.31106835569538,37.78583572124912],[125.34602913913852,37.91529416869296],[125.30072669194384,37.96777268666508],[124.90145814788282,38.03236361767896],[124.9588119741076,38.24831767014293],[125.10802881196733,38.35947200614363],[125.14290673346717,38.48900349408626],[125.31505430779991,38.46114982004524],[125.38418700180435,38.49497033276072],[125.41960377966421,38.62443402745392],[125.37392486425304,38.67694933713698],[125.20130412422469,38.70488247631307],[125.2365040747914,38.83440683847864],[125.36361286209768,38.85894160338216],[125.42293725190038,39.07475821051657],[125.49268694410813,39.10853111419106],[125.51660429875099,39.19484637861661],[125.47064413175116,39.24741066686289],[125.51857252953465,39.420064111790595],[125.47247447117668,39.47263666334896],[125.0652602783197,39.537786493636744],[125.03052187782218,39.633418794276714],[124.50520669587307,39.71521489069774],[124.46966174325563,39.810711897236125],[124.29406146921477,39.83747174502267],[124.2128679315395,39.75976145992651],[123.92017977845431,39.80366672174842],[123.78088914797593,39.734399203103735],[123.66379416702291,39.75165800710657],[123.52484153828125,39.682125453492596],[123.29064498033625,39.71608810930985],[123.21063996935915,39.63777779590783],[123.08294076345358,39.61115587954243],[123.07232677313385,39.56777898257375],[122.94479775387268,39.54102561232586],[122.9342744350257,39.49763990163924],[122.75888453199394,39.52236694603731],[122.67964923449017,39.44374907670046],[122.55247541507462,39.41662121128413],[122.54219846845591,39.37320842911992],[122.4151954671163,39.34595006594222],[122.40500828710015,39.30252867712069],[122.27817616927598,39.275140086955304],[122.26807847252113,39.23171012611017],[122.1414173004074,39.2041915786786],[122.11142672633022,39.07387709073083],[121.97519447798874,39.00276474643722],[121.74245493562947,39.03398208801802],[121.69397218083964,39.08519127533431],[121.73301536644354,39.259070850013885],[121.62594239378346,39.31799909215554],[121.67472882446896,39.53540680533796],[121.56721084435506,39.59429864456481],[121.59645408852928,39.72477996673962],[121.65521522499694,39.7170749352685],[121.73365092641733,39.796316858205955],[121.86117348861873,39.82423711217422],[121.87111295873505,39.86771620627612],[121.99881037673458,39.895506352822345],[122.02893597618724,40.02592296817838],[122.15696641508137,40.053565480223945],[122.18743671824552,40.18396438293814],[122.33633409391183,40.298378897226456],[122.40858295690263,40.60263398523639],[122.30009022327928,40.6621755298473],[122.2612115220533,40.7571452523233],[122.20167902030474,40.76512554492361],[122.16261753621468,40.8600779063327],[122.10299038523823,40.86801557429288],[122.06374531844735,40.96295074954868],[122.0040233391133,40.97084568131296],[121.9645938862858,41.06576384513396],[121.7851043357146,41.08924097662788],[121.70522057568589,41.009925343152545],[121.5756833120065,40.981821177573345],[121.56576827673923,40.93827122788543],[121.24742077751507,40.88923754973287],[121.16834034785644,40.80962502281224],[121.03936664140922,40.78101392403312],[121.02979820632584,40.737435534118674],[120.90100614433234,40.70869440950141],[120.87261008180745,40.57794479409157],[120.81307802136055,40.5853095932509],[120.73479723222508,40.50547058659529],[120.60652853324929,40.476455133224384],[120.57874594602576,40.345676043989926],[120.45081781256161,40.31651651150542],[120.42337199890616,40.18572598256235],[120.36411270514301,40.19288909493567],[120.28673543319388,40.11282088528701],[120.15932738460127,40.083389565592626],[120.15036909372142,40.03978126330255],[119.972830372177,40.060826608812434],[119.90481715516846,40.02416533490071],[119.87844593925828,39.8932996624994],[119.70118275094795,39.91398113060165],[119.62481628897555,39.83355114841922],[119.49815543266448,39.80349714039165],[119.48962044538358,39.75985577899506],[119.3631406538596,39.729675095803344],[119.3378294869372,39.598735445607446],[119.27893785108616,39.60541427644975],[119.20334651071687,39.524762576368936],[119.07738386263149,39.49431549266855],[119.0691313781864,39.4506575664485],[118.94334939452507,39.420084737311115],[118.93518377907394,39.37642070511771],[118.05285660193408,39.47117330730032],[118.06051365134056,39.514892825278],[117.95023204393071,39.57081750560105],[117.90639803315008,39.66434554034335],[117.49273327712667,39.706101320904004],[117.043186709076,39.52767361912292],[116.99394444451144,39.22125841514082],[117.10442153117503,39.16614333866204],[117.0832627735962,39.034856652973644],[116.95901844032687,39.00241456890928],[116.91046408086255,38.6960597524756],[117.0202301511599,38.64102947678047],[117.06456761093195,38.547851484933155],[117.23927988370008,38.53069775744421],[117.2180646534625,38.39947113594228],[117.32717389397563,38.344190290788355],[117.37095805222494,38.25091874081692],[117.42895185878947,38.24509118257685],[117.47255302649624,38.151788243432144],[117.53046291617522,38.14591573084217],[117.57388181062572,38.05258129967549],[117.63170790327062,38.04666394102479],[117.6749452391387,37.95329791422147],[117.73268765504439,37.947335817033576],[117.72537770523621,37.90362755690042],[117.82604466032146,37.80422951432165],[117.81135335031973,37.716825376974576],[117.91905039884301,37.66105929055073],[117.89690748339235,37.52997057350423],[117.9469152995791,37.48021679923627],[118.23363695556087,37.44955021481757],[118.21101582848294,37.31851723225794],[118.08908887635741,37.28715501522101],[118.06676305141474,37.15609663664136],[118.11641653641618,37.106277192593744],[118.28759684751837,37.087728397901316],[118.40928732244058,37.11890321993226],[118.60361275973659,37.23093255033656],[118.77495102223584,37.211735491636944],[118.80847322710932,37.07435926413282],[118.85759069140508,37.02425474949206],[118.97147524846983,37.01125681978735],[119.01249780274742,36.917458879539105],[119.41027591669501,36.87104450898033],[119.48347249729635,36.95151761079775],[119.65395959391464,36.93115106948986],[119.72746878260713,37.01148421463278],[119.84960962399947,37.041293375292184],[119.8580467045804,37.084870321437904],[119.98035510805911,37.11455505774253],[120.02304994687783,37.33238906067948],[120.19423949818132,37.31130606836149],[120.25997679884807,37.347777635110866],[120.28612187582443,37.47842338456543],[120.40922689117087,37.507700199484944],[120.49294763566365,37.63113148321363],[120.6074442133066,37.61668540976513],[120.67364273795334,37.6529464584023],[120.6826195687436,37.69646805868366],[120.9689330988459,37.65974360353672],[121.0078370687466,37.565327633760496],[121.17926755533672,37.542938297486],[121.21785157115372,37.448460124067964],[121.38895723290648,37.42579289020779],[121.42722272769576,37.33125272828273],[121.71179972947166,37.2928866846611],[121.90165781939649,37.35643278134513],[122.52700761947916,37.2688985290165],[122.41791100916903,36.79160646180469],[122.24852670489807,36.81563758176187],[122.21152982428178,36.91042142357976],[121.98522626767719,36.942048255411514],[121.83381520222534,36.78396040196775],[121.77731122080073,36.7917381184789],[121.64542435612692,36.720312199923505],[121.53246073026055,36.735676627302624],[121.45734526930035,36.65638633798307],[121.28796795115527,36.679146826235126],[121.21315910991335,36.59971238591105],[121.09120088438232,36.57120031941354],[120.92190424418786,36.59347614205703],[120.85649788069944,36.557339597876066],[120.8207886416981,36.38328093676778],[120.6993172502183,36.35439307239575],[120.63771058250845,36.04968252014827],[120.46942284598703,36.07136119128964],[120.37442487202246,36.17279329056588],[120.26201687011554,36.18703692597488],[120.19726194196242,36.15055908320391],[120.13778082878251,35.84558640181844],[120.01740391599476,35.81604246139076],[119.99226544821431,35.685293288918416],[119.93638306691037,35.692259949076906],[119.86390016534908,35.61201417627641],[119.74398698878282,35.58220650032583],[119.73577555633463,35.53860187047412],[119.61602383723263,35.50867126964632],[119.58354822748042,35.33420303576188],[119.45613977826572,35.26049482630913],[119.432112428531,35.12959587620543],[119.31309942756685,35.09936965531834],[119.30517709493981,35.05572476584012],[119.17847989953412,34.981721490777154],[119.1005082852255,34.54506741447057],[119.14787388163565,34.49479320502613],[119.25807738259691,34.4815238406607],[119.32103397981226,34.518515797369034],[119.34469214459247,34.64949353849245],[119.45507760264707,34.63605119085499],[119.43124119761443,34.505093091461035],[119.31316527966155,34.474852445684235],[119.28961104473595,34.343849763961124],[119.39168827249793,34.286787666210856],[119.36806054107961,34.15577827620697],[119.46984085478132,34.098641982490236],[119.50877902989119,34.004538330695226],[119.56351672411078,33.99775292956438],[119.52385375816,33.77938729201567],[119.57050059962408,33.728916496839965],[119.8431286163212,33.69460104688288],[119.83505655095499,33.65093750608611],[119.93586309882068,33.59338872857016],[119.97401041040928,33.49909074969719],[120.02836404734549,33.49209550322007],[120.06635500190279,33.39775830366182],[120.12063218295948,33.39072133168072],[120.15846738046783,33.29634479112938],[120.2126682247101,33.28926617336749],[120.18800038691589,33.15828216402785],[120.2879402763318,33.10041204215431],[120.24676456703048,32.88206682394656],[120.346322252994,32.8241289746683],[120.32158015332709,32.693096912957664],[120.3671065901793,32.64226054217646],[120.52831793206697,32.62065830617957],[120.5653223364853,32.52606614618406],[120.61897472123866,32.51880027569251],[120.57720728724368,32.30040189477596],[120.46190143030854,32.27118132531214],[120.43714141537322,32.14007394355805],[120.06300396672326,32.189897650064154],[120.0175404985779,32.24065114972042],[119.85694624707092,32.261584719591895],[119.79548661856697,32.224771374017614],[119.52774307933188,32.2590488181685],[119.46643387410899,32.22206766623029],[119.44328241934957,32.090753053917716],[119.48901750032441,32.04020609630133],[119.75606319764746,32.00600459069651],[119.79367940699954,31.911568846227517],[119.95360575768314,31.890709310351337],[120.09738597617714,31.782135062423407],[120.25698280493188,31.76086665399798],[120.32644870898797,31.841205706916686],[121.01766008320207,31.74618782919859],[121.00915576384455,31.702493238875054],[121.10674837968082,31.643834916109217],[121.14265045422803,31.548931770411606],[121.30151724077899,31.526263311951837],[121.2756492868924,31.395183720857112],[121.37269033410679,31.336279166809632],[121.32953382756165,31.117751343998183],[121.42621270043121,31.05877550452894],[121.40029362334998,30.92761995647722],[121.49670177431291,30.868567028561955],[121.47073100210893,30.73738294110622],[121.56686979505766,30.678252637795747],[121.5408480920411,30.547038818151268],[121.48854384340882,30.554737886986423],[121.41903352072441,30.47490405676141],[121.30595151564268,30.4464052441246],[121.29742865823395,30.40263361325653],[121.18448550617728,30.374014053401673],[121.1760333274431,30.33022766807674],[121.06322905522993,30.301487529416143],[121.05484734932888,30.257686400326257],[120.79391485124029,30.294889027253046],[120.67311061897226,30.221948806520178],[120.46433883006482,30.25107993549708],[120.4040852324433,30.21445401564188],[120.38002110147616,30.08287736437213],[120.42409951683891,30.031800265825233],[120.89244285773007,29.96586568826485],[121.0130695104375,30.038616166731586],[121.6367749513203,29.947141087156684],[121.67135770735328,29.851789536510513],[122.03412170337732,29.796767703765234],[122.01646243677756,29.709216633876927],[121.89544846336618,29.6374579164295],[121.88670244430254,29.593659880309662],[121.77463935313048,29.565562786064767],[121.74863732325451,29.43410784014251],[121.79155240486342,29.38245145892508],[121.94618898521237,29.358826961411232],[121.9025612617924,29.139679597096187],[121.54250930215989,29.194371534283803],[121.4825422036442,29.15822387202484],[121.45711376676688,29.026589073848044],[121.50000034859004,28.974995339220676],[121.65398069161935,28.951740031779806],[121.51818847830177,28.24904418679294],[121.45888784147279,28.212805959204534],[121.15337633999022,28.258669091259364],[121.09422245563604,28.222242211262635],[121.05332785005723,28.00221035994637],[120.94359923049201,27.973207083371427],[120.9193368670683,27.84109136195589],[120.80985647441284,27.81194725369864],[120.78584197808543,27.679750179299603],[120.67660912310693,27.65046547700449],[120.61338687276755,27.297610995290462],[120.55510845423863,27.260816540888065],[120.53944766927238,27.17253056620975],[120.43869840281468,27.187126528061935],[120.38056672662339,27.15023100475892],[120.35737992229528,27.017718707695245],[120.24911395715344,26.987969942089403],[120.22616763309169,26.855373293093276],[120.17595281430022,26.86254821439122],[120.11056880302621,26.78126352118425],[120.00267668783293,26.7512574808998],[119.9951641752715,26.707019402472817],[119.64395312042389,26.756061388834624],[119.58643981346842,26.71871282236883],[119.56455793149816,26.58588640338696],[119.65011371954884,26.4834822931946],[119.6209026875894,26.306269852476124],[119.66353811558693,26.25501804009282],[119.56282900323221,25.951555319097224],[119.65504680875684,25.893336736334184],[119.61877968237299,25.671432905834898],[119.51239200987699,25.640856775910702],[119.49088305394827,25.507606113625766],[119.38473308428006,25.476891418963568],[119.37763251113087,25.432450850221542],[119.22915618123199,25.4528476884757],[119.17265128536208,25.415145604533894],[119.13776552643262,25.19276910009348],[118.9896302531393,25.212855802556334],[118.93337602069111,25.175002917757414],[118.88553653464216,24.863295461891372],[118.73788484525016,24.883060525846826],[118.68194076900213,24.845039504666605],[118.6484766348847,24.622117030447445],[118.50116578300107,24.64157515885473],[118.43889716838717,24.558783866359],[118.09521184131127,24.603217053199405],[118.03970976532243,24.564832428274563],[118.00791878717446,24.341517940633707],[118.09949268822935,24.284324176416177],[118.08673827082913,24.194944980423266],[117.97628296424533,24.118032936291836],[117.96997431894444,24.073315254732993],[117.86601311972636,24.04098827140306],[117.85976352415766,23.996252817306498],[117.76212529931908,24.008557341508897],[117.70712302069501,23.96992796280931],[117.63989701635414,23.84173041772694],[117.49363259023077,23.859863320512837],[117.438832278572,23.82107748370448],[117.42076930311916,23.686678603933128],[117.27470847464433,23.704521833263776],[117.22009283296306,23.66560394048127],[117.2082777362925,23.575940508583212],[117.01369730803977,23.59930880083448],[116.90485713380359,23.521146058336974],[116.89910891872748,23.47627874109111],[116.7962011084618,23.442851665977855],[116.77914567760368,23.308174655461364],[116.67646793428729,23.274612554281525],[116.65961715140257,23.139838380247895],[116.55716878184647,23.10614135723174],[116.5405213260936,22.97126933664806],[116.43830163812774,22.937437491540344],[116.43281453392258,22.892454730557144],[116.28781857569497,22.908993714617285],[116.22870075121278,22.82446163511341],[115.98712956708032,22.851455678294695],[115.92832076002034,22.766738623631166],[115.59017350973947,22.80342078310904],[115.53175542801542,22.71846895247502],[115.1985133326647,22.79895237118001],[114.93769075456935,22.643255959224316],[114.93294335210744,22.59815342302721],[114.78815632085494,22.61264927467656],[114.74919912032229,22.70764543006845],[114.60421444791127,22.721882906021804],[114.55130897378675,22.681478286529153],[114.53763296460117,22.546115509050107],[114.29633211528716,22.56926246486957],[114.24364596888256,22.528681448817036],[114.2216508634615,22.30284944811708],[114.07721358145503,22.316381574669172],[114.09019123691401,22.451914829123655],[114.04627852833944,22.501548802357107],[113.90151028422567,22.51482954998537],[113.90575646172796,22.559989645393955],[113.8133795718862,22.6138899055136],[113.77343330607685,22.708520583178636],[113.72506221385281,22.712841257754334],[113.69329770264942,22.897640984524603],[113.74595221003186,22.93844338661509],[113.75433655275005,23.028632878903654],[113.70997317697078,23.078024950145505],[112.78647491086456,23.15564008677743],[112.73412094073669,23.114393327270214],[112.70827333289286,22.798431545645663],[112.80146465407412,22.74553892926377],[112.842408149052,22.651293535934705],[112.89078638229492,22.64737703010861],[112.93159701805057,22.553063930109705],[112.9799207554979,22.549105093416845],[112.93081220747659,21.960949984758713],[112.78672641513867,21.97271792790569],[112.73137183718383,21.885987431705654],[112.63177038408826,21.848355340588416],[112.62816575430897,21.803029446857874],[112.38834330910046,21.82184667572535],[112.333442221662,21.734856547652857],[111.99782762942158,21.76010174985266],[111.94659305528035,21.718256784916182],[111.8027621304823,21.72867469324129],[111.64637748928561,21.557342090153455],[111.54755708961436,21.518627565252796],[111.21251236188462,21.541355821699458],[111.15885341100594,21.45365890235569],[110.91965163285876,21.46911077735314],[110.86630340003137,21.381238500917014],[110.7228730142932,21.39017319666741],[110.66975049057444,21.30217318968063],[110.57159641072957,21.262491520295825],[110.56639575241667,21.171506614394726],[110.4232532568693,21.18003264264841],[110.37302739035694,21.137323184916124],[110.3680224215848,21.046284395115922],[110.22505006284922,21.05453929375195],[110.17497861016211,21.01171259162487],[110.16776666749529,20.875061212995377],[110.260464827206,20.824063774668723],[110.25314542650534,20.687317700723465],[110.34066441846471,20.54498593796404],[110.43547110274959,20.53938676735863],[110.42290653242571,20.311197852997],[109.99719577483947,20.335672695731596],[110.00412541121597,20.47262799875688],[109.95903606587677,20.520874830006417],[109.86422122574184,20.526032495409343],[109.82126596355936,20.619827878042834],[109.8279657250382,20.75663996198679],[109.73510402328017,20.80725986859374],[109.75493055790518,21.217190283479045],[109.8026848548361,21.214679889035526],[109.85495653802685,21.30315175595276],[109.95285198160339,21.343506935905292],[109.95979127796681,21.47992606881398],[109.91420276159693,21.52796429739898],[109.67463415314634,21.54053707279513],[109.63103434384057,21.63388429664051],[109.53509292980027,21.63871621325883],[109.43087317695075,21.461620537490475],[109.19141200242782,21.47307959008897],[109.19336193011158,21.518553783469965],[109.09942183117998,21.56845061787148],[109.05524422206449,21.661544709521824],[108.71921805774514,21.67620428090076],[108.7209458216845,21.721651931331273],[108.62655709127972,21.77108225849947],[108.58182059783483,21.863903302933572],[108.48559832285335,21.867762197467343],[108.43588983872641,21.82423132152643],[108.43111573229508,21.68790388672967],[108.28703852048871,21.693453946112474],[108.18803237105269,21.6061150973562],[108.0440657602007,21.611329845080387],[107.99331709343136,21.52206161688395],[107.75355973871423,21.53019461126443],[107.7031272040815,21.44075717610391],[107.60611097178976,21.39829831302035],[107.60492153125071,21.35277920548935],[107.46130898151517,21.357189681732063],[107.41233827173778,21.313087358540212],[107.40905372002561,21.17645502490083],[107.36126978184278,21.177857664141555],[107.31139095957224,21.08810883353956],[107.21490740744282,21.04522523546401],[107.2139085474288,20.99963991797209],[106.68915797981191,21.01286837999259],[106.54466045921775,20.92481159092032],[106.40164985891114,20.927754998043223],[106.35338940750698,20.883079208021385],[106.34811944540915,20.47219509621178],[106.20577463970632,20.47487032454044],[106.15783166877488,20.43002235319604],[106.1553737274691,20.201418255120423],[106.10805730974448,20.202243427835512],[106.05984942448659,20.1115454890418],[105.96490182759815,20.06732214378238],[105.96450206811043,20.02155017664688],[105.86968590207115,19.977221496333588],[105.86862322412514,19.8398280881082],[105.77402769719627,19.79537673993567],[105.77187117002771,19.47442698571232],[105.67767285973164,19.4298176304318],[105.67610047164692,19.15432068543957],[105.58225235680187,19.109561388063558],[105.58138439924433,18.92568157471245],[105.67427712195098,18.832499084719604],[105.67375834578333,18.740468272685515],[105.76669232783992,18.69316363727307],[105.76578690062237,18.55502099759793],[105.85850321336221,18.50759234854261],[105.90427999685664,18.414718540784772],[105.95074400378223,18.413982814564342],[105.9963915755397,18.32102832411212],[106.04281113270041,18.32024912108364],[106.08832981941752,18.22721385416779],[106.22745281090816,18.224680689197545],[106.22693903505677,18.178549591333436],[106.31908462039935,18.13061178608891],[106.36425926033094,18.037371484469446],[106.41054377753298,18.03641865788397],[106.40637403382503,17.713036933407917],[106.49800624583531,17.664831601782698],[106.49610196879966,17.526066334609446],[106.6321537948192,17.384098154678707],[106.67813548928736,17.383016470368005],[106.72264234939668,17.289296358765665],[106.76857989657603,17.28817159976029],[106.81296115670146,17.194369412131074],[106.95063815541563,17.19080115131244],[106.99480799724748,17.096874059346025],[107.04065504566024,17.09562004123388],[107.17254547382032,16.813408739472735],[107.30969265968062,16.809325419560558],[107.3086925356617,16.762904088932604],[107.39903527524321,16.713643202159407],[107.442583951268,16.619303791801904],[107.48821014412992,16.617835518745935],[107.53163553915576,16.523413297149638],[107.66837761384045,16.51881563087683],[107.71159449392943,16.424268194907363],[107.7571296204848,16.422671417517154],[107.75114261086449,16.19006243543443],[107.65912421128417,16.146679073197642],[107.65797225156187,16.100115304999516],[107.43099055494496,16.107661925214295],[107.38764842542226,16.202226012924417],[107.34220573817825,16.203649644625695],[107.2532548311377,16.299510993338917],[107.1622784037623,16.30220823374816],[107.16320753500653,16.348732308530284],[107.07307374310115,16.397857744815113],[107.02927845218308,16.492128715705462],[106.983702325159,16.493380973115954],[106.93978362628576,16.58756859742806],[106.89416382714906,16.58877799751896],[106.85012140668219,16.682882391300453],[106.8044579261637,16.684048895120014],[106.80522742317795,16.73049202900734],[106.71531350657729,16.82561683242663],[106.7167739196179,16.918432758204307],[106.44516922020584,17.156589577069095],[106.40046366036519,17.250239933463952],[106.35453960873761,17.251191497117684],[106.3097082056171,17.344759455580046],[106.21827699058868,17.39285898380066],[106.21928903358182,17.485438281530147],[106.17374179608066,17.532578575056746],[105.98951835120026,17.535823117099838],[105.94460221460771,17.675347313811383],[105.53100825996701,18.0508063919937],[105.39275160476625,18.283064728305128],[105.3463453582242,18.28353923768101],[105.34645176771411,18.329651705207578],[105.2537220133629,18.422732005094776],[105.2538492573005,18.514891400722302],[105.16083906309369,18.561753124474464],[105.16085959774612,18.60780952699309],[105.02104808057182,18.746952992412098],[104.97442305602411,18.74725253411785],[104.92762190800734,18.83955954441501],[104.88095293995012,18.83981524975858],[104.88029266850299,19.115684364303032],[104.97375842116051,19.20703684808237],[104.9734908244696,19.39069888355872],[105.06730566699008,19.481858368609753],[105.06723621334125,19.61945946161983],[105.16133721712907,19.664603548726568],[105.16140027693248,19.802100170900527],[105.25572120097581,19.847122287446503],[105.25604912426301,20.076067866996745],[105.30339768590318,20.12140224526377],[105.30419402967316,20.532892878653488],[105.25677602676103,20.579000782745887],[105.2569755903151,20.715988807615105],[105.16184672665655,20.76242560907305],[105.11424613771992,20.85405518920679],[105.06660221643752,20.854395140303858],[105.01886501874284,20.945947425080167],[104.97117512667509,20.946243007118706],[104.87556510870365,21.037969224218603],[104.78009268596635,21.038405149811105],[104.73198978407905,21.129758345143905],[104.6364252264312,21.130060990502695],[104.54031066023956,21.22141028070366],[104.4924823833417,21.22148380356844],[104.49218441043679,21.267039259099125],[104.39613805696169,21.31266668153078],[104.34752927372548,21.40374353854765],[104.29960941725929,21.40372773599819],[104.25086175951392,21.494727518933328],[104.20289611784908,21.49466697220415],[104.15400923552005,21.585589739414466],[104.105997812421,21.585484393758446],[104.05697135498185,21.676330202302665],[104.00891415474867,21.676180002649367],[103.95974777122544,21.7669489082894],[103.81543950451093,21.766296861957606],[103.76604091446696,21.856943454795516],[103.7178927090173,21.856658874055128],[103.71587408610175,21.99296297675765],[103.61871908049115,22.037744294713402],[103.61799781249617,22.083155515695907],[103.47083217782442,22.218215995769796],[103.27750796017291,22.21640015640677],[103.18271382139567,22.124579436428945],[103.03786899474636,22.122851593193626],[102.84256065349511,22.21100956677415],[102.84146369242806,22.25638515836713],[102.74362479254467,22.300308362714922],[102.74247902839925,22.345668122557235],[102.44439463983808,22.612781958823632],[102.34733953925495,22.610973619916535],[102.06653473419374,22.28769487922685],[101.96982351299805,22.28553592671653],[101.73459229837827,22.09827390512949],[101.68633738348855,22.097051632740182],[101.59491837740276,21.958359789330846],[101.59999074341657,21.82211024532668],[101.64976879273613,21.777941171326134],[101.67126271911975,21.186604616510348],[101.3827450777131,21.224269884744885],[101.33674077206138,21.17734966759305],[101.05006198942519,21.16855341142362],[100.9983604781333,21.25805543447751],[100.9505419651454,21.256488499706567],[100.93657849503633,21.574892272989437],[100.88657627159728,21.618752611486055],[100.74258669561742,21.61383650292054],[100.69882564009221,21.52124295902391],[99.93191545014426,21.491318763214732],[99.7779625161526,21.666808331811865],[99.76514071382867,21.893797629859566],[99.7118332864175,21.982404761209416],[99.55934737637982,22.11191273013889],[98.98084110315436,22.08373325086912],[98.89044986561129,21.988062061893373],[98.6978989012135,21.97778677906335],[98.6886298540995,22.113758272671387],[98.5890901759318,22.153787827173336],[98.55432982002121,22.65166051573865],[98.45416086144907,22.691484268753857],[98.44446691072159,22.827082809100943],[98.53840715726412,22.87766857420487],[98.51276978907403,23.23890305695482],[98.60716415642963,23.289355308893683],[98.5752794712743,23.740208807446656],[98.47393740847613,23.779902170137227],[98.41830919143175,23.86725854419343],[98.36920032525057,23.86452323291979],[98.35261311676261,24.089565702417833],[98.25078881828436,24.129002267581857],[98.1879136105392,24.30606465307127],[98.0823092367129,24.39025983531726],[97.93417964092582,24.381539029274073],[97.84619844218224,24.240782890316446],[97.86049052465361,24.060916808889097],[97.72018392637023,23.961916099296857],[97.7238130644938,23.916922694146013],[97.5764825652098,23.907696505866458],[97.53481784377392,23.81457848935018],[97.44047800967235,23.763268436126776],[97.44423599623322,23.71825487280437],[97.2482643912627,23.705388238110963],[97.19540306306695,23.747122657964123],[97.17985695039594,23.92708260851485],[97.27421927167109,23.978593978289375],[97.26651152512349,24.06852431250774],[97.31185830449398,24.116718638405967],[97.41028133387823,24.1231296930334],[97.4670213673413,24.036374495365003],[97.61454756180545,24.045746888588127],[97.65639834025757,24.13876277504676],[97.75124549807667,24.18981888708579],[97.74035535991581,24.324660893004882],[97.6873609333818,24.36655237603737],[97.44062477498896,24.351000922095807],[97.414045744799,24.665301643053933],[97.50553889032268,24.76135429448406],[97.49421528121518,24.895925662259028],[97.58602642252882,24.991841326889517],[97.57479375788273,25.12632478440908],[97.65950144061249,25.31170863559115],[97.70937488007358,25.314754760082153],[97.75191232542105,25.407362714855115],[97.84814910898639,25.458131758194828],[97.84451983625976,25.502911201713733],[97.94091128719374,25.553584364267138],[97.93013999520215,25.687875443614686],[97.98023167319107,25.69079487344007],[98.02322751486832,25.78319368737688],[98.12002187875665,25.833667877716838],[98.1165134547567,25.878406525826062],[98.21346361741845,25.928784717513604],[98.29682807591236,26.15793839513799],[98.39418454576908,26.208117602127206],[98.38401826505789,26.34219768313651],[98.48162606326916,26.39227408975911],[98.47157096529071,26.526292963429825],[98.56280594907152,26.66557803470521],[98.51941337177873,27.24556730892756],[98.41401231075199,27.284793587830183],[98.403751392298,27.418485554916295],[98.29809011922583,27.457585803892066],[98.28763135230602,27.591207809142002],[98.18170892044,27.630181927762486],[98.17105084489096,27.763734732887745],[98.06486630450776,27.80258261606686],[98.02488660931205,28.291807746155314],[98.28291894556925,28.305854439202474],[98.40000643513851,28.133441641868078],[98.60609456014922,28.144051377847845],[98.6642653374773,28.057669838401438],[98.9216965118255,28.070278238202768],[98.92488022656177,28.025777078332645],[99.0309485094342,27.986146433222117],[99.08859017924276,27.8995152719178],[99.2427940090762,27.906576878599726],[99.25182436980197,27.77297858141338],[99.35743486550896,27.733018259005295],[99.36627155027583,27.599352976511433],[99.47450374348175,27.51469601201953],[99.48601206217431,27.33635423908781],[99.59098842485601,27.296131204888912],[99.64762088842997,27.20906530053256],[99.69862867287648,27.211193041490755],[99.86770552042023,26.94962954592233],[99.9694329800285,26.953664978759186],[100.06604041140145,27.046906171904226],[100.05575058918724,27.225438590467213],[100.15527913896575,27.27392197383393],[100.13751675184255,27.58612863618795],[100.23750217163527,27.634494581697027],[100.23000011556935,27.768211007737154],[100.53107180550214,27.91271312762913],[100.52399818781832,28.046356269494318],[100.62472901898317,28.09432487845453],[100.62241680354101,28.138859712282294],[100.77715159500639,28.143833066450465],[100.82431433920405,28.23450609863902],[101.2374625737287,28.246565536496146],[101.34465570375994,28.16026876420339],[101.49946530327409,28.16426022216422],[101.64893124595798,28.301663235719328],[101.64355708542139,28.43524263185343],[101.74535799668394,28.482172834108837],[101.74012225631364,28.615700331619458],[101.84218946555008,28.662524849460894],[101.83027385142454,28.97390722493155],[101.93281761889588,29.0206134950829],[101.92118300884107,29.33175833107491],[101.97350185138014,29.332847900518708],[102.02259146307024,29.42277639158685],[102.12578182870165,29.46926598616314],[102.1242171016194,29.513688029350703],[102.2275735151264,29.560078227403224],[102.22606040929358,29.6044931925178],[102.32958312773339,29.650783887591725],[102.32519475751432,29.78399553419484],[102.42899131420803,29.830180826854534],[102.4076522816497,30.4956672088038],[102.4607027045465,30.496534720799428],[102.51099574188511,30.586048003704693],[102.61588910545983,30.631996054326024],[102.61456254811408,30.676322927107613],[102.66772962659238,30.677096848767356],[102.72343675757278,30.589187354623732],[102.88277744852785,30.591290407490895],[102.88632322266683,30.45826953275329],[102.99350944377684,30.415200437350528],[102.99687241682113,30.282132372851585],[103.10377726915537,30.238948199389114],[103.10907445835127,30.017068726285647],[103.21558583902663,29.97376008981627],[103.22454417602836,29.574085878479412],[103.12063071159443,29.528586726924306],[103.1279156820797,29.217475667730344],[103.18118494637399,29.17355811371094],[103.33788741593838,29.17504796908689],[103.33881391792437,29.13058066934669],[103.44410189224556,29.08698271570521],[103.49796928432492,28.99842568227853],[103.55009748467826,28.998802836925847],[103.60379972251025,28.910179057762864],[103.65587462825334,28.910508412000347],[103.70941215599132,28.821817884612873],[103.8654779162819,28.822592153751557],[103.91874386932278,28.73378670088233],[104.1785897054188,28.73448616695941],[104.22963948435219,28.823574720276216],[104.38571035408616,28.823642644953846],[104.43702851077174,28.912621020832464],[104.54088458771665,28.95699717134157],[104.5375733690335,29.44615692728581],[104.64213356854162,29.490390853173672],[104.64088924738034,29.712548495698016],[104.79842824349095,29.756477517170634],[104.90373120515626,29.71161206082532],[104.95613043736601,29.800189271521486],[105.11399667097791,29.799271506417803],[105.16667047820326,29.887738124911902],[105.324697364558,29.88653520660779],[105.37764629668926,29.9748909050998],[105.53583273471187,29.97340234625072],[105.58880866595288,30.017254618839637],[105.58955546215606,30.15041954392014],[105.6423934733569,30.149851667469523],[105.69584146739636,30.238017075082613],[105.80198694593412,30.28113438787807],[105.80234901791131,30.325503299669286],[105.96118610302682,30.32344051853131],[106.01507927422169,30.41143072275152],[106.49203223395584,30.403734120092096],[106.543512340379,30.314037951167002],[106.91400780721521,30.30655011053366],[106.96888668217461,30.39410160456066],[107.12781247641453,30.39046065692241],[107.18296943266014,30.477898115903475],[107.34204417211107,30.473968070028402],[107.3974796971568,30.561291134027435],[107.50489492072235,30.60283607006321],[107.50869832968291,30.735816708476772],[107.56188328212639,30.734384394177557],[107.61772167194708,30.821562176311094],[107.72558147214572,30.862886503177307],[107.72696924872265,30.9071937705108],[107.83499403912565,30.948412079884974],[107.83644148713097,30.992711383331525],[107.9446314554511,31.03382353297187],[107.9461388138666,31.078114905379348],[108.05449414671813,31.119120751850055],[108.05606165518222,31.163404225608787],[108.16458253806663,31.204303624279632],[108.16621043687321,31.24857923132101],[108.32670687506624,31.243325719233557],[108.38369058602368,31.330062655045587],[108.49259092861654,31.370650978021004],[108.49439757575195,31.41490961248632],[108.76237993639413,31.40529692872493],[108.81794923542324,31.447553168805157],[108.8239031963315,31.58028732115466],[108.93334889493812,31.620455981395256],[108.93539749095015,31.664689697800142],[108.82987633431901,31.712993089373406],[108.78002147621493,31.803449742374323],[108.72617122269637,31.805427142488224],[108.67614623338983,31.895827667270833],[108.51439902128439,31.90154617313219],[108.51622908223075,31.94576748756234],[108.41010128901623,31.99367969714589],[108.35961332549188,32.08392221955177],[108.30556927644024,32.085709795892896],[108.25490942276461,32.17589613530345],[108.20080242583323,32.17763640157133],[108.14997014950686,32.26776657964283],[108.09580017905532,32.269459444649456],[108.04479494644605,32.35953348180458],[107.99056197756218,32.36117885386226],[107.93938325391025,32.4511967692871],[107.88508726241739,32.4527945562079],[107.83373451184062,32.54275636784896],[107.67065127438981,32.54733341576841],[107.67203791088575,32.591525291615106],[107.56457589324899,32.6386458585007],[107.51275130913311,32.72844866123228],[107.02228549984608,32.74021692358838],[106.9657691414296,32.65301938811817],[106.80242342848862,32.65642571311118],[106.74620085960152,32.56911630320602],[106.58301496606589,32.572227097171876],[106.5838114015516,32.6164273086118],[106.47569316750206,32.66257768604319],[106.42265297966651,32.7519065459338],[106.0409874198307,32.75780208549104],[106.04249867300223,32.89037163962777],[106.1522941996265,32.93299303433022],[106.15399109152975,33.06553199218011],[106.26408310341583,33.10804338918049],[106.26722675013791,33.32888074531935],[106.37773820199699,33.37127654501772],[106.37842994680051,33.415434498614104],[106.5433319341606,33.41260132895597],[106.59910975322052,33.45576218124295],[106.60155449209557,33.58821304445835],[106.7125985872774,33.6302942770947],[106.71347682242403,33.67443758714371],[106.87889786480102,33.671153738753794],[106.9360373901938,33.75828713023634],[107.04749213915247,33.800057934187365],[107.05068992739541,33.93245075825592],[107.16244737098758,33.97411027804867],[107.1669772596328,34.150596223856525],[107.05819277902756,34.24130112183333],[106.39171879501505,34.254045805308145],[106.33752368522126,34.3431818492021],[105.83697983305314,34.35016511678062],[105.78062173432656,34.2625762518818],[105.61393823488736,34.26437931852989],[105.55788619765738,34.176682581021616],[105.28036937523402,34.17906391861742],[105.22474439936938,34.091209837226124],[104.67028210446104,34.09385660452481],[104.5603094747492,33.961692507176],[104.56184148811386,33.740996072191855],[104.6173202141073,33.69674666273061],[104.78283912149165,33.69628555717086],[104.7830227601975,33.652137807121605],[104.89342953148893,33.607556433176164],[104.94872536885184,33.51899719181556],[105.11387500079456,33.51808983917148],[105.11387651524323,33.47393337041977],[105.22385470848091,33.429046237346746],[105.2786644795203,33.340321136720966],[105.33359120703635,33.339895204440296],[105.3322911698743,32.853950374299856],[105.16849671935866,32.85515378861621],[105.11389903408218,32.81131462222186],[105.11390349378428,32.67872581586198],[105.0050019148502,32.63515529727047],[105.00530432743543,32.414109414887584],[104.89681383496264,32.37042585011783],[104.89693280587947,32.32620603759748],[104.62569766736218,32.32711352226305],[104.57203952515502,32.23877518575379],[104.08433682931533,32.238655724179665],[104.02897198150859,32.326963310604334],[103.86623092077055,32.32641006852869],[103.86283810544205,32.54746499183826],[103.75331130320376,32.591173529115494],[103.80631122788515,32.67983050376709],[103.80417103136801,32.81240755452166],[103.74885537600164,32.85633354259876],[103.74511979358817,33.07723176390912],[103.63481193853468,33.12080396602403],[103.62420866649823,33.69483202690142],[103.5121020332274,33.782402513136574],[103.50677960376296,34.04719100292909],[103.39500170858666,34.090501520457806],[103.39213999597783,34.22286251680699],[103.28005317521203,34.26606212783334],[103.2728984409737,34.574826026782034],[103.38349749673392,34.61985265085106],[103.37281608933779,35.10489375232156],[103.08862924151754,35.234619648224744],[102.75115550470744,35.23075193444241],[102.69355358772124,35.27409567657961],[102.68124730768947,35.670734047757],[102.56525233280018,35.75730850211271],[102.55512284818502,36.0657283500253],[102.43991690468216,36.10811724307332],[102.3799366633649,36.195352435625885],[102.32299910965925,36.19445342281897],[102.2628204509327,36.28163070040399],[101.97783730438503,36.2766179766727],[101.91720638956514,36.3636289781068],[101.28969524154749,36.35005416203901],[101.28314946740136,36.48215585312858],[101.22379757923859,36.52479737920089],[101.05231524108642,36.520469999156035],[101.04999557584954,36.56449828849337],[100.81388671426267,36.690435186953266],[100.75161863507304,36.77687661562837],[100.69427794239641,36.77524834487941],[100.65341133523145,37.47952747204093],[100.53238524612146,37.5641855871508],[100.51909413920487,37.78425896967439],[100.40017020519879,37.82478068609321],[100.39194703268394,37.95682052680499],[100.27268435315116,37.99722675820099],[100.26421982407007,38.12926296283411],[100.14461693811839,38.16955348150068],[100.13590895998026,38.301587036193695],[99.95141759199905,38.42782143425451],[99.89283939153161,38.425834362289315],[99.82807971482814,38.511835780925956],[99.76943943579927,38.50979341855984],[99.6457639940612,38.59363856985503],[99.52836931158986,38.58936418217129],[99.52509283987217,38.633366537619864],[99.40429417541908,38.67298404332042],[99.33876177960379,38.75875098039144],[99.27994258581461,38.75648931873273],[99.21419488063793,38.84219731443376],[99.15531400926837,38.83987979302881],[99.08935040503124,38.92552876006204],[99.03040791338479,38.9231552487158],[98.96422782009904,39.00874509817499],[98.90522376690882,39.0063154661812],[98.83882659431457,39.09184610754494],[98.77976103975406,39.089360223686604],[98.71314619733748,39.17483156481155],[98.59489625891877,39.16972057235694],[98.46881350659076,39.25247719391081],[98.05464360072828,39.23335901974089],[98.00389870272674,39.14257879734332],[97.35432338862726,39.109670947091956],[97.28606420364551,39.19441491506627],[96.99067762404509,39.17824725648157],[96.98587846709883,39.222184757305385],[96.86281688901077,39.25946236925247],[96.79386175144494,39.34395876274843],[96.6163249846917,39.33367613238545],[96.54702125798937,39.41804775634607],[96.25091878846241,39.40022509419811],[96.18113866045532,39.484408562902274],[95.88486320889467,39.465767400123426],[95.81460699603792,39.54976127686006],[94.21577388906607,39.43682101671558],[94.14366811189704,39.519917026213996],[93.31580690932114,39.45332863919849],[93.2707487515476,39.36082079830729],[92.91687452162014,39.33058554507265],[92.73405092341197,40.42482607438674],[92.91355203231667,40.44031845751296],[92.95882256631394,40.533032329821054],[93.25855157792702,40.558220949752226],[93.30433161126356,40.65082948150202],[93.4174013798708,40.704512861327004],[93.44941258273742,40.88477135521375],[93.38208990524541,40.92371434874022],[93.3679058378396,41.01140822366961],[93.23286727528212,41.089192950470704],[93.11208003160824,41.07916815882396],[93.04439750885169,41.11795188401652],[92.74243975193939,41.092266691656725],[92.54616545879416,41.16415409802353],[92.36495825064979,41.148156128538965],[92.16816193904307,41.219500590558084],[91.8661078731921,41.191858327736284],[91.66870683517071,41.26248096522706],[91.00454578827792,41.198330903685935],[90.80629888629774,41.26769643065212],[90.0826482302999,41.19295000490565],[89.943832212915,41.267428612469274],[89.40165009264999,41.208280992383884],[89.29639162640471,41.688178710493425],[89.40801356826533,41.74526028516309],[89.37924341268288,41.87621948807842],[89.2480833060241,41.90639690943544],[89.19948159541974,42.12467218486105],[89.06779281647229,42.15468875778157],[88.98707971498249,42.23512810676863],[88.92607009321335,42.22822794035506],[88.84511540899044,42.30859371054955],[88.78405705256493,42.30162957941732],[88.70286029654619,42.38192156361813],[88.641753384478,42.37489332406977],[88.56031406910029,42.45511131312838],[88.37688465859048,42.43375261335317],[88.36658508161604,42.47737785830842],[88.2339028280141,42.50661066785306],[88.15185648037816,42.58660511082493],[87.96821402911944,42.56469693745845],[87.88580379254643,42.64454121071915],[87.70209514023958,42.62227629900645],[87.66983922798688,42.753050075585705],[87.5977050986405,42.7891494258321],[87.41371521598045,42.76649465280249],[87.33045151347055,42.846035996682716],[87.26908810122455,42.8383920893264],[87.23593833761119,42.96911706916121],[87.42039575829531,42.992017172191844],[87.52163100077102,43.094367629207035]],[[102.51048239160114,25.456124358503338],[102.16010724000641,25.44966051305195],[102.11305779252446,25.358866592025883],[101.9630664129677,25.35568839346612],[101.91626470703527,25.26478429776938],[101.8180223504518,25.21760045515114],[101.81966453641213,25.17268672396371],[101.72157296598445,25.1254028575537],[101.72663331247543,24.990609304239822],[101.67684345806109,24.98939497489997],[101.63051886381062,24.898266600614683],[101.53282335209408,24.850772768004322],[101.53460024411689,24.805812560512642],[101.43705453943105,24.758218873315617],[101.43887703403196,24.713247189249323],[101.34148091007297,24.6655537116195],[101.3582257997279,24.260470710182428],[101.4588060200376,24.21813116895832],[101.51172436512064,24.129340673280808],[101.56104383455875,24.130634121964388],[101.5662857902789,23.995420445006527],[101.66647919054888,23.952850014375674],[101.67155593157591,23.817551772237923],[101.7715068486411,23.774858002901436],[101.82386845599119,23.68578376417987],[101.87295453124149,23.686935889641727],[101.92516824160515,23.597785710962878],[101.97420873518455,23.59889167333935],[102.02627490865846,23.50966552751543],[102.17326290491856,23.51277758277151],[102.2250884193094,23.423428396692408],[102.46985520059583,23.42804758092999],[102.52134682161491,23.338528739250357],[102.66807745778831,23.340960132122714],[102.71464493619668,23.4321043075471],[102.81144050090623,23.478749180250865],[102.80805561581407,23.61424652549179],[102.95523111901355,23.616280325011253],[103.00222110067801,23.707213382188236],[103.0994506218587,23.753553559899647],[103.09846129671901,23.798687270135833],[103.19583587344339,23.844925759719764],[103.18541175426506,24.340885787303105],[103.08551120681899,24.384812946635023],[103.08048604670978,24.60994890586812],[102.98023949591084,24.653741104646315],[102.96404890274383,24.63851391861039],[102.92953853752458,24.698099437953452],[102.879896440515,24.69743445829443],[102.88100371471289,24.652434669869542],[102.94787095973678,24.623298629997677],[102.93170288887616,24.608092626097932],[102.93709507537574,24.382962488173874],[102.78868529354627,24.380908056215254],[102.78523321464908,24.516001911063373],[102.73451404421698,24.560288350166953],[102.58582039344464,24.5579566501769],[102.57450633730848,24.962816776655302],[102.77365198987542,24.965896309662647],[102.82230073612556,25.01156426947772],[102.92192942837616,25.012922733660574],[103.02260179612517,24.969233473213425],[103.07036077026866,25.05974036327278],[103.16907735297977,25.105817085423375],[103.16227083979948,25.4202612321961],[103.11122775441005,25.464599695279514],[102.96103113684626,25.46278944263308],[102.90876134305418,25.551910575614762],[102.55798410068661,25.546720400793927],[102.51048239160114,25.456124358503338]],[[114.29490773258745,37.63634846610751],[114.27901694130777,37.50472788295705],[114.10607127135704,37.51792587814391],[114.0432561886846,37.478390727014705],[114.01757848411178,37.25897303017666],[114.06989301550519,37.210757015520784],[114.35695647895783,37.18871383151421],[114.40367503468696,37.096491638745896],[114.77520644578787,37.28833812035861],[114.80307382237267,37.50759854365451],[114.75102079268382,37.556111218711315],[114.57804148075589,37.56994042249915],[114.59446340273492,37.70152435903101],[114.54214451199037,37.749953761164335],[114.25301380877995,37.77240798905385],[114.18466283656689,37.68906515785494],[114.29490773258745,37.63634846610751]]]]}},{"type":"Feature","id":"video-308-43","properties":{"year":308,"kind":"nominal-affiliate","regime":"西晋西域都护名义范围","name":"西晋西域都护名义范围","is_jin":false,"is_western_jin":false,"source":"史图馆《中国历代疆域变化第十五版》用户本机视频年末帧","source_frame":"work/jin-video/frames/308.png","source_video_url":"https://www.bilibili.com/video/BV1CA4m1L7WJ/","coordinate_system":"WGS84 longitude / latitude","fidelity":"source-outline-hand-traced","boundary_evidence":"视频米黄色区域外有晋橙色外框；手描外框并单列名义范围，不并入中国州郡统计。","is_jin_affiliate":true,"source_timestamp_seconds":74.967,"source_frame_index":2249,"source_frame_sha256":"086b36710da7789ec1c78a52d60f7e688d678b5e9a99070fe1ed451ef21759b0","source_video_sha256":"706fb20d8a79e6cdf06e8e2ec157df70d3083f3d41a2b6fb8e09381888009baa","source_colour_semantics":"米黄色填充及晋橙色外框"},"geometry":{"type":"Polygon","coordinates":[[[74.42571733132023,40.48647758026491],[76.63281772323649,41.43191858911366],[80.98626355228228,42.58308843882056],[85.28814219917449,43.11746225607471],[88.3026881847287,43.277574006536895],[88.63951519336483,42.27612485744669],[88.59081211800702,42.324205222488224],[88.4585048529278,42.35364626917423],[88.44826647933063,42.39727147972064],[88.265018770733,42.37576576870771],[88.183157099789,42.45576016343832],[88.05044039901654,42.48481505753262],[88.03993444105684,42.52841959365846],[87.85647586131252,42.50636477805964],[87.7740081739518,42.586133753191284],[87.64088443642358,42.6148005145556],[87.63010936209663,42.6583837076084],[87.44644584601198,42.635777822818305],[87.36337108747963,42.715319374257646],[87.30211649648534,42.70769198732379],[87.2187970818577,42.78715718549328],[87.1574963470211,42.77946462138917],[87.07393181276777,42.85885324035325],[86.94002029616173,42.88685739311767],[86.90624313681536,43.01751513211007],[86.77196697842066,43.045365437134144],[85.36159157248672,42.85694203984712],[85.38595551873985,42.77012274357397],[85.2760458227348,42.70969446339603],[85.28826206335836,42.666303178755825],[85.17859466928181,42.60580897624631],[85.1422534339534,42.5104819428468],[84.59534148630152,42.432054324514866],[84.60792206277256,42.388745997629236],[84.49925547736943,42.32774304538294],[84.46395722209535,42.23228586225562],[84.28247657445054,42.20549920410975],[84.19643872993308,42.2830361229295],[84.01493071560076,42.25589350968022],[83.9285434940858,42.33326898582267],[83.74701085829432,42.30577005551906],[83.66027462751822,42.382983268559826],[83.47872012816136,42.355127667422224],[83.39163527370835,42.43217779526727],[83.21006168115775,42.40396517778134],[83.12262860652271,42.48085139675051],[82.9410387034373,42.45228142576036],[82.86690764112807,42.485853081300476],[78.96882212850312,41.806804123611194],[78.92529331523072,41.752828754454846],[78.62882527787531,41.6959740017525],[78.60162759641068,41.599273458194475],[78.42422172524452,41.564823526540344],[78.39734621377038,41.4681006230086],[77.98464040308578,41.3867568781536],[77.95841616013959,41.289971948453285],[76.72765977684894,41.03830933598349],[76.70322948159429,40.94133292122859],[75.02025733637073,40.575427625117676],[75.03809419135216,40.53330423477003],[74.94058916585288,40.46521179484749],[74.95844494130348,40.42310383096662],[75.09148201232115,40.406931031250515],[75.14468643127161,40.28055281298955],[75.20222810806703,40.29345938211951],[75.29503876518342,40.222053763491616],[75.46766555266697,40.260503879619726],[75.50775326421761,40.31544780207829],[75.68070999970254,40.35362686854332],[75.75577644135828,40.32409547116875],[76.62307291877123,40.511165761523074],[76.69791757328615,40.48110338105977],[76.73904471214135,40.53568701027174],[77.37826717196711,40.66877269369374],[77.54398986541196,40.56531372306977],[77.72312541787566,40.098420312554666],[77.62375290879353,40.032328211911604],[77.63996818579962,39.98989635713934],[77.5570550865253,39.88133095188835],[77.67933841131276,39.72348756781308],[77.82651140063224,39.6621937328279],[78.86440084319555,39.86978664138914],[79.12649602422455,39.82961827427775],[79.21487073339568,39.755581732108496],[79.47636915073608,39.71472860657076],[80.98470651325279,39.99332557578803],[81.18942617206771,40.12035435418546],[81.83235143041844,40.23211016430589],[81.97695094387456,40.16624836841375],[82.21109049398092,40.20586746229014],[82.29677351239243,40.129796036593724],[82.42730539425801,40.10640779846206],[82.440755830173,40.063439826616516],[82.48582921445922,40.11615324993949],[82.6029231856881,40.135567531833175],[82.67481426984925,40.102243416548355],[82.85051912725554,40.131077814384014],[83.05256712690966,40.07362325392197],[83.75650107828265,40.18558652587632],[83.8487395174275,40.29011485923532],[84.14314559834831,40.33547588393001],[84.29514183256777,40.44870699306511],[84.59045545905647,40.493093131921874],[85.12234456664643,40.796178475988874],[85.36008285985787,40.830294568706414],[85.40771901576272,40.88204146466229],[85.82462415275668,40.94059450011436],[85.87266155393311,40.9921835612512],[85.99199475242382,41.008635797229296],[86.06315389201697,40.97347684829182],[86.60062381320715,41.04592539600681],[86.74235576258201,40.97492938894295],[86.92161898093741,40.99841524909833],[87.25294688542229,40.9067067167873],[87.5305941923136,41.03151852578111],[87.7777790937008,41.28627393125228],[88.68063810090679,41.39447759043677],[88.88122080792373,41.32822253737578],[89.06200372452342,41.34887505742004],[89.14165021962822,41.26849896571837],[89.32235748869336,41.28880307337425],[89.28126626926081,41.47457210812818],[91.68028258161803,41.53081673247071],[92.71918926882331,40.51240099302857],[94.60500519661475,40.48555471886933],[94.86656061691266,39.485158500491494],[92.76136346752729,38.82877633398126],[87.8003652901583,38.11352575878742],[85.31226142340574,37.18568597500722],[82.01331449531962,36.193582691586656],[78.50100997823739,35.647760603582945],[75.24940828292881,35.976281606047024],[74.38727828172331,36.922715742689945],[73.3327859703456,37.12646508027743],[72.5632166038174,38.04589090761829],[71.76503539629118,39.65695986624242],[74.42571733132023,40.48647758026491]]]}}]}