year,record_scope,row_type,regime,level,entity_id,chgis_sys_id,state_id,state_name,prefecture_id,prefecture_name,county_id,county_name,administrative_name,map_label,is_fief,fief_id,fief_rank,holder_text,uncertain,qiao,longitude,latitude,map_drawn,geometry_status,unmapped_reason,chgis_source,book_page,pdf_page,source_title,source_url
588,yearbook_588,administrative_entity,南陳,state,ch_s0001,33462,ch_s0001,揚州,,,,,揚州,揚州,0,,,,0,0,116.77711500171348,32.57574799850527,1,seat,,CHGIS V6,1361,463,,
588,yearbook_588,administrative_entity,南陳,prefecture,ch_p0001,32364,ch_s0001,揚州,ch_p0001,丹陽郡,,,丹陽郡,丹陽郡,0,,,,0,0,118.76899000250202,32.05256299181896,1,seat,,CHGIS V6,1361,463,,
588,yearbook_588,administrative_entity,南陳,county,ch_c0001,40525,ch_s0001,揚州,ch_p0001,丹陽郡,ch_c0001,建康,建康,建康,0,,,,0,0,118.76899000250202,32.05256299181896,1,seat,,CHGIS V6,1361,463,,
588,yearbook_588,administrative_entity,南陳,county,ch_c0002,40522,ch_s0001,揚州,ch_p0001,丹陽郡,ch_c0002,秣陵,秣陵,秣陵,0,,,,0,0,118.76899000250202,32.05256299181896,1,seat,,CHGIS V6,1361,463,,
588,yearbook_588,administrative_entity,南陳,county,ch_c0003,41377,ch_s0001,揚州,ch_p0001,丹陽郡,ch_c0003,丹陽,丹陽,丹陽,0,,,,0,0,118.71336000314969,31.65600899238093,1,seat,,CHGIS V6,1361,463,,
588,yearbook_588,administrative_entity,南陳,county,ch_c0004,40583,ch_s0001,揚州,ch_p0001,丹陽郡,ch_c0004,溧陽,溧陽,溧陽,0,,,,0,0,118.96814900269389,31.305571991055462,1,seat,,CHGIS V6,1361,463,,
588,yearbook_588,administrative_entity,南陳,county,ch_c0005,40591,ch_s0001,揚州,ch_p0001,丹陽郡,ch_c0005,永世,永世,永世,0,,,,0,0,119.46861399860946,31.37003998730791,1,seat,,CHGIS V6,1363,465,,
588,yearbook_588,administrative_entity,南陳,county,ch_c0006,40538,ch_s0001,揚州,ch_p0001,丹陽郡,ch_c0006,江寧,江寧,江寧,0,,,,0,0,118.59563400320322,31.863769992917724,1,seat,,CHGIS V6,1363,465,,
588,yearbook_588,administrative_entity,南陳,county,ch_c0007,40533,ch_s0001,揚州,ch_p0001,丹陽郡,ch_c0007,句容,句容,句容,0,,,,0,0,119.16273500039418,31.94653498923837,1,seat,,CHGIS V6,1363,465,,
588,yearbook_588,administrative_entity,南陳,prefecture,ch_p0002,,ch_s0001,揚州,ch_p0002,南琅邪、彭城二郡,,,南琅邪、彭城二郡,南琅邪、彭城二郡,0,,,,0,1,,,0,unmapped,CHGIS 588未找到可采用的同名郡治点,,1363,465,,
588,yearbook_588,administrative_entity,南陳,county,ch_c0008,40228,ch_s0001,揚州,ch_p0002,南琅邪、彭城二郡,ch_c0008,建安,建安,建安,0,,,,0,0,118.32378400502766,27.03886399599987,1,seat,,CHGIS V6,1363,465,,
588,yearbook_588,administrative_entity,南陳,county,ch_c0009,40536,ch_s0001,揚州,ch_p0002,南琅邪、彭城二郡,ch_c0009,同夏,同夏,同夏,0,,,,0,0,118.82351900237097,31.99038199152356,1,seat,,CHGIS V6,1363,465,,
588,yearbook_588,administrative_entity,南陳,county,ch_c0010,,ch_s0001,揚州,ch_p0002,南琅邪、彭城二郡,ch_c0010,烏山,烏山,烏山,0,,,,0,0,,,0,unmapped,CHGIS 588未找到可采用的同名縣治點,,1363,465,,
588,yearbook_588,administrative_entity,南陳,county,ch_c0011,40530,ch_s0001,揚州,ch_p0002,南琅邪、彭城二郡,ch_c0011,江乘,江乘,江乘,0,,,,0,0,119.0521990008062,32.17655498986822,1,seat,,CHGIS V6,1363,465,,
588,yearbook_588,administrative_entity,南陳,county,ch_c0012,40515,ch_s0001,揚州,ch_p0002,南琅邪、彭城二郡,ch_c0012,湖熟,湖熟,湖熟,0,,,,0,0,118.97966800180754,31.859502990601413,1,seat,,CHGIS V6,1363,465,,
588,yearbook_588,administrative_entity,南陳,county,ch_c_qiao_pengcheng,42777,ch_s0001,揚州,ch_p0002,南琅邪、彭城二郡,ch_c_qiao_pengcheng,彭城,彭城,彭城,0,,,,0,1,117.18768300192748,34.26963399744008,1,seat,,CHGIS V6,1601,703,,
588,yearbook_588,administrative_entity,南陳,county,ch_c_qiao_fei,85663,ch_s0001,揚州,ch_p0002,南琅邪、彭城二郡,ch_c_qiao_fei,費,費,費,0,,,,0,1,118.18736000076575,35.289839993369114,1,seat,,CHGIS V6,1601,703,,
588,yearbook_588,administrative_entity,南陳,county,ch_c0013,,ch_s0001,揚州,ch_p0002,南琅邪、彭城二郡,ch_c0013,臨沂,臨沂,臨沂,0,,,,0,1,,,0,unmapped,CHGIS 588未找到可采用的同名縣治點,,1363,465,,
588,yearbook_588,administrative_entity,南陳,prefecture,ch_p0003,32332,ch_s0001,揚州,ch_p0003,陳留郡,,,陳留郡,陳留郡,0,,,,0,1,119.4201890002684,30.894685988127122,1,seat,,CHGIS V6,1363,465,,
588,yearbook_588,administrative_entity,南陳,county,ch_c0014,41356,ch_s0001,揚州,ch_p0003,陳留郡,ch_c0014,石封,石封,石封,0,,,,0,0,119.4201890002684,30.894685988127122,1,seat,,CHGIS V6,1364,466,,
588,yearbook_588,administrative_entity,南陳,county,ch_c0015,40161,ch_s0001,揚州,ch_p0003,陳留郡,ch_c0015,故鄣,故鄣,故鄣,0,,,,0,0,119.60508099808786,30.90242098658171,1,seat,,CHGIS V6,1364,466,,
588,yearbook_588,administrative_entity,南陳,county,ch_c0016,,ch_s0001,揚州,ch_p0003,陳留郡,ch_c0016,廣德,廣德,廣德,0,,,,0,0,,,0,unmapped,CHGIS 588未找到可采用的同名縣治點,,1364,466,,
588,yearbook_588,administrative_entity,南陳,county,ch_c0017,40147,ch_s0001,揚州,ch_p0003,陳留郡,ch_c0017,安吉,安吉,安吉,0,,,,0,0,119.54862199960354,30.585385987357096,1,seat,,CHGIS V6,1364,466,,
588,yearbook_588,administrative_entity,南陳,state,ch_s0002,ch_s0002-seat,ch_s0002,吳州,,,,,吳州,吳州,0,,,,0,0,120.61862196466318,31.31270997478973,1,seat,,western-jin-yearbook＋CHGIS V6,1371,473,,
588,yearbook_588,administrative_entity,南陳,prefecture,ch_p0013,32059,ch_s0002,吳州,ch_p0013,吳郡,,,吳郡,吳郡,0,,,,0,0,120.61862196466318,31.31270997478973,1,seat,,CHGIS V6,1371,473,,
588,yearbook_588,administrative_entity,南陳,county,ch_c0073,40404,ch_s0002,吳州,ch_p0013,吳郡,ch_c0073,吳,吳,吳,0,,,,0,0,120.61862196466318,31.31270997478973,1,seat,,CHGIS V6,1371,473,,
588,yearbook_588,administrative_entity,南陳,county,ch_c0074,,ch_s0002,吳州,ch_p0013,吳郡,ch_c0074,婁,婁,婁,0,,,,0,0,,,0,unmapped,CHGIS 588未找到可采用的同名縣治點,,1371,473,,
588,yearbook_588,administrative_entity,南陳,county,ch_c0075,40054,ch_s0002,吳州,ch_p0013,吳郡,ch_c0075,嘉興,嘉興,嘉興,0,,,,0,0,120.75312596179018,30.745342973930224,1,seat,,CHGIS V6,1371,473,,
588,yearbook_588,administrative_entity,南陳,county,ch_c0076,,ch_s0002,吳州,ch_p0013,吳郡,ch_c0076,崑山,崑山,崑山,0,,,,0,0,,,0,unmapped,CHGIS 588未找到可采用的同名縣治點,,1371,473,,
588,yearbook_588,administrative_entity,南陳,county,ch_c0077,40112,ch_s0002,吳州,ch_p0013,吳郡,ch_c0077,鹽官,鹽官,鹽官,0,,,,0,0,120.5374989754672,30.40627997730978,1,seat,,CHGIS V6,1371,473,,
588,yearbook_588,administrative_entity,南陳,county,ch_c0078,,ch_s0002,吳州,ch_p0013,吳郡,ch_c0078,桐廬,桐廬,桐廬,0,,,,0,0,,,0,unmapped,CHGIS 588未找到可采用的同名縣治點,,1371,473,,
588,yearbook_588,administrative_entity,南陳,county,ch_c0079,40071,ch_s0002,吳州,ch_p0013,吳郡,ch_c0079,海鹽,海鹽,海鹽,0,,,,0,0,120.9320219523842,30.51785897181969,1,seat,,CHGIS V6,1371,473,,
588,yearbook_588,administrative_entity,南陳,prefecture,ch_p0014,32356,ch_s0002,吳州,ch_p0014,錢塘郡,,,錢塘郡,錢塘郡,0,,,,0,0,120.16862498905506,30.29412498176254,1,seat,,CHGIS V6,1371,473,,
588,yearbook_588,administrative_entity,南陳,county,ch_c0080,40078,ch_s0002,吳州,ch_p0014,錢塘郡,ch_c0080,錢塘,錢塘,錢塘,0,,,,0,0,120.16862498905506,30.29412498176254,1,seat,,CHGIS V6,1371,473,,
588,yearbook_588,administrative_entity,南陳,county,ch_c0081,40092,ch_s0002,吳州,ch_p0014,錢塘郡,ch_c0081,富陽,富陽,富陽,0,,,,0,0,119.94775399508578,30.053433984299023,1,seat,,CHGIS V6,1371,473,,
588,yearbook_588,administrative_entity,南陳,county,ch_c0082,40100,ch_s0002,吳州,ch_p0014,錢塘郡,ch_c0082,於潛,於潛,於潛,0,,,,0,0,119.39478300190807,30.192014988903512,1,seat,,CHGIS V6,1372,474,,
588,yearbook_588,administrative_entity,南陳,county,ch_c0083,40120,ch_s0002,吳州,ch_p0014,錢塘郡,ch_c0083,新城,新城,新城,0,,,,0,0,119.72395299894654,29.97099898643534,1,seat,,CHGIS V6,1372,474,,
588,yearbook_588,administrative_entity,南陳,prefecture,ch_p0015,32358,ch_s0002,吳州,ch_p0015,吳興郡,,,吳興郡,吳興郡,0,,,,0,0,120.0993119883639,30.864963981797544,1,seat,,CHGIS V6,1372,474,,
588,yearbook_588,administrative_entity,南陳,county,ch_c0084,40127,ch_s0002,吳州,ch_p0015,吳興郡,ch_c0084,烏程,烏程,烏程,0,,,,0,0,120.0993119883639,30.864963981797544,1,seat,,CHGIS V6,1372,474,,
588,yearbook_588,administrative_entity,南陳,county,ch_c0085,40134,ch_s0002,吳州,ch_p0015,吳興郡,ch_c0085,武康,武康,武康,0,,,,0,0,119.9640649929859,30.550452983588183,1,seat,,CHGIS V6,1372,474,,
588,yearbook_588,administrative_entity,南陳,county,ch_c0086,40131,ch_s0002,吳州,ch_p0015,吳興郡,ch_c0086,東遷,東遷,東遷,0,,,,0,0,120.35575098002224,30.86387597886589,1,seat,,CHGIS V6,1372,474,,
588,yearbook_588,administrative_entity,南陳,county,ch_c0087,40137,ch_s0002,吳州,ch_p0015,吳興郡,ch_c0087,長城,長城,長城,0,,,,0,0,119.91379899231558,31.012051983563513,1,seat,,CHGIS V6,1372,474,,
588,yearbook_588,administrative_entity,南陳,county,ch_c0088,40093,ch_s0002,吳州,ch_p0015,吳興郡,ch_c0088,臨安,臨安,臨安,0,,,,0,0,119.71657999812864,30.318826986167636,1,seat,,CHGIS V6,1372,474,,
588,yearbook_588,administrative_entity,南陳,county,ch_c0089,,ch_s0002,吳州,ch_p0015,吳興郡,ch_c0089,餘杭,餘杭,餘杭,0,,,,0,0,,,0,unmapped,CHGIS 588未找到可采用的同名縣治點,,1372,474,,
588,yearbook_588,administrative_entity,南陳,county,ch_c0090,40145,ch_s0002,吳州,ch_p0015,吳興郡,ch_c0090,原鄉,原鄉,原鄉,0,,,,0,0,119.65317599744031,30.89160498616888,1,seat,,CHGIS V6,1372,474,,
588,yearbook_588,administrative_entity,南陳,state,ch_s0003,30108,ch_s0003,東揚州,,,,,東揚州,東揚州,0,,,,0,0,120.57826206632897,30.004514994669723,1,seat,,CHGIS V4,1372,474,,
588,yearbook_588,administrative_entity,南陳,prefecture,ch_p0016,32280,ch_s0003,東揚州,ch_p0016,會稽郡,,,會稽郡,會稽郡,0,,,,0,0,120.57826197632139,30.004514977397015,1,seat,,CHGIS V6,1372,474,,
588,yearbook_588,administrative_entity,南陳,county,ch_c0091,40758,ch_s0003,東揚州,ch_p0016,會稽郡,ch_c0091,山陰,山陰,山陰,0,,,,0,0,120.57826197632139,30.004514977397015,1,seat,,CHGIS V6,1372,474,,
588,yearbook_588,administrative_entity,南陳,county,ch_c0092,70460,ch_s0003,東揚州,ch_p0016,會稽郡,ch_c0092,會稽,會稽,會稽,0,,,,0,0,97.51650404916583,39.823079873994885,1,seat,,CHGIS V6,1372,474,,
588,yearbook_588,administrative_entity,南陳,county,ch_c0093,40782,ch_s0003,東揚州,ch_p0016,會稽郡,ch_c0093,永興,永興,永興,0,,,,0,0,120.18833898907234,30.169282981704026,1,seat,,CHGIS V6,1372,474,,
588,yearbook_588,administrative_entity,南陳,county,ch_c0094,40772,ch_s0003,東揚州,ch_p0016,會稽郡,ch_c0094,上虞,上虞,上虞,0,,,,0,0,120.87674696069078,30.017283973468608,1,seat,,CHGIS V6,1372,474,,
588,yearbook_588,administrative_entity,南陳,county,ch_c0095,40776,ch_s0003,東揚州,ch_p0016,會稽郡,ch_c0095,始寧,始寧,始寧,0,,,,0,0,120.8498409644601,29.75947197425546,1,seat,,CHGIS V6,1372,474,,
588,yearbook_588,administrative_entity,南陳,county,ch_c0096,40737,ch_s0003,東揚州,ch_p0016,會稽郡,ch_c0096,句章,句章,句章,0,,,,0,0,121.35023492612905,29.775006966981493,1,seat,,CHGIS V6,1372,474,,
588,yearbook_588,administrative_entity,南陳,county,ch_c0097,,ch_s0003,東揚州,ch_p0016,會稽郡,ch_c0097,余姚,余姚,余姚,0,,,,0,0,,,0,unmapped,CHGIS 588未找到可采用的同名縣治點,,1373,475,,
588,yearbook_588,administrative_entity,南陳,county,ch_c0098,40755,ch_s0003,東揚州,ch_p0016,會稽郡,ch_c0098,鄞,鄞,鄞,0,,,,0,0,121.5529419054673,29.689517963959513,1,seat,,CHGIS V6,1373,475,,
588,yearbook_588,administrative_entity,南陳,county,ch_c0903,,ch_s0003,東揚州,ch_p0016,會稽郡,ch_c0903,鄮,鄮,鄮,0,,,,0,0,,,0,unmapped,CHGIS 588未找到可采用的同名縣治點,,1372,474,,
588,yearbook_588,administrative_entity,南陳,county,ch_c0904,40767,ch_s0003,東揚州,ch_p0016,會稽郡,ch_c0904,剡,剡,剡,0,,,,0,0,120.81527696773533,29.58748997498561,1,seat,,CHGIS V6,1372,474,,
588,yearbook_588,administrative_entity,南陳,county,ch_c0099,40791,ch_s0003,東揚州,ch_p0016,會稽郡,ch_c0099,諸暨,諸暨,諸暨,0,,,,0,0,120.22766098998817,29.71313698183544,1,seat,,CHGIS V6,1373,475,,
588,yearbook_588,administrative_entity,南陳,prefecture,ch_p0017,32256,ch_s0003,東揚州,ch_p0017,臨海郡,,,臨海郡,臨海郡,0,,,,0,0,121.41879293276551,28.713874967845783,1,seat,,CHGIS V6,1373,475,,
588,yearbook_588,administrative_entity,南陳,county,ch_c0100,40655,ch_s0003,東揚州,ch_p0017,臨海郡,ch_c0100,章安,章安,章安,0,,,,0,0,121.41879293276551,28.713874967845783,1,seat,,CHGIS V6,1373,475,,
588,yearbook_588,administrative_entity,南陳,county,ch_c0101,40672,ch_s0003,東揚州,ch_p0017,臨海郡,ch_c0101,樂安,樂安,樂安,0,,,,0,0,120.7334599767178,28.852206977091132,1,seat,,CHGIS V6,1373,475,,
588,yearbook_588,administrative_entity,南陳,county,ch_c0102,40657,ch_s0003,東揚州,ch_p0017,臨海郡,ch_c0102,臨海,臨海,臨海,0,,,,0,0,121.12059795525191,28.843131971982373,1,seat,,CHGIS V6,1373,475,,
588,yearbook_588,administrative_entity,南陳,county,ch_c0905,40659,ch_s0003,東揚州,ch_p0017,臨海郡,ch_c0905,寧海,寧海,寧海,0,,,,0,0,121.45593792222266,29.271109966300248,1,seat,,CHGIS V6,1373,475,,
588,yearbook_588,administrative_entity,南陳,county,ch_c0103,40664,ch_s0003,東揚州,ch_p0017,臨海郡,ch_c0103,始豐,始豐,始豐,0,,,,0,0,121.02655795891138,29.138257972830992,1,seat,,CHGIS V6,1373,475,,
588,yearbook_588,administrative_entity,南陳,prefecture,ch_p0018,32265,ch_s0003,東揚州,ch_p0018,新安郡,,,新安郡,新安郡,0,,,,0,0,118.96516500465302,29.612286992121195,1,seat,,CHGIS V6,1373,475,,
588,yearbook_588,administrative_entity,南陳,county,ch_c0104,40804,ch_s0003,東揚州,ch_p0018,新安郡,ch_c0104,始新,始新,始新,0,,,,0,0,118.96516500465302,29.612286992121195,1,seat,,CHGIS V6,1373,475,,
588,yearbook_588,administrative_entity,南陳,county,ch_c0105,40821,ch_s0003,東揚州,ch_p0018,新安郡,ch_c0105,遂安,遂安,遂安,0,,,,0,0,118.73839900499952,29.48077299340077,1,seat,,CHGIS V6,1373,475,,
588,yearbook_588,administrative_entity,南陳,county,ch_c0907,,ch_s0003,東揚州,ch_p0018,新安郡,ch_c0907,黟,黟,黟,0,,,,0,0,,,0,unmapped,CHGIS 588未找到可采用的同名縣治點,,1373,475,,
588,yearbook_588,administrative_entity,南陳,county,ch_c0106,41319,ch_s0003,東揚州,ch_p0018,新安郡,ch_c0106,歙,歙,歙,0,,,,0,0,118.4339450047132,29.865769994628593,1,seat,,CHGIS V6,1373,475,,
588,yearbook_588,administrative_entity,南陳,county,ch_c0107,40817,ch_s0003,東揚州,ch_p0018,新安郡,ch_c0107,壽昌,壽昌,壽昌,0,,,,0,0,119.0953240046328,29.307031991535695,1,seat,,CHGIS V6,1373,475,,
588,yearbook_588,administrative_entity,南陳,county,ch_c0108,41327,ch_s0003,東揚州,ch_p0018,新安郡,ch_c0108,海寧,海寧,海寧,0,,,,1,0,118.22474700451399,29.782716995486314,1,seat,,CHGIS V6,1373,475,,
588,yearbook_588,administrative_entity,南陳,prefecture,ch_p0019,32267,ch_s0003,東揚州,ch_p0019,東陽郡,,,東陽郡,東陽郡,0,,,,0,0,119.64991800169877,29.104711987812923,1,seat,,CHGIS V6,1373,475,,
588,yearbook_588,administrative_entity,南陳,county,ch_c0109,40703,ch_s0003,東揚州,ch_p0019,東陽郡,ch_c0109,長山,長山,長山,0,,,,0,0,119.64991800169877,29.104711987812923,1,seat,,CHGIS V6,1373,475,,
588,yearbook_588,administrative_entity,南陳,county,ch_c0110,40638,ch_s0003,東揚州,ch_p0019,東陽郡,ch_c0110,太末,太末,太末,0,,,,0,0,119.17237900467323,29.034787991230512,1,seat,,CHGIS V6,1373,475,,
588,yearbook_588,administrative_entity,南陳,county,ch_c0111,40719,ch_s0003,東揚州,ch_p0019,東陽郡,ch_c0111,烏傷,烏傷,烏傷,0,,,,0,0,120.07162499514418,29.300086983895575,1,seat,,CHGIS V6,1374,476,,
588,yearbook_588,administrative_entity,南陳,county,ch_c0112,40726,ch_s0003,東揚州,ch_p0019,東陽郡,ch_c0112,永康,永康,永康,0,,,,0,0,120.02525299721118,28.89726798474842,1,seat,,CHGIS V6,1374,476,,
588,yearbook_588,administrative_entity,南陳,county,ch_c0113,40801,ch_s0003,東揚州,ch_p0019,東陽郡,ch_c0113,建德,建德,建德,0,,,,0,0,119.49885600224023,29.544480988632248,1,seat,,CHGIS V6,1374,476,,
588,yearbook_588,administrative_entity,南陳,county,ch_c0114,40716,ch_s0003,東揚州,ch_p0019,東陽郡,ch_c0114,豐安,豐安,豐安,0,,,,0,0,119.87135399819533,29.453971985623134,1,seat,,CHGIS V6,1374,476,,
588,yearbook_588,administrative_entity,南陳,county,ch_c0115,40646,ch_s0003,東揚州,ch_p0019,東陽郡,ch_c0115,信安,信安,信安,0,,,,0,0,118.86795000527789,28.92895199301548,1,seat,,CHGIS V6,1374,476,,
588,yearbook_588,administrative_entity,南陳,county,ch_c0116,40624,ch_s0003,東揚州,ch_p0019,東陽郡,ch_c0116,定陽,定陽,定陽,0,,,,0,0,118.60101300527836,28.81626499433915,1,seat,,CHGIS V6,1374,476,,
588,yearbook_588,administrative_entity,南陳,county,ch_c0117,,ch_s0003,東揚州,ch_p0019,東陽郡,ch_c0117,武義,武義,武義,0,,,,0,0,,,0,unmapped,CHGIS 588未找到可采用的同名縣治點,,1374,476,,
588,yearbook_588,administrative_entity,南陳,prefecture,ch_p0020,32276,ch_s0003,東揚州,ch_p0020,永嘉郡,,,永嘉郡,永嘉郡,0,,,,0,0,120.65322098422614,28.018290979093624,1,seat,,CHGIS V6,1374,476,,
588,yearbook_588,administrative_entity,南陳,county,ch_c0118,40699,ch_s0003,東揚州,ch_p0020,永嘉郡,ch_c0118,永寧,永寧,永寧,0,,,,0,0,120.65322098422614,28.018290979093624,1,seat,,CHGIS V6,1374,476,,
588,yearbook_588,administrative_entity,南陳,county,ch_c0119,40691,ch_s0003,東揚州,ch_p0020,永嘉郡,ch_c0119,安固,安固,安固,0,,,,0,0,120.63069098596203,27.790511979609743,1,seat,,CHGIS V6,1374,476,,
588,yearbook_588,administrative_entity,南陳,county,ch_c0120,40610,ch_s0003,東揚州,ch_p0020,永嘉郡,ch_c0120,松陽,松陽,松陽,0,,,,0,0,119.40692100426715,28.53122899003023,1,seat,,CHGIS V6,1374,476,,
588,yearbook_588,administrative_entity,南陳,county,ch_c0121,40677,ch_s0003,東揚州,ch_p0020,永嘉郡,ch_c0121,樂成,樂成,樂成,0,,,,0,0,120.95768697040697,28.13067597520028,1,seat,,CHGIS V6,1374,476,,
588,yearbook_588,administrative_entity,南陳,county,ch_c0122,40682,ch_s0003,東揚州,ch_p0020,永嘉郡,ch_c0122,橫陽,橫陽,橫陽,0,,,,0,0,120.55644198874914,27.675717980569566,1,seat,,CHGIS V6,1374,476,,
588,yearbook_588,administrative_entity,南陳,state,ch_s0005,30026,ch_s0005,豐州,,,,,豐州,豐州,0,,,,0,0,119.3215770201562,26.073953997614165,1,seat,,CHGIS V4,1376,478,,
588,yearbook_588,administrative_entity,南陳,prefecture,ch_p0026,32057,ch_s0005,豐州,ch_p0026,晉安郡,,,晉安郡,晉安郡,0,,,,0,0,119.32157700574592,26.07395399194077,1,seat,,CHGIS V6,1376,478,,
588,yearbook_588,administrative_entity,南陳,county,ch_c0143,,ch_s0005,豐州,ch_p0026,晉安郡,ch_c0143,東候官,東候官,東候官,0,,,,0,0,,,0,unmapped,CHGIS 588未找到可采用的同名縣治點,,1376,478,,
588,yearbook_588,administrative_entity,南陳,county,ch_c0144,40166,ch_s0005,豐州,ch_p0026,晉安郡,ch_c0144,侯官,侯官,侯官,0,,,,0,0,119.32157700574592,26.07395399194077,1,seat,,CHGIS V6,1376,478,,
588,yearbook_588,administrative_entity,南陳,county,ch_c0145,40214,ch_s0005,豐州,ch_p0026,晉安郡,ch_c0145,溫麻,溫麻,溫麻,0,,,,0,0,120.01265300140132,26.811345986634603,1,seat,,CHGIS V6,1376,478,,
588,yearbook_588,administrative_entity,南陳,prefecture,ch_p0027,32035,ch_s0005,豐州,ch_p0027,建安郡,,,建安郡,建安郡,0,,,,0,0,118.32378400502766,27.03886399599987,1,seat,,CHGIS V6,1376,478,,
588,yearbook_588,administrative_entity,南陳,county,ch_c0146,40228,ch_s0005,豐州,ch_p0027,建安郡,ch_c0146,建安,建安,建安,0,,,,0,0,118.32378400502766,27.03886399599987,1,seat,,CHGIS V6,1376,478,,
588,yearbook_588,administrative_entity,南陳,county,ch_c0147,40243,ch_s0005,豐州,ch_p0027,建安郡,ch_c0147,吳興,吳興,吳興,0,,,,0,0,118.53625500541654,27.924685994951915,1,seat,,CHGIS V6,1377,479,,
588,yearbook_588,administrative_entity,南陳,county,ch_c0148,40310,ch_s0005,豐州,ch_p0027,建安郡,ch_c0148,將樂,將樂,將樂,0,,,,0,0,117.45501700296327,26.720820998176574,1,seat,,CHGIS V6,1377,479,,
588,yearbook_588,administrative_entity,南陳,county,ch_c0149,40237,ch_s0005,豐州,ch_p0027,建安郡,ch_c0149,建陽,建陽,建陽,0,,,,0,0,118.08625700452208,27.45958899661786,1,seat,,CHGIS V6,1377,479,,
588,yearbook_588,administrative_entity,南陳,county,ch_c0150,40268,ch_s0005,豐州,ch_p0027,建安郡,ch_c0150,邵武,邵武,邵武,0,,,,0,0,117.4833980031015,27.337691998038252,1,seat,,CHGIS V6,1377,479,,
588,yearbook_588,administrative_entity,南陳,county,ch_c0151,40275,ch_s0005,豐州,ch_p0027,建安郡,ch_c0151,綏城,綏城,綏城,0,,,,0,0,116.66783900152761,26.83066599916654,1,seat,,CHGIS V6,1377,479,,
588,yearbook_588,administrative_entity,南陳,county,ch_c0152,40314,ch_s0005,豐州,ch_p0027,建安郡,ch_c0152,沙村,沙村,沙村,0,,,,0,0,117.82266300375312,26.39124199750807,1,seat,,CHGIS V6,1377,479,,
588,yearbook_588,administrative_entity,南陳,prefecture,ch_p0028,32078,ch_s0005,豐州,ch_p0028,南安郡,,,南安郡,南安郡,0,,,,0,0,118.53784900490622,24.953763995837587,1,seat,,CHGIS V6,1377,479,,
588,yearbook_588,administrative_entity,南陳,county,ch_c0153,40255,ch_s0005,豐州,ch_p0028,南安郡,ch_c0153,晉安,晉安,晉安,0,,,,0,0,118.53784900490622,24.953763995837587,1,seat,,CHGIS V6,1377,479,,
588,yearbook_588,administrative_entity,南陳,county,ch_c0154,40327,ch_s0005,豐州,ch_p0028,南安郡,ch_c0154,龍溪,龍溪,龍溪,0,,,,0,0,117.67615500290233,24.46686499808547,1,seat,,CHGIS V6,1377,479,,
588,yearbook_588,administrative_entity,南陳,county,ch_c0155,40333,ch_s0005,豐州,ch_p0028,南安郡,ch_c0155,蘭水,蘭水,蘭水,0,,,,0,0,117.50569200259814,24.572993998357024,1,seat,,CHGIS V6,1377,479,,
588,yearbook_588,administrative_entity,南陳,county,ch_c0156,40329,ch_s0005,豐州,ch_p0028,南安郡,ch_c0156,綏安,綏安,綏安,0,,,,0,0,117.31320900202405,23.804128998703334,1,seat,,CHGIS V6,1377,479,,
588,yearbook_588,administrative_entity,南陳,state,ch_s0006,30061,ch_s0006,南徐州,,,,,南徐州,南徐州,0,,,,1,0,119.5149920277341,32.19528999847986,1,seat,,CHGIS V4,1378,480,,
588,yearbook_588,administrative_entity,南陳,prefecture,ch_p0029,32371,ch_s0006,南徐州,ch_p0029,東海郡,,,東海郡,東海郡,0,,,,0,1,119.56985499540016,31.995801985805386,1,seat,,CHGIS V6,1378,480,,
588,yearbook_588,administrative_entity,南陳,county,ch_c0157,85650,ch_s0006,南徐州,ch_p0029,東海郡,ch_c0157,郯,郯,郯,0,,,,0,1,118.33996900093378,34.63707299285449,1,seat,,CHGIS V6,1378,480,,
588,yearbook_588,administrative_entity,南陳,county,ch_c0158,40568,ch_s0006,南徐州,ch_p0029,東海郡,ch_c0158,丹徒,丹徒,丹徒,0,,,,0,0,119.5149919956565,32.19528998610307,1,seat,,CHGIS V6,1378,480,,
588,yearbook_588,administrative_entity,南陳,county,ch_c0159,40455,ch_s0006,南徐州,ch_p0029,東海郡,ch_c0159,蘭陵,蘭陵,蘭陵,0,,,,0,0,119.80053399087181,32.013219983540594,1,seat,,CHGIS V6,1378,480,,
588,yearbook_588,administrative_entity,南陳,county,ch_c0160,40575,ch_s0006,南徐州,ch_p0029,東海郡,ch_c0160,曲阿,曲阿,曲阿,0,,,,0,0,119.56985499540016,31.995801985805386,1,seat,,CHGIS V6,1378,480,,
588,yearbook_588,administrative_entity,南陳,prefecture,ch_p0030,32375,ch_s0006,南徐州,ch_p0030,晉陵郡,,,晉陵郡,晉陵郡,0,,,,0,0,119.95230098812527,31.7827839822241,1,seat,,CHGIS V6,1378,480,,
588,yearbook_588,administrative_entity,南陳,county,ch_c0161,40452,ch_s0006,南徐州,ch_p0030,晉陵郡,ch_c0161,晉陵,晉陵,晉陵,0,,,,0,0,119.95230098812527,31.7827839822241,1,seat,,CHGIS V6,1378,480,,
588,yearbook_588,administrative_entity,南陳,county,ch_c0162,40577,ch_s0006,南徐州,ch_p0030,晉陵郡,ch_c0162,延陵,延陵,延陵,0,,,,0,0,119.47828699711454,31.88237398674049,1,seat,,CHGIS V6,1378,480,,
588,yearbook_588,administrative_entity,南陳,county,ch_c0163,40445,ch_s0006,南徐州,ch_p0030,晉陵郡,ch_c0163,無錫,無錫,無錫,0,,,,0,0,120.29766797790674,31.57461397852288,1,seat,,CHGIS V6,1378,480,,
588,yearbook_588,administrative_entity,南陳,county,ch_c0164,,ch_s0006,南徐州,ch_p0030,晉陵郡,ch_c0164,暨陽,暨陽,暨陽,0,,,,0,0,,,0,unmapped,CHGIS 588未找到可采用的同名縣治點,,1378,480,,
588,yearbook_588,administrative_entity,南陳,prefecture,ch_p0031,32351,ch_s0006,南徐州,ch_p0031,義興郡,,,義興郡,義興郡,0,,,,0,0,119.81562399310103,31.353705984153752,1,seat,,CHGIS V6,1379,481,,
588,yearbook_588,administrative_entity,南陳,county,ch_c0165,40463,ch_s0006,南徐州,ch_p0031,義興郡,ch_c0165,陽羨,陽羨,陽羨,0,,,,0,0,119.81562399310103,31.353705984153752,1,seat,,CHGIS V6,1379,481,,
588,yearbook_588,administrative_entity,南陳,county,ch_c0166,40464,ch_s0006,南徐州,ch_p0031,義興郡,ch_c0166,臨津,臨津,臨津,0,,,,0,0,119.68987599514017,31.449557985261364,1,seat,,CHGIS V6,1379,481,,
588,yearbook_588,administrative_entity,南陳,county,ch_c0167,,ch_s0006,南徐州,ch_p0031,義興郡,ch_c0167,義興,義興,義興,0,,,,0,0,,,0,unmapped,CHGIS 588未找到可采用的同名縣治點,,1379,481,,
588,yearbook_588,administrative_entity,南陳,county,ch_c0168,40467,ch_s0006,南徐州,ch_p0031,義興郡,ch_c0168,國山,國山,國山,0,,,,0,0,119.71334899520416,31.3057809851934,1,seat,,CHGIS V6,1379,481,,
588,yearbook_588,administrative_entity,南陳,prefecture,ch_p0032,32042,ch_s0006,南徐州,ch_p0032,江陰郡,,,江陰郡,江陰郡,0,,,,0,0,120.26608997704696,31.90876997840655,1,seat,,CHGIS V6,1379,481,,
588,yearbook_588,administrative_entity,南陳,county,ch_c0169,40434,ch_s0006,南徐州,ch_p0032,江陰郡,ch_c0169,江陰,江陰,江陰,0,,,,0,0,120.26608997704696,31.90876997840655,1,seat,,CHGIS V6,1379,481,,
588,yearbook_588,administrative_entity,南陳,county,ch_c0170,40431,ch_s0006,南徐州,ch_p0032,江陰郡,ch_c0170,利城,利城,利城,0,,,,0,0,120.04532498499239,31.880887981065957,1,seat,,CHGIS V6,1379,481,,
588,yearbook_588,administrative_entity,南陳,county,ch_c0171,40433,ch_s0006,南徐州,ch_p0032,江陰郡,ch_c0171,梁豐,梁豐,梁豐,0,,,,0,0,120.54328896428457,31.857282974871413,1,seat,,CHGIS V6,1379,481,,
588,yearbook_588,administrative_entity,南陳,prefecture,ch_p0033,,ch_s0006,南徐州,ch_p0033,信義郡,,,信義郡,信義郡,0,,,,0,0,,,0,unmapped,CHGIS 588未找到可采用的同名郡治点,,1379,481,,
588,yearbook_588,administrative_entity,南陳,county,ch_c0172,40421,ch_s0006,南徐州,ch_p0033,信義郡,ch_c0172,南沙,南沙,南沙,0,,,,0,0,120.70906795488551,31.792619972656723,1,seat,,CHGIS V6,1380,482,,
588,yearbook_588,administrative_entity,南陳,county,ch_c0173,40418,ch_s0006,南徐州,ch_p0033,信義郡,ch_c0173,信義,信義,信義,0,,,,0,0,120.85856594881237,31.373189971279082,1,seat,,CHGIS V6,1380,482,,
588,yearbook_588,administrative_entity,南陳,county,ch_c0174,40417,ch_s0006,南徐州,ch_p0033,信義郡,ch_c0174,海陽,海陽,海陽,0,,,,0,0,120.92116394005785,31.72676696962931,1,seat,,CHGIS V6,1380,482,,
588,yearbook_588,administrative_entity,南陳,county,ch_c0175,40422,ch_s0006,南徐州,ch_p0033,信義郡,ch_c0175,前京,前京,前京,0,,,,0,0,121.41493690562787,30.702260964016727,1,seat,,CHGIS V6,1380,482,,
588,yearbook_588,administrative_entity,南陳,county,ch_c0176,40419,ch_s0006,南徐州,ch_p0033,信義郡,ch_c0176,海虞,海虞,海虞,0,,,,0,0,120.73378795467886,31.64658197257547,1,seat,,CHGIS V6,1380,482,,
588,yearbook_588,administrative_entity,南陳,county,ch_c0177,,ch_s0006,南徐州,ch_p0033,信義郡,ch_c0177,興國,興國,興國,0,,,,0,0,,,0,unmapped,CHGIS 588未找到可采用的同名縣治點,,1380,482,,
588,yearbook_588,administrative_entity,南陳,county,ch_c0178,40378,ch_s0006,南徐州,ch_p0033,信義郡,ch_c0178,常熟,常熟,常熟,0,,,,0,0,120.6923869583404,31.53992697336411,1,seat,,CHGIS V6,1380,482,,
588,yearbook_588,administrative_entity,南陳,state,ch_s0007,30066,ch_s0007,南豫州,,,,,南豫州,南豫州,0,,,,1,0,118.7425000138833,30.94694099917732,1,seat,,CHGIS V4,1380,482,,
588,yearbook_588,administrative_entity,南陳,prefecture,ch_p0034,33535,ch_s0007,南豫州,ch_p0034,淮南郡,,,淮南郡,淮南郡,0,,,,0,1,118.45684000376676,31.426514993843192,1,seat,,CHGIS V6,1380,482,,
588,yearbook_588,administrative_entity,南陳,county,ch_c0179,41365,ch_s0007,南豫州,ch_p0034,淮南郡,ch_c0179,於湖,於湖,於湖,0,,,,0,0,118.45684000376676,31.426514993843192,1,seat,,CHGIS V6,1381,483,,
588,yearbook_588,administrative_entity,南陳,county,ch_c0180,,ch_s0007,南豫州,ch_p0034,淮南郡,ch_c0180,西鄉,西鄉,西鄉,0,,,,0,0,,,0,unmapped,CHGIS 588未找到可采用的同名縣治點,,1381,483,,
588,yearbook_588,administrative_entity,南陳,county,ch_c0181,41371,ch_s0007,南豫州,ch_p0034,淮南郡,ch_c0181,繁昌,繁昌,繁昌,0,,,,0,1,118.17478200389235,31.19104199517126,1,seat,,CHGIS V6,1381,483,,
588,yearbook_588,administrative_entity,南陳,county,ch_c0182,41317,ch_s0007,南豫州,ch_p0034,淮南郡,ch_c0182,當塗,當塗,當塗,0,,,,0,1,118.36799300415082,30.879165994493114,1,seat,,CHGIS V6,1381,483,,
588,yearbook_588,administrative_entity,南陳,county,ch_c0183,41369,ch_s0007,南豫州,ch_p0034,淮南郡,ch_c0183,襄垣,襄垣,襄垣,0,,,,0,1,118.3626180038678,31.334948994322072,1,seat,,CHGIS V6,1381,483,,
588,yearbook_588,administrative_entity,南陳,prefecture,ch_p0035,32638,ch_s0007,南豫州,ch_p0035,宣城郡,,,宣城郡,宣城郡,0,,,,0,0,118.74250000382364,30.94694099261783,1,seat,,CHGIS V6,1381,483,,
588,yearbook_588,administrative_entity,南陳,county,ch_c0184,41302,ch_s0007,南豫州,ch_p0035,宣城郡,ch_c0184,宛陵,宛陵,宛陵,0,,,,0,0,118.74250000382364,30.94694099261783,1,seat,,CHGIS V6,1381,483,,
588,yearbook_588,administrative_entity,南陳,county,ch_c0185,,ch_s0007,南豫州,ch_p0035,宣城郡,ch_c0185,寧國,寧國,寧國,0,,,,0,0,,,0,unmapped,CHGIS 588未找到可采用的同名縣治點,,1381,483,,
588,yearbook_588,administrative_entity,南陳,county,ch_c0186,,ch_s0007,南豫州,ch_p0035,宣城郡,ch_c0186,宣城,宣城,宣城,0,,,,0,0,,,0,unmapped,CHGIS 588未找到可采用的同名縣治點,,1381,483,,
588,yearbook_588,administrative_entity,南陳,county,ch_c0187,41349,ch_s0007,南豫州,ch_p0035,宣城郡,ch_c0187,石埭,石埭,石埭,0,,,,0,0,117.46669800306591,30.207768997580253,1,seat,,CHGIS V6,1381,483,,
588,yearbook_588,administrative_entity,南陳,county,ch_c0188,41314,ch_s0007,南豫州,ch_p0035,宣城郡,ch_c0188,安吳,安吳,安吳,0,,,,0,0,118.25991100424179,30.5902009950596,1,seat,,CHGIS V6,1381,483,,
588,yearbook_588,administrative_entity,南陳,county,ch_c0189,41313,ch_s0007,南豫州,ch_p0035,宣城郡,ch_c0189,涇,涇,涇,0,,,,0,0,118.4065860042724,30.686709994405373,1,seat,,CHGIS V6,1381,483,,
588,yearbook_588,administrative_entity,南陳,county,ch_c0190,96051,ch_s0007,南豫州,ch_p0035,宣城郡,ch_c0190,廣陽,廣陽,廣陽,0,,,,0,0,103.84887699637238,31.681813995081118,1,seat,,CHGIS V6,1382,484,,
588,yearbook_588,administrative_entity,南陳,county,ch_c0191,41306,ch_s0007,南豫州,ch_p0035,宣城郡,ch_c0191,懷安,懷安,懷安,0,,,,0,0,119.11209900321481,30.46415699068784,1,seat,,CHGIS V6,1382,484,,
588,yearbook_588,administrative_entity,南陳,county,ch_c0192,,ch_s0007,南豫州,ch_p0035,宣城郡,ch_c0192,逸遒,逸遒,逸遒,0,,,,0,1,,,0,unmapped,CHGIS 588未找到可采用的同名縣治點,,1382,484,,
588,yearbook_588,administrative_entity,南陳,state,ch_s0008,,ch_s0008,北江州,,,,,北江州,北江州,0,,,,1,0,,,0,unmapped,CHGIS 588未找到可唯一采用的同名州治点,,1383,485,,
588,yearbook_588,administrative_entity,南陳,prefecture,ch_p0039,32469,ch_s0008,北江州,ch_p0039,南陵郡,,,南陵郡,南陵郡,0,,,,0,0,118.0410000037838,31.171690995682347,1,seat,,CHGIS V6,1383,485,,
588,yearbook_588,administrative_entity,南陳,county,ch_c0195,41340,ch_s0008,北江州,ch_p0039,南陵郡,ch_c0195,南陵,南陵,南陵,0,,,,0,0,118.0410000037838,31.171690995682347,1,seat,,CHGIS V6,1383,485,,
588,yearbook_588,administrative_entity,南陳,county,ch_c0196,41345,ch_s0008,北江州,ch_p0039,南陵郡,ch_c0196,臨城,臨城,臨城,0,,,,0,0,117.85781000371205,30.617897996459362,1,seat,,CHGIS V6,1383,485,,
588,yearbook_588,administrative_entity,南陳,county,ch_c0197,41341,ch_s0008,北江州,ch_p0039,南陵郡,ch_c0197,石城,石城,石城,0,,,,0,0,117.22762300259274,30.482547998023666,1,seat,,CHGIS V6,1383,485,,
588,yearbook_588,administrative_entity,南陳,county,ch_c0198,41353,ch_s0008,北江州,ch_p0039,南陵郡,ch_c0198,定陵,定陵,定陵,0,,,,0,1,117.95119500382802,30.721427996134107,1,seat,,CHGIS V6,1383,485,,
588,yearbook_588,administrative_entity,南陳,county,ch_c0199,,ch_s0008,北江州,ch_p0039,南陵郡,ch_c0199,故治,故治,故治,0,,,,0,0,,,0,unmapped,CHGIS 588未找到可采用的同名縣治點,,1383,485,,
588,yearbook_588,administrative_entity,南陳,state,ch_s0010,34476,ch_s0010,江州,,,,,江州,江州,0,,,,0,0,110.80169699999999,30.452593,1,seat,,CHGIS V6,1384,486,,
588,yearbook_588,administrative_entity,南陳,prefecture,ch_p0041,32601,ch_s0010,江州,ch_p0041,尋陽郡,,,尋陽郡,尋陽郡,0,,,,0,0,115.94367300080019,29.641568999539228,1,seat,,CHGIS V6,1385,487,,
588,yearbook_588,administrative_entity,南陳,county,ch_c0206,41145,ch_s0010,江州,ch_p0041,尋陽郡,ch_c0206,柴桑,柴桑,柴桑,0,,,,0,0,115.94367300080019,29.641568999539228,1,seat,,CHGIS V6,1385,487,,
588,yearbook_588,administrative_entity,南陳,county,ch_c0207,41236,ch_s0010,江州,ch_p0041,尋陽郡,ch_c0207,汝南,汝南,汝南,0,,,,0,1,115.95586800081156,29.666966999531304,1,seat,,CHGIS V6,1385,487,,
588,yearbook_588,administrative_entity,南陳,county,ch_c0208,,ch_s0010,江州,ch_p0041,尋陽郡,ch_c0208,上甲,上甲,上甲,0,,,,0,0,,,0,unmapped,CHGIS 588未找到可采用的同名縣治點,,1385,487,,
588,yearbook_588,administrative_entity,南陳,county,ch_c0209,42784,ch_s0010,江州,ch_p0041,尋陽郡,ch_c0209,龍城,龍城,龍城,0,,,,0,0,116.92396700168813,34.205475998031396,1,seat,,CHGIS V6,1385,487,,
588,yearbook_588,administrative_entity,南陳,prefecture,ch_p0042,32613,ch_s0010,江州,ch_p0042,鄱陽郡,,,鄱陽郡,鄱陽郡,0,,,,1,0,116.6638330016466,28.994166999009447,1,seat,,CHGIS V6,1385,487,,
588,yearbook_588,administrative_entity,南陳,county,ch_c0210,41166,ch_s0010,江州,ch_p0042,鄱陽郡,ch_c0210,鄱陽,鄱陽,鄱陽,0,,,,1,0,116.6638330016466,28.994166999009447,1,seat,,CHGIS V6,1385,487,,
588,yearbook_588,administrative_entity,南陳,county,ch_c0211,41202,ch_s0010,江州,ch_p0042,鄱陽郡,ch_c0211,葛陽,葛陽,葛陽,0,,,,1,0,117.42131100303342,28.401875997989766,1,seat,,CHGIS V6,1385,487,,
588,yearbook_588,administrative_entity,南陳,county,ch_c0212,41175,ch_s0010,江州,ch_p0042,鄱陽郡,ch_c0212,銀城,銀城,銀城,0,,,,1,0,117.94197000414785,29.112040996614432,1,seat,,CHGIS V6,1385,487,,
588,yearbook_588,administrative_entity,南陳,county,ch_c0213,,ch_s0010,江州,ch_p0042,鄱陽郡,ch_c0213,余乾,余乾,余乾,0,,,,1,0,,,0,unmapped,CHGIS 588未找到可采用的同名縣治點,,1385,487,,
588,yearbook_588,administrative_entity,南陳,county,ch_c0214,41199,ch_s0010,江州,ch_p0042,鄱陽郡,ch_c0214,上饒,上饒,上饒,0,,,,1,0,117.96489000425038,28.45069099671719,1,seat,,CHGIS V6,1385,487,,
588,yearbook_588,administrative_entity,南陳,county,ch_c0215,41189,ch_s0010,江州,ch_p0042,鄱陽郡,ch_c0215,安仁,安仁,安仁,0,,,,1,0,116.90325900201573,28.40442999878858,1,seat,,CHGIS V6,1385,487,,
588,yearbook_588,administrative_entity,南陳,prefecture,ch_p0043,32600,ch_s0010,江州,ch_p0043,太原郡,,,太原郡,太原郡,0,,,,0,1,116.23218600109044,29.584999999354505,1,seat,,CHGIS V6,1385,487,,
588,yearbook_588,administrative_entity,南陳,county,ch_c0216,41154,ch_s0010,江州,ch_p0043,太原郡,ch_c0216,彭澤,彭澤,彭澤,0,,,,0,0,116.23218600109044,29.584999999354505,1,seat,,CHGIS V6,1385,487,,
588,yearbook_588,administrative_entity,南陳,county,ch_c0217,41237,ch_s0010,江州,ch_p0043,太原郡,ch_c0217,晉陽,晉陽,晉陽,0,,,,0,1,116.96776900214037,30.348390998484433,1,seat,,CHGIS V6,1387,489,,
588,yearbook_588,administrative_entity,南陳,county,ch_c0218,41238,ch_s0010,江州,ch_p0043,太原郡,ch_c0218,和城,和城,和城,0,,,,0,1,116.91141500204917,30.21321699858381,1,seat,,CHGIS V6,1387,489,,
588,yearbook_588,administrative_entity,南陳,county,ch_c0219,41239,ch_s0010,江州,ch_p0043,太原郡,ch_c0219,天水,天水,天水,0,,,,0,1,116.73696600177107,29.82016999885427,1,seat,,CHGIS V6,1387,489,,
588,yearbook_588,administrative_entity,南陳,prefecture,ch_p_qiao_gaotang,,ch_s0010,江州,ch_p_qiao_gaotang,高唐郡,,,高唐郡,高唐郡,0,,,,0,1,,,0,unmapped,CHGIS 588未找到可采用的同名郡治点,,1555,657,,
588,yearbook_588,administrative_entity,南陳,prefecture,ch_p0044,32583,ch_s0010,江州,ch_p0044,豫章郡,,,豫章郡,豫章郡,0,,,,0,0,115.89772000073947,28.674895999599205,1,seat,,CHGIS V6,1387,489,,
588,yearbook_588,administrative_entity,南陳,county,ch_c0220,41092,ch_s0010,江州,ch_p0044,豫章郡,ch_c0220,南昌,南昌,南昌,0,,,,0,0,115.89772000073947,28.674895999599205,1,seat,,CHGIS V6,1387,489,,
588,yearbook_588,administrative_entity,南陳,county,ch_c0221,41217,ch_s0010,江州,ch_p0044,豫章郡,ch_c0221,建城,建城,建城,0,,,,0,0,115.3722760003826,28.425597999802687,1,seat,,CHGIS V6,1387,489,,
588,yearbook_588,administrative_entity,南陳,county,ch_c0222,41221,ch_s0010,江州,ch_p0044,豫章郡,ch_c0222,望蔡,望蔡,望蔡,0,,,,0,0,114.92675000020277,28.24136899989875,1,seat,,CHGIS V6,1387,489,,
588,yearbook_588,administrative_entity,南陳,county,ch_c0223,40959,ch_s0010,江州,ch_p0044,豫章郡,ch_c0223,吳平,吳平,吳平,0,,,,0,0,115.16020300027877,27.910504999860535,1,seat,,CHGIS V6,1387,489,,
588,yearbook_588,administrative_entity,南陳,county,ch_c0224,40976,ch_s0010,江州,ch_p0044,豫章郡,ch_c0224,康樂,康樂,康樂,0,,,,0,0,114.55339800011342,28.29543899994442,1,seat,,CHGIS V6,1387,489,,
588,yearbook_588,administrative_entity,南陳,county,ch_c0225,,ch_s0010,江州,ch_p0044,豫章郡,ch_c0225,宜豐,宜豐,宜豐,0,,,,0,0,,,0,unmapped,CHGIS 588未找到可采用的同名縣治點,,1387,489,,
588,yearbook_588,administrative_entity,南陳,county,ch_c0226,41108,ch_s0010,江州,ch_p0044,豫章郡,ch_c0226,鐘陵,鐘陵,鐘陵,0,,,,0,0,116.2590710010877,28.364484999399522,1,seat,,CHGIS V6,1387,489,,
588,yearbook_588,administrative_entity,南陳,prefecture,ch_p0045,32540,ch_s0010,江州,ch_p0045,廬陵郡,,,廬陵郡,廬陵郡,0,,,,0,0,115.13931400026073,27.33241499987153,1,seat,,CHGIS V6,1387,489,,
588,yearbook_588,administrative_entity,南陳,county,ch_c0227,40886,ch_s0010,江州,ch_p0045,廬陵郡,ch_c0227,石陽,石陽,石陽,0,,,,0,0,115.13931400026073,27.33241499987153,1,seat,,CHGIS V6,1388,490,,
588,yearbook_588,administrative_entity,南陳,county,ch_c0228,40898,ch_s0010,江州,ch_p0045,廬陵郡,ch_c0228,吉陽,吉陽,吉陽,0,,,,0,0,115.09071900024544,27.462800999879022,1,seat,,CHGIS V6,1388,490,,
588,yearbook_588,administrative_entity,南陳,county,ch_c0229,40957,ch_s0010,江州,ch_p0045,廬陵郡,ch_c0229,巴丘,巴丘,巴丘,0,,,,0,0,115.14727800026769,27.55368799986744,1,seat,,CHGIS V6,1388,490,,
588,yearbook_588,administrative_entity,南陳,county,ch_c0230,,ch_s0010,江州,ch_p0045,廬陵郡,ch_c0230,高昌,高昌,高昌,0,,,,0,0,,,0,unmapped,CHGIS 588未找到可采用的同名縣治點,,1388,490,,
588,yearbook_588,administrative_entity,南陳,county,ch_c0231,40920,ch_s0010,江州,ch_p0045,廬陵郡,ch_c0231,遂興,遂興,遂興,0,,,,0,0,114.72570700013031,26.487400999937186,1,seat,,CHGIS V6,1388,490,,
588,yearbook_588,administrative_entity,南陳,county,ch_c0232,40900,ch_s0010,江州,ch_p0045,廬陵郡,ch_c0232,陽豐,陽豐,陽豐,0,,,,0,0,115.51702900042996,27.15916399978489,1,seat,,CHGIS V6,1388,490,,
588,yearbook_588,administrative_entity,南陳,county,ch_c0233,40938,ch_s0010,江州,ch_p0045,廬陵郡,ch_c0233,東昌,東昌,東昌,0,,,,0,0,115.03003000021756,27.022390999893787,1,seat,,CHGIS V6,1388,490,,
588,yearbook_588,administrative_entity,南陳,county,ch_c0234,40889,ch_s0010,江州,ch_p0045,廬陵郡,ch_c0234,西昌,西昌,西昌,0,,,,0,0,114.88768900017257,26.791921999916386,1,seat,,CHGIS V6,1388,490,,
588,yearbook_588,administrative_entity,南陳,prefecture,ch_p0046,32559,ch_s0010,江州,ch_p0046,南康郡,,,南康郡,南康郡,0,,,,0,0,114.93248000016875,25.846999999917596,1,seat,,CHGIS V6,1388,490,,
588,yearbook_588,administrative_entity,南陳,county,ch_c0235,40834,ch_s0010,江州,ch_p0046,南康郡,ch_c0235,贛,贛,贛,0,,,,0,0,114.93248000016875,25.846999999917596,1,seat,,CHGIS V6,1388,490,,
588,yearbook_588,administrative_entity,南陳,county,ch_c0236,40836,ch_s0010,江州,ch_p0046,南康郡,ch_c0236,雩都,雩都,雩都,0,,,,1,0,115.48969400037659,25.95706599981316,1,seat,,CHGIS V6,1389,491,,
588,yearbook_588,administrative_entity,南陳,county,ch_c0237,,ch_s0010,江州,ch_p0046,南康郡,ch_c0237,陂陽,陂陽,陂陽,0,,,,0,0,,,0,unmapped,CHGIS 588未找到可采用的同名縣治點,,1389,491,,
588,yearbook_588,administrative_entity,南陳,county,ch_c0238,40863,ch_s0010,江州,ch_p0046,南康郡,ch_c0238,寧都,寧都,寧都,0,,,,0,0,116.05444500079247,26.588391999593632,1,seat,,CHGIS V6,1389,491,,
588,yearbook_588,administrative_entity,南陳,county,ch_c0239,40872,ch_s0010,江州,ch_p0046,南康郡,ch_c0239,南康,南康,南康,0,,,,0,0,114.74516300012317,25.658570999939815,1,seat,,CHGIS V6,1389,491,,
588,yearbook_588,administrative_entity,南陳,county,ch_c0240,40878,ch_s0010,江州,ch_p0046,南康郡,ch_c0240,南野,南野,南野,0,,,,0,0,114.71327200011588,25.578067999943283,1,seat,,CHGIS V6,1389,491,,
588,yearbook_588,administrative_entity,南陳,county,ch_c0241,40858,ch_s0010,江州,ch_p0046,南康郡,ch_c0241,平固,平固,平固,0,,,,0,0,115.28944100029305,26.172606999855933,1,seat,,CHGIS V6,1389,491,,
588,yearbook_588,administrative_entity,南陳,county,ch_c0242,40864,ch_s0010,江州,ch_p0046,南康郡,ch_c0242,虔化,虔化,虔化,0,,,,0,0,116.00174700073896,26.456096999622996,1,seat,,CHGIS V6,1389,491,,
588,yearbook_588,administrative_entity,南陳,county,ch_c0243,40847,ch_s0010,江州,ch_p0046,南康郡,ch_c0243,安遠,安遠,安遠,0,,,,0,0,115.39747200030442,25.12054699984673,1,seat,,CHGIS V6,1389,491,,
588,yearbook_588,administrative_entity,南陳,prefecture,ch_p0047,32580,ch_s0010,江州,ch_p0047,巴山郡,,,巴山郡,巴山郡,0,,,,0,0,115.86183800069406,28.133996999634114,1,seat,,CHGIS V6,1389,491,,
588,yearbook_588,administrative_entity,南陳,county,ch_c0244,41009,ch_s0010,江州,ch_p0047,巴山郡,ch_c0244,巴山,巴山,巴山,0,,,,0,0,115.97026600076923,27.667487999598123,1,seat,,CHGIS V6,1389,491,,
588,yearbook_588,administrative_entity,南陳,county,ch_c0245,41098,ch_s0010,江州,ch_p0047,巴山郡,ch_c0245,豐城,豐城,豐城,0,,,,0,0,115.74778200060615,28.13088199968324,1,seat,,CHGIS V6,1389,491,,
588,yearbook_588,administrative_entity,南陳,county,ch_c0246,41010,ch_s0010,江州,ch_p0047,巴山郡,ch_c0246,新建,新建,新建,0,,,,0,0,115.90254100071134,27.664376999630353,1,seat,,CHGIS V6,1389,491,,
588,yearbook_588,administrative_entity,南陳,county,ch_c0247,40944,ch_s0010,江州,ch_p0047,巴山郡,ch_c0247,新淦,新淦,新淦,0,,,,0,0,115.53960400046691,28.064372999760025,1,seat,,CHGIS V6,1389,491,,
588,yearbook_588,administrative_entity,南陳,county,ch_c0248,40940,ch_s0010,江州,ch_p0047,巴山郡,ch_c0248,興平,興平,興平,0,,,,0,0,115.5951390004845,27.465096999754824,1,seat,,CHGIS V6,1390,492,,
588,yearbook_588,administrative_entity,南陳,county,ch_c0249,41013,ch_s0010,江州,ch_p0047,巴山郡,ch_c0249,西寧,西寧,西寧,0,,,,0,0,116.01732200080393,27.48862599958088,1,seat,,CHGIS V6,1390,492,,
588,yearbook_588,administrative_entity,南陳,prefecture,ch_p0048,32594,ch_s0010,江州,ch_p0048,豫寧郡,,,豫寧郡,豫寧郡,0,,,,0,0,115.00853100024014,29.252776999874413,1,seat,,CHGIS V6,1390,492,,
588,yearbook_588,administrative_entity,南陳,county,ch_c0250,41118,ch_s0010,江州,ch_p0048,豫寧郡,ch_c0250,豫寧,豫寧,豫寧,0,,,,0,0,115.00853100024014,29.252776999874413,1,seat,,CHGIS V6,1390,492,,
588,yearbook_588,administrative_entity,南陳,county,ch_c0251,41130,ch_s0010,江州,ch_p0048,豫寧郡,ch_c0251,艾,艾,艾,0,,,,0,0,114.34673800008322,28.971079999958825,1,seat,,CHGIS V6,1390,492,,
588,yearbook_588,administrative_entity,南陳,county,ch_c0252,41137,ch_s0010,江州,ch_p0048,豫寧郡,ch_c0252,建昌,建昌,建昌,0,,,,0,0,115.76181800063976,29.087831999649637,1,seat,,CHGIS V6,1390,492,,
588,yearbook_588,administrative_entity,南陳,county,ch_c0253,41142,ch_s0010,江州,ch_p0048,豫寧郡,ch_c0253,永修,永修,永修,0,,,,0,0,115.51463000047464,29.207559999743467,1,seat,,CHGIS V6,1390,492,,
588,yearbook_588,administrative_entity,南陳,county,ch_c0254,41111,ch_s0010,江州,ch_p0048,豫寧郡,ch_c0254,新吳,新吳,新吳,0,,,,0,0,115.25537900033187,28.741195999827795,1,seat,,CHGIS V6,1390,492,,
588,yearbook_588,administrative_entity,南陳,prefecture,ch_p0049,32528,ch_s0010,江州,ch_p0049,臨川郡,,,臨川郡,臨川郡,0,,,,0,0,116.33857700116478,27.985128999363035,1,seat,,CHGIS V6,1390,492,,
588,yearbook_588,administrative_entity,南陳,county,ch_c0255,40982,ch_s0010,江州,ch_p0049,臨川郡,ch_c0255,南城,南城,南城,0,,,,0,0,116.62744900152487,27.55971699915349,1,seat,,CHGIS V6,1390,492,,
588,yearbook_588,administrative_entity,南陳,county,ch_c0256,40996,ch_s0010,江州,ch_p0049,臨川郡,ch_c0256,臨汝,臨汝,臨汝,0,,,,0,0,116.33857700116478,27.985128999363035,1,seat,,CHGIS V6,1390,492,,
588,yearbook_588,administrative_entity,南陳,county,ch_c0257,40992,ch_s0010,江州,ch_p0049,臨川郡,ch_c0257,永城,永城,永城,0,,,,0,0,116.91116200195756,27.30432899888226,1,seat,,CHGIS V6,1390,492,,
588,yearbook_588,administrative_entity,南陳,county,ch_c0258,41001,ch_s0010,江州,ch_p0049,臨川郡,ch_c0258,宜黃,宜黃,宜黃,0,,,,0,0,116.22269700101106,27.547721999462517,1,seat,,CHGIS V6,1390,492,,
588,yearbook_588,administrative_entity,南陳,county,ch_c0259,40984,ch_s0010,江州,ch_p0049,臨川郡,ch_c0259,南豐,南豐,南豐,0,,,,0,0,116.38981000115808,26.827551999386717,1,seat,,CHGIS V6,1390,492,,
588,yearbook_588,administrative_entity,南陳,county,ch_c0260,40994,ch_s0010,江州,ch_p0049,臨川郡,ch_c0260,東興,東興,東興,0,,,,0,0,116.99296000211064,27.400862998775708,1,seat,,CHGIS V6,1390,492,,
588,yearbook_588,administrative_entity,南陳,county,ch_c0261,41007,ch_s0010,江州,ch_p0049,臨川郡,ch_c0261,西豐,西豐,西豐,0,,,,0,0,116.35726700117668,27.768603999361055,1,seat,,CHGIS V6,1390,492,,
588,yearbook_588,administrative_entity,南陳,county,ch_c0262,41008,ch_s0010,江州,ch_p0049,臨川郡,ch_c0262,定川,定川,定川,0,,,,0,0,116.39596800123924,28.069619999315577,1,seat,,CHGIS V6,1390,492,,
588,yearbook_588,administrative_entity,南陳,county,ch_c0263,41011,ch_s0010,江州,ch_p0049,臨川郡,ch_c0263,安浦,安浦,安浦,0,,,,0,0,115.6729790005262,27.227242999734003,1,seat,,CHGIS V6,1390,492,,
588,yearbook_588,administrative_entity,南陳,prefecture,ch_p0050,32576,ch_s0010,江州,ch_p0050,安成郡,,,安成郡,安成郡,0,,,,0,0,114.60845200011644,27.38246199994388,1,seat,,CHGIS V6,1390,492,,
588,yearbook_588,administrative_entity,南陳,county,ch_c0264,40908,ch_s0010,江州,ch_p0050,安成郡,ch_c0264,平都,平都,平都,0,,,,0,0,114.60845200011644,27.38246199994388,1,seat,,CHGIS V6,1390,492,,
588,yearbook_588,administrative_entity,南陳,county,ch_c0265,,ch_s0010,江州,ch_p0050,安成郡,ch_c0265,新喻,新喻,新喻,0,,,,0,0,,,0,unmapped,CHGIS 588未找到可采用的同名縣治點,,1390,492,,
588,yearbook_588,administrative_entity,南陳,county,ch_c0266,40922,ch_s0010,江州,ch_p0050,安成郡,ch_c0266,永新,永新,永新,0,,,,0,0,114.11002300004692,27.01371099997796,1,seat,,CHGIS V6,1390,492,,
588,yearbook_588,administrative_entity,南陳,county,ch_c0267,40971,ch_s0010,江州,ch_p0050,安成郡,ch_c0267,萍鄉,萍鄉,萍鄉,0,,,,0,0,114.01811000004156,27.63172799998052,1,seat,,CHGIS V6,1390,492,,
588,yearbook_588,administrative_entity,南陳,county,ch_c0268,40966,ch_s0010,江州,ch_p0050,安成郡,ch_c0268,宜陽,宜陽,宜陽,0,,,,0,0,114.37588500008117,27.794265999961073,1,seat,,CHGIS V6,1390,492,,
588,yearbook_588,administrative_entity,南陳,county,ch_c0269,40935,ch_s0010,江州,ch_p0050,安成郡,ch_c0269,安復,安復,安復,0,,,,0,0,114.27449900006573,27.385362999968834,1,seat,,CHGIS V6,1390,492,,
588,yearbook_588,administrative_entity,南陳,prefecture,ch_p0051,,ch_s0010,江州,ch_p0051,廣豐郡,,,廣豐郡,廣豐郡,0,,,,0,0,,,0,unmapped,CHGIS 588未找到可采用的同名郡治点,,1390,492,,
588,yearbook_588,administrative_entity,南陳,county,ch_c0270,41233,ch_s0010,江州,ch_p0051,廣豐郡,ch_c0270,廣豐,廣豐,廣豐,0,,,,0,0,115.86183800069406,28.133996999634114,1,seat,,CHGIS V6,1391,493,,
588,yearbook_588,administrative_entity,南陳,prefecture,ch_p0052,32577,ch_s0010,江州,ch_p0052,安樂郡,,,安樂郡,安樂郡,0,,,,0,0,113.98336800003695,27.067367999982775,1,seat,,CHGIS V6,1391,493,,
588,yearbook_588,administrative_entity,南陳,county,ch_c0271,40936,ch_s0010,江州,ch_p0052,安樂郡,ch_c0271,廣興,廣興,廣興,0,,,,0,0,113.98336800003695,27.067367999982775,1,seat,,CHGIS V6,1391,493,,
588,yearbook_588,administrative_entity,南陳,state,ch_s0039,34403,ch_s0039,郢州,,,,,郢州,郢州,0,,,,0,0,112.58925600000148,31.169826999999433,1,seat,,CHGIS V6,1421,523,,
588,yearbook_588,administrative_entity,南陳,prefecture,ch_p0123,,ch_s0039,郢州,ch_p0123,江夏郡,,,江夏郡,江夏郡,0,,,,0,0,,,0,unmapped,CHGIS 588未找到可采用的同名郡治点,,1421,523,,
588,yearbook_588,administrative_entity,南陳,county,ch_c0417,46007,ch_s0039,郢州,ch_p0123,江夏郡,ch_c0417,汝南,汝南,汝南,0,,,,0,1,114.1354100000609,30.342889999968516,1,seat,,CHGIS V6,1421,523,,
588,yearbook_588,administrative_entity,南陳,county,ch_c0418,43449,ch_s0039,郢州,ch_p0123,江夏郡,ch_c0418,永興,永興,永興,0,,,,0,0,115.30312000036996,30.031189999793614,1,seat,,CHGIS V6,1421,523,,
588,yearbook_588,administrative_entity,南陳,prefecture,ch_p0124,,ch_s0039,郢州,ch_p0124,上雋郡,,,上雋郡,上雋郡,0,,,,0,0,,,0,unmapped,CHGIS 588未找到可采用的同名郡治点,,1421,523,,
588,yearbook_588,administrative_entity,南陳,county,ch_c0419,43441,ch_s0039,郢州,ch_p0124,上雋郡,ch_c0419,下雋,下雋,下雋,0,,,,0,0,113.79510000003,29.267069999985722,1,seat,,CHGIS V6,1421,523,,
588,yearbook_588,administrative_entity,南陳,county,ch_c0420,,ch_s0039,郢州,ch_p0124,上雋郡,ch_c0420,沙陽,沙陽,沙陽,0,,,,0,0,,,0,unmapped,CHGIS 588未找到可采用的同名縣治點,,1421,523,,
588,yearbook_588,administrative_entity,南陳,county,ch_c0431,,ch_s0039,郢州,ch_p0124,上雋郡,ch_c0431,浦圻,浦圻,浦圻,0,,,,0,0,,,0,unmapped,CHGIS 588未找到可采用的同名縣治點,,1423,525,,
588,yearbook_588,administrative_entity,南陳,county,ch_c0432,43457,ch_s0039,郢州,ch_p0124,上雋郡,ch_c0432,樂化,樂化,樂化,0,,,,0,0,113.9169500000382,29.22507999998161,1,seat,,CHGIS V6,1423,525,,
588,yearbook_588,administrative_entity,南陳,prefecture,ch_p0127,,ch_s0039,郢州,ch_p0127,武昌郡,,,武昌郡,武昌郡,0,,,,0,0,,,0,unmapped,CHGIS 588未找到可采用的同名郡治点,,1423,525,,
588,yearbook_588,administrative_entity,南陳,county,ch_c0433,43425,ch_s0039,郢州,ch_p0127,武昌郡,ch_c0433,武昌,武昌,武昌,0,,,,0,0,114.87991000020689,30.402719999885765,1,seat,,CHGIS V6,1423,525,,
588,yearbook_588,administrative_entity,南陳,county,ch_c0434,43424,ch_s0039,郢州,ch_p0127,武昌郡,ch_c0434,鄂,鄂,鄂,0,,,,0,0,114.87339000020485,30.395819999886985,1,seat,,CHGIS V6,1423,525,,
588,yearbook_588,administrative_entity,南陳,county,ch_c0435,43447,ch_s0039,郢州,ch_p0127,武昌郡,ch_c0435,陽新,陽新,陽新,0,,,,0,0,114.86875000019887,29.681109999894698,1,seat,,CHGIS V6,1423,525,,
588,yearbook_588,administrative_entity,南陳,county,ch_c0436,43504,ch_s0039,郢州,ch_p0127,武昌郡,ch_c0436,西陵,西陵,西陵,0,,,,0,0,115.08959000027808,30.212709999845718,1,seat,,CHGIS V6,1423,525,,
588,yearbook_588,administrative_entity,南陳,state,ch_s0040,30271,ch_s0040,巴州,,,,,巴州,巴州,0,,,,0,0,113.09765600000122,29.371259999999992,1,seat,,CHGIS V4,1424,526,,
588,yearbook_588,administrative_entity,南陳,prefecture,ch_p0130,32919,ch_s0040,巴州,ch_p0130,巴陵郡,,,巴陵郡,巴陵郡,0,,,,0,0,113.09765600000601,29.37125999999744,1,seat,,CHGIS V6,1424,526,,
588,yearbook_588,administrative_entity,南陳,county,ch_c0441,42100,ch_s0040,巴州,ch_p0130,巴陵郡,ch_c0441,巴陵,巴陵,巴陵,0,,,,0,0,113.09765600000601,29.37125999999744,1,seat,,CHGIS V6,1424,526,,
588,yearbook_588,administrative_entity,南陳,state,ch_s0041,30303,ch_s0041,湘州,,,,,湘州,湘州,0,,,,0,0,112.9781340000008,28.198197999999998,1,seat,,CHGIS V4,1424,526,,
588,yearbook_588,administrative_entity,南陳,prefecture,ch_p0131,32819,ch_s0041,湘州,ch_p0131,長沙郡,,,長沙郡,長沙郡,0,,,,0,0,112.97813400000393,28.198197999998392,1,seat,,CHGIS V6,1425,527,,
588,yearbook_588,administrative_entity,南陳,county,ch_c0442,41716,ch_s0041,湘州,ch_p0131,長沙郡,ch_c0442,臨湘,臨湘,臨湘,0,,,,0,0,112.97813400000393,28.198197999998392,1,seat,,CHGIS V6,1425,527,,
588,yearbook_588,administrative_entity,南陳,county,ch_c0443,41725,ch_s0041,湘州,ch_p0131,長沙郡,ch_c0443,醴陵,醴陵,醴陵,0,,,,0,0,113.49410300001384,27.668517999993817,1,seat,,CHGIS V6,1425,527,,
588,yearbook_588,administrative_entity,南陳,county,ch_c0444,41730,ch_s0041,湘州,ch_p0131,長沙郡,ch_c0444,瀏陽,瀏陽,瀏陽,0,,,,0,0,113.88464800003385,28.34964799998415,1,seat,,CHGIS V6,1425,527,,
588,yearbook_588,administrative_entity,南陳,county,ch_c0445,41783,ch_s0041,湘州,ch_p0131,長沙郡,ch_c0445,建寧,建寧,建寧,0,,,,0,0,113.1652680000061,27.489171999997406,1,seat,,CHGIS V6,1425,527,,
588,yearbook_588,administrative_entity,南陳,prefecture,ch_p0132,32862,ch_s0041,湘州,ch_p0132,湘東郡,,,湘東郡,湘東郡,0,,,,0,0,112.59703800000105,26.90161699999961,1,seat,,CHGIS V6,1425,527,,
588,yearbook_588,administrative_entity,南陳,county,ch_c0446,,ch_s0041,湘州,ch_p0132,湘東郡,ch_c0446,臨蒸,臨蒸,臨蒸,0,,,,0,0,,,0,unmapped,CHGIS 588未找到可采用的同名縣治點,,1425,527,,
588,yearbook_588,administrative_entity,南陳,county,ch_c0447,41770,ch_s0041,湘州,ch_p0132,湘東郡,ch_c0447,茶陵,茶陵,茶陵,0,,,,0,0,113.80075600002534,27.004593999988316,1,seat,,CHGIS V6,1425,527,,
588,yearbook_588,administrative_entity,南陳,county,ch_c0448,,ch_s0041,湘州,ch_p0132,湘東郡,ch_c0448,耒陽,耒陽,耒陽,0,,,,0,0,,,0,unmapped,CHGIS 588未找到可采用的同名縣治點,,1425,527,,
588,yearbook_588,administrative_entity,南陳,county,ch_c0449,41762,ch_s0041,湘州,ch_p0132,湘東郡,ch_c0449,攸水,攸水,攸水,0,,,,0,0,113.42860600001129,27.156112999994992,1,seat,,CHGIS V6,1426,528,,
588,yearbook_588,administrative_entity,南陳,county,ch_c0450,41857,ch_s0041,湘州,ch_p0132,湘東郡,ch_c0450,新城,新城,新城,0,,,,1,0,112.9227140000028,26.609082999998837,1,seat,,CHGIS V6,1426,528,,
588,yearbook_588,administrative_entity,南陳,county,ch_c0451,41838,ch_s0041,湘州,ch_p0132,湘東郡,ch_c0451,陰山,陰山,陰山,0,,,,0,0,113.25382700000725,26.99598799999686,1,seat,,CHGIS V6,1426,528,,
588,yearbook_588,administrative_entity,南陳,county,ch_c0452,41868,ch_s0041,湘州,ch_p0132,湘東郡,ch_c0452,新寧,新寧,新寧,0,,,,0,0,112.33917800000036,26.29650599999987,1,seat,,CHGIS V6,1426,528,,
588,yearbook_588,administrative_entity,南陳,county,ch_c0453,41860,ch_s0041,湘州,ch_p0132,湘東郡,ch_c0453,湘潭,湘潭,湘潭,0,,,,0,0,113.35610300000951,27.165908999995818,1,seat,,CHGIS V6,1426,528,,
588,yearbook_588,administrative_entity,南陳,prefecture,ch_p0133,32930,ch_s0041,湘州,ch_p0133,衡陽郡,,,衡陽郡,衡陽郡,0,,,,0,0,113.02512800000413,27.407562999998287,1,seat,,CHGIS V6,1426,528,,
588,yearbook_588,administrative_entity,南陳,county,ch_c0454,41786,ch_s0041,湘州,ch_p0133,衡陽郡,ch_c0454,湘西,湘西,湘西,0,,,,0,0,113.02512800000413,27.407562999998287,1,seat,,CHGIS V6,1426,528,,
588,yearbook_588,administrative_entity,南陳,county,ch_c0455,41756,ch_s0041,湘州,ch_p0133,衡陽郡,ch_c0455,益陽,益陽,益陽,0,,,,0,0,112.33528900000051,28.597808999999845,1,seat,,CHGIS V6,1426,528,,
588,yearbook_588,administrative_entity,南陳,county,ch_c0456,41740,ch_s0041,湘州,ch_p0133,衡陽郡,ch_c0456,湘鄉,湘鄉,湘鄉,0,,,,0,0,112.51874600000087,27.737247999999685,1,seat,,CHGIS V6,1426,528,,
588,yearbook_588,administrative_entity,南陳,county,ch_c0457,41788,ch_s0041,湘州,ch_p0133,衡陽郡,ch_c0457,新康,新康,新康,0,,,,0,0,112.19560600000025,28.170389999999927,1,seat,,CHGIS V6,1426,528,,
588,yearbook_588,administrative_entity,南陳,county,ch_c0458,41842,ch_s0041,湘州,ch_p0133,衡陽郡,ch_c0458,重安,重安,重安,0,,,,0,0,112.36050900000046,27.00394499999985,1,seat,,CHGIS V6,1426,528,,
588,yearbook_588,administrative_entity,南陳,county,ch_c0459,41853,ch_s0041,湘州,ch_p0133,衡陽郡,ch_c0459,衡山,衡山,衡山,0,,,,0,0,112.82908100000228,27.146649999999095,1,seat,,CHGIS V6,1427,529,,
588,yearbook_588,administrative_entity,南陳,prefecture,ch_p0134,32901,ch_s0041,湘州,ch_p0134,邵陵郡,,,邵陵郡,邵陵郡,0,,,,0,0,111.474937,27.249315,1,seat,,CHGIS V6,1427,529,,
588,yearbook_588,administrative_entity,南陳,county,ch_c0460,42014,ch_s0041,湘州,ch_p0134,邵陵郡,ch_c0460,邵陵,邵陵,邵陵,0,,,,0,0,111.474937,27.249315,1,seat,,CHGIS V6,1427,529,,
588,yearbook_588,administrative_entity,南陳,county,ch_c0461,42017,ch_s0041,湘州,ch_p0134,邵陵郡,ch_c0461,都梁,都梁,都梁,0,,,,0,0,110.647535,26.738720000000008,1,seat,,CHGIS V6,1427,529,,
588,yearbook_588,administrative_entity,南陳,county,ch_c0462,42012,ch_s0041,湘州,ch_p0134,邵陵郡,ch_c0462,扶夷,扶夷,扶夷,0,,,,0,0,111.23485700000002,27.005932,1,seat,,CHGIS V6,1427,529,,
588,yearbook_588,administrative_entity,南陳,county,ch_c0463,95712,ch_s0041,湘州,ch_p0134,邵陵郡,ch_c0463,高平,高平,高平,0,,,,0,0,112.91958600000447,35.7920569999974,1,seat,,CHGIS V6,1427,529,,
588,yearbook_588,administrative_entity,南陳,county,ch_c0464,42020,ch_s0041,湘州,ch_p0134,邵陵郡,ch_c0464,邵陽,邵陽,邵陽,0,,,,0,0,111.77311400000004,27.305274999999998,1,seat,,CHGIS V6,1427,529,,
588,yearbook_588,administrative_entity,南陳,county,ch_c0465,42024,ch_s0041,湘州,ch_p0134,邵陵郡,ch_c0465,武強,武強,武強,0,,,,0,0,110.62229100000002,26.730705,1,seat,,CHGIS V6,1427,529,,
588,yearbook_588,administrative_entity,南陳,prefecture,ch_p0135,32828,ch_s0041,湘州,ch_p0135,岳陽郡,,,岳陽郡,岳陽郡,0,,,,0,0,113.0808410000055,28.811719999997692,1,seat,,CHGIS V6,1427,529,,
588,yearbook_588,administrative_entity,南陳,county,ch_c0466,41745,ch_s0041,湘州,ch_p0135,岳陽郡,ch_c0466,岳陽,岳陽,岳陽,0,,,,0,0,113.0808410000055,28.811719999997692,1,seat,,CHGIS V6,1428,530,,
588,yearbook_588,administrative_entity,南陳,county,ch_c0467,41748,ch_s0041,湘州,ch_p0135,岳陽郡,ch_c0467,湘陰,湘陰,湘陰,0,,,,0,1,112.86032700000294,28.751661999998824,1,seat,,CHGIS V6,1428,530,,
588,yearbook_588,administrative_entity,南陳,county,ch_c0468,41746,ch_s0041,湘州,ch_p0135,岳陽郡,ch_c0468,玉山,玉山,玉山,0,,,,0,0,113.11299100000599,28.807989999997467,1,seat,,CHGIS V6,1428,530,,
588,yearbook_588,administrative_entity,南陳,county,ch_c0469,41747,ch_s0041,湘州,ch_p0135,岳陽郡,ch_c0469,湘濱,湘濱,湘濱,0,,,,0,0,113.06809300000525,28.61817499999781,1,seat,,CHGIS V6,1428,530,,
588,yearbook_588,administrative_entity,南陳,county,ch_c0470,42094,ch_s0041,湘州,ch_p0135,岳陽郡,ch_c0470,吳昌,吳昌,吳昌,0,,,,0,0,113.65890500002156,28.573445999990096,1,seat,,CHGIS V6,1428,530,,
588,yearbook_588,administrative_entity,南陳,county,ch_c0471,41775,ch_s0041,湘州,ch_p0135,岳陽郡,ch_c0471,羅,羅,羅,0,,,,0,0,113.06494000000528,28.825092999997786,1,seat,,CHGIS V6,1428,530,,
588,yearbook_588,administrative_entity,南陳,prefecture,ch_p0136,32886,ch_s0041,湘州,ch_p0136,零陵郡,,,零陵郡,零陵郡,0,,,,0,0,111.61256399999999,26.210339,1,seat,,CHGIS V6,1428,530,,
588,yearbook_588,administrative_entity,南陳,county,ch_c0472,41958,ch_s0041,湘州,ch_p0136,零陵郡,ch_c0472,泉陵,泉陵,泉陵,0,,,,0,0,111.61256399999999,26.210339,1,seat,,CHGIS V6,1428,530,,
588,yearbook_588,administrative_entity,南陳,county,ch_c0473,43770,ch_s0041,湘州,ch_p0136,零陵郡,ch_c0473,洮陽,洮陽,洮陽,0,,,,0,0,111.169943,26.228656000000004,1,seat,,CHGIS V6,1428,530,,
588,yearbook_588,administrative_entity,南陳,county,ch_c0474,43769,ch_s0041,湘州,ch_p0136,零陵郡,ch_c0474,零陵,零陵,零陵,0,,,,0,0,110.90368000000001,25.858984000000003,1,seat,,CHGIS V6,1428,530,,
588,yearbook_588,administrative_entity,南陳,county,ch_c0475,41961,ch_s0041,湘州,ch_p0136,零陵郡,ch_c0475,祁陽,祁陽,祁陽,0,,,,0,0,112.16732000000019,26.701960999999944,1,seat,,CHGIS V6,1428,530,,
588,yearbook_588,administrative_entity,南陳,county,ch_c0476,43775,ch_s0041,湘州,ch_p0136,零陵郡,ch_c0476,觀陽,觀陽,觀陽,0,,,,0,0,111.153641,25.487178999999998,1,seat,,CHGIS V6,1429,531,,
588,yearbook_588,administrative_entity,南陳,county,ch_c0477,42000,ch_s0041,湘州,ch_p0136,零陵郡,ch_c0477,永昌,永昌,永昌,0,,,,0,0,111.77066800000004,26.852839999999997,1,seat,,CHGIS V6,1429,531,,
588,yearbook_588,administrative_entity,南陳,county,ch_c0478,42004,ch_s0041,湘州,ch_p0136,零陵郡,ch_c0478,應陽,應陽,應陽,0,,,,0,0,111.483521,26.614882999999995,1,seat,,CHGIS V6,1429,531,,
588,yearbook_588,administrative_entity,南陳,prefecture,ch_p0137,32893,ch_s0041,湘州,ch_p0137,永陽郡,,,永陽郡,永陽郡,0,,,,0,0,111.620505,25.537297,1,seat,,CHGIS V6,1429,531,,
588,yearbook_588,administrative_entity,南陳,county,ch_c0479,41980,ch_s0041,湘州,ch_p0137,永陽郡,ch_c0479,營浦,營浦,營浦,0,,,,0,0,111.620505,25.537297,1,seat,,CHGIS V6,1429,531,,
588,yearbook_588,administrative_entity,南陳,county,ch_c0480,41955,ch_s0041,湘州,ch_p0137,永陽郡,ch_c0480,泠道,泠道,泠道,0,,,,0,0,112.0951430000001,25.510814999999962,1,seat,,CHGIS V6,1429,531,,
588,yearbook_588,administrative_entity,南陳,county,ch_c0481,41996,ch_s0041,湘州,ch_p0137,永陽郡,ch_c0481,營道,營道,營道,0,,,,0,0,111.98636700000007,25.503416999999978,1,seat,,CHGIS V6,1429,531,,
588,yearbook_588,administrative_entity,南陳,county,ch_c0482,,ch_s0041,湘州,ch_p0137,永陽郡,ch_c0482,春陵,春陵,春陵,0,,,,0,0,,,0,unmapped,CHGIS 588未找到可采用的同名縣治點,,1429,531,,
588,yearbook_588,administrative_entity,南陳,prefecture,ch_p0138,35081,ch_s0041,湘州,ch_p0138,綏越郡,,,綏越郡,綏越郡,0,,,,1,0,111.35530799999998,24.023087000000004,1,seat,,CHGIS V6,1429,531,,
588,yearbook_588,administrative_entity,南陳,county,ch_c0483,43918,ch_s0041,湘州,ch_p0138,綏越郡,ch_c0483,綏越,綏越,綏越,0,,,,1,0,111.351173,24.375565,1,seat,,CHGIS V6,1429,531,,
588,yearbook_588,administrative_entity,南陳,prefecture,ch_p0139,,ch_s0041,湘州,ch_p0139,樂梁郡,,,樂梁郡,樂梁郡,0,,,,0,0,,,0,unmapped,CHGIS 588未找到可采用的同名郡治点,,1430,532,,
588,yearbook_588,administrative_entity,南陳,county,ch_c0484,43926,ch_s0041,湘州,ch_p0139,樂梁郡,ch_c0484,蕩山,蕩山,蕩山,0,,,,0,0,111.191238,24.22481,1,seat,,CHGIS V6,1430,532,,
588,yearbook_588,administrative_entity,南陳,county,ch_c0485,,ch_s0041,湘州,ch_p0139,樂梁郡,ch_c0485,游安,游安,游安,0,,,,0,0,,,0,unmapped,CHGIS 588未找到可采用的同名縣治點,,1430,532,,
588,yearbook_588,administrative_entity,南陳,state,ch_s0042,,ch_s0042,武州,,,,,武州,武州,0,,,,1,0,,,0,unmapped,CHGIS 588未找到可唯一采用的同名州治点,,1430,532,,
588,yearbook_588,administrative_entity,南陳,prefecture,ch_p0140,32875,ch_s0042,武州,ch_p0140,武陵郡,,,武陵郡,武陵郡,0,,,,0,0,111.69130000000003,29.034806999999994,1,seat,,CHGIS V6,1431,533,,
588,yearbook_588,administrative_entity,南陳,county,ch_c0486,41906,ch_s0042,武州,ch_p0140,武陵郡,ch_c0486,臨沅,臨沅,臨沅,0,,,,0,0,111.69130000000003,29.034806999999994,1,seat,,CHGIS V6,1431,533,,
588,yearbook_588,administrative_entity,南陳,county,ch_c0487,41907,ch_s0042,武州,ch_p0140,武陵郡,ch_c0487,沅南,沅南,沅南,0,,,,0,0,111.59529900000001,28.785905999999997,1,seat,,CHGIS V6,1431,533,,
588,yearbook_588,administrative_entity,南陳,county,ch_c0488,41903,ch_s0042,武州,ch_p0140,武陵郡,ch_c0488,漢壽,漢壽,漢壽,0,,,,0,0,111.89573500000006,29.116981999999982,1,seat,,CHGIS V6,1431,533,,
588,yearbook_588,administrative_entity,南陳,county,ch_c0489,41908,ch_s0042,武州,ch_p0140,武陵郡,ch_c0489,龍陽,龍陽,龍陽,0,,,,0,0,111.96997100000009,28.911767999999984,1,seat,,CHGIS V6,1431,533,,
588,yearbook_588,administrative_entity,南陳,county,ch_c0490,41806,ch_s0042,武州,ch_p0140,武陵郡,ch_c0490,辰陽,辰陽,辰陽,0,,,,0,0,110.18264799999997,28.018481999999995,1,seat,,CHGIS V6,1431,533,,
588,yearbook_588,administrative_entity,南陳,prefecture,ch_p0141,32852,ch_s0042,武州,ch_p0141,南陽郡,,,南陽郡,南陽郡,0,,,,0,0,110.18101699999997,28.139412,1,seat,,CHGIS V6,1431,533,,
588,yearbook_588,administrative_entity,南陳,county,ch_c0491,42085,ch_s0042,武州,ch_p0141,南陽郡,ch_c0491,龍檦,龍檦,龍檦,0,,,,0,0,109.81185199999979,27.19512899999993,1,seat,,CHGIS V6,1431,533,,
588,yearbook_588,administrative_entity,南陳,prefecture,ch_p0142,32845,ch_s0042,武州,ch_p0142,沅陵郡,,,沅陵郡,沅陵郡,0,,,,0,0,110.396965,28.458191,1,seat,,CHGIS V6,1431,533,,
588,yearbook_588,administrative_entity,南陳,county,ch_c0492,41796,ch_s0042,武州,ch_p0142,沅陵郡,ch_c0492,沅陵,沅陵,沅陵,0,,,,0,0,110.396965,28.458191,1,seat,,CHGIS V6,1432,534,,
588,yearbook_588,administrative_entity,南陳,county,ch_c0493,41813,ch_s0042,武州,ch_p0142,沅陵郡,ch_c0493,鹽泉,鹽泉,鹽泉,0,,,,0,0,110.56111599999998,28.654455999999993,1,seat,,CHGIS V6,1432,534,,
588,yearbook_588,administrative_entity,南陳,county,ch_c0494,42070,ch_s0042,武州,ch_p0142,沅陵郡,ch_c0494,大鄉,大鄉,大鄉,0,,,,0,0,109.96596799999988,28.985163999999973,1,seat,,CHGIS V6,1432,534,,
588,yearbook_588,administrative_entity,南陳,county,ch_c0495,42048,ch_s0042,武州,ch_p0142,沅陵郡,ch_c0495,零陵,零陵,零陵,0,,,,0,0,109.49142799999908,28.751313999999674,1,seat,,CHGIS V6,1432,534,,
588,yearbook_588,administrative_entity,南陳,prefecture,ch_p0143,32883,ch_s0042,武州,ch_p0143,藥山郡,,,藥山郡,藥山郡,0,,,,0,0,112.35051700000052,28.763648999999834,1,seat,,CHGIS V6,1432,534,,
588,yearbook_588,administrative_entity,南陳,county,ch_c0496,41919,ch_s0042,武州,ch_p0143,藥山郡,ch_c0496,藥山,藥山,藥山,0,,,,0,0,112.35051700000052,28.763648999999834,1,seat,,CHGIS V6,1432,534,,
588,yearbook_588,administrative_entity,南陳,county,ch_c0497,41925,ch_s0042,武州,ch_p0143,藥山郡,ch_c0497,重華,重華,重華,0,,,,0,0,112.6576990000016,28.9749159999994,1,seat,,CHGIS V6,1432,534,,
588,yearbook_588,administrative_entity,南陳,prefecture,ch_p0144,32851,ch_s0042,武州,ch_p0144,夜郎郡,,,夜郎郡,夜郎郡,0,,,,0,0,109.77827399999971,28.19003299999991,1,seat,,CHGIS V6,1432,534,,
588,yearbook_588,administrative_entity,南陳,county,ch_c0498,41814,ch_s0042,武州,ch_p0144,夜郎郡,ch_c0498,夜郎,夜郎,夜郎,0,,,,0,0,109.77827399999971,28.19003299999991,1,seat,,CHGIS V6,1432,534,,
588,yearbook_588,administrative_entity,南陳,state,ch_s0044,30267,ch_s0044,荊州,,,,,荊州,荊州,0,,,,0,0,112.18909500000001,30.10425000000003,1,seat,,CHGIS V4,1434,536,,
588,yearbook_588,administrative_entity,南陳,prefecture,ch_p0149,32942,ch_s0044,荊州,ch_p0149,南平郡,,,南平郡,南平郡,0,,,,0,0,111.9346310000001,30.00065299999999,1,seat,,CHGIS V6,1435,537,,
588,yearbook_588,administrative_entity,南陳,county,ch_c0515,43697,ch_s0044,荊州,ch_p0149,南平郡,ch_c0515,孱陵,孱陵,孱陵,0,,,,0,0,112.13749000000026,30.07347999999993,1,seat,,CHGIS V6,1435,537,,
588,yearbook_588,administrative_entity,南陳,county,ch_c0516,41950,ch_s0044,荊州,ch_p0149,南平郡,ch_c0516,作唐,作唐,作唐,0,,,,0,0,112.19654500000028,29.530962999999915,1,seat,,CHGIS V6,1435,537,,
588,yearbook_588,administrative_entity,南陳,county,ch_c0517,43687,ch_s0044,荊州,ch_p0149,南平郡,ch_c0517,公安,公安,公安,0,,,,0,0,112.22649000000035,30.05752999999989,1,seat,,CHGIS V6,1435,537,,
588,yearbook_588,administrative_entity,南陳,county,ch_c0518,42102,ch_s0044,荊州,ch_p0149,南平郡,ch_c0518,安南,安南,安南,0,,,,0,0,112.55928800000119,29.518756999999564,1,seat,,CHGIS V6,1435,537,,
588,yearbook_588,administrative_entity,南陳,county,ch_c0519,95219,ch_s0044,荊州,ch_p0149,南平郡,ch_c0519,永安,永安,永安,0,,,,0,0,111.72808100000002,36.56382399999998,1,seat,,CHGIS V6,1435,537,,
588,yearbook_588,administrative_entity,南陳,prefecture,ch_p0150,,ch_s0044,荊州,ch_p0150,天門郡,,,天門郡,天門郡,0,,,,0,0,,,0,unmapped,CHGIS 588未找到可采用的同名郡治点,,1435,537,,
588,yearbook_588,administrative_entity,南陳,county,ch_c0520,,ch_s0044,荊州,ch_p0150,天門郡,ch_c0520,澧陽,澧陽,澧陽,0,,,,0,0,,,0,unmapped,CHGIS 588未找到可采用的同名縣治點,,1435,537,,
588,yearbook_588,administrative_entity,南陳,county,ch_c0521,41935,ch_s0044,荊州,ch_p0150,天門郡,ch_c0521,零陽,零陽,零陽,0,,,,0,0,111.14300900000002,29.434099000000007,1,seat,,CHGIS V6,1435,537,,
588,yearbook_588,administrative_entity,南陳,county,ch_c0522,,ch_s0044,荊州,ch_p0150,天門郡,ch_c0522,漊中,漊中,漊中,0,,,,0,0,,,0,unmapped,CHGIS 588未找到可采用的同名縣治點,,1435,537,,
588,yearbook_588,administrative_entity,南陳,county,ch_c0523,,ch_s0044,荊州,ch_p0150,天門郡,ch_c0523,臨澧,臨澧,臨澧,0,,,,0,0,,,0,unmapped,CHGIS 588未找到可采用的同名縣治點,,1435,537,,
588,yearbook_588,administrative_entity,南陳,prefecture,ch_p0151,,ch_s0044,荊州,ch_p0151,義陽郡,,,義陽郡,義陽郡,0,,,,0,1,,,0,unmapped,CHGIS 588未找到可采用的同名郡治点,,1435,537,,
588,yearbook_588,administrative_entity,南陳,county,ch_c0524,44517,ch_s0044,荊州,ch_p0151,義陽郡,ch_c0524,安鄉,安鄉,安鄉,0,,,,0,0,108.3763959999774,30.813468999988768,1,seat,,CHGIS V6,1435,537,,
588,yearbook_588,administrative_entity,南陳,county,ch_c0525,82684,ch_s0044,荊州,ch_p0151,義陽郡,ch_c0525,平氏,平氏,平氏,0,,,,0,1,113.07872000000661,32.53160999999678,1,seat,,CHGIS V6,1435,537,,
588,yearbook_588,administrative_entity,南陳,county,ch_c0526,,ch_s0044,荊州,ch_p0151,義陽郡,ch_c0526,厥西,厥西,厥西,0,,,,0,1,,,0,unmapped,CHGIS 588未找到可采用的同名縣治點,,1436,538,,
588,yearbook_588,administrative_entity,南陳,prefecture,ch_p_manual_hedong_jing,,ch_s0044,荊州,ch_p_manual_hedong_jing,河東郡,,,河東郡,河東郡,0,,,,0,1,,,0,unmapped,CHGIS 588未找到可采用的同名郡治点,,,,,
588,yearbook_588,administrative_entity,南陳,county,ch_p_manual_hedong_jing_c1,43717,ch_s0044,荊州,ch_p_manual_hedong_jing,河東郡,ch_p_manual_hedong_jing_c1,松滋,松滋,松滋,0,,,,0,1,111.71407000000004,30.3457,1,seat,,CHGIS V6,,,,
588,yearbook_588,administrative_entity,南陳,county,ch_p_manual_hedong_jing_q_wenxi,95242,ch_s0044,荊州,ch_p_manual_hedong_jing,河東郡,ch_p_manual_hedong_jing_q_wenxi,聞喜,聞喜,聞喜,0,,,,0,1,111.154249,35.558538,1,seat,,CHGIS V6,1511,613,,
588,yearbook_588,administrative_entity,南陳,county,ch_p_manual_hedong_jing_q_qiao,,ch_s0044,荊州,ch_p_manual_hedong_jing,河東郡,ch_p_manual_hedong_jing_q_qiao,譙,譙,譙,0,,,,0,1,,,0,unmapped,CHGIS 588未找到可采用的同名縣治點,,1511,613,,
588,yearbook_588,administrative_entity,南陳,county,ch_p_manual_hedong_jing_c2,,ch_s0044,荊州,ch_p_manual_hedong_jing,河東郡,ch_p_manual_hedong_jing_c2,上明,上明,上明,0,,,,0,0,,,0,unmapped,CHGIS 588未找到可采用的同名縣治點,,,,,
588,yearbook_588,administrative_entity,南陳,state,ch_s0045,,ch_s0045,祐州,,,,,祐州,祐州,0,,,,1,0,,,0,unmapped,CHGIS 588未找到可唯一采用的同名州治点,,1436,538,,
588,yearbook_588,administrative_entity,南陳,prefecture,ch_p0152,,ch_s0045,祐州,ch_p0152,宜都郡,,,宜都郡,宜都郡,0,,,,0,0,,,0,unmapped,CHGIS 588未找到可采用的同名郡治点,,1436,538,,
588,yearbook_588,administrative_entity,南陳,county,ch_c0527,45799,ch_s0045,祐州,ch_p0152,宜都郡,ch_c0527,夷陵,夷陵,夷陵,0,,,,0,0,111.15431999999998,30.83785,1,seat,,CHGIS V6,1436,538,,
588,yearbook_588,administrative_entity,南陳,county,ch_c0528,43732,ch_s0045,祐州,ch_p0152,宜都郡,ch_c0528,夷道,夷道,夷道,0,,,,0,0,111.45792,30.392389999999995,1,seat,,CHGIS V6,1436,538,,
588,yearbook_588,administrative_entity,南陳,county,ch_c0529,45808,ch_s0045,祐州,ch_p0152,宜都郡,ch_c0529,宜昌,宜昌,宜昌,0,,,,0,0,111.03435999999999,30.819029999999998,1,seat,,CHGIS V6,1436,538,,
588,yearbook_588,administrative_entity,南陳,county,ch_c0531,,ch_s0045,祐州,ch_p0152,宜都郡,ch_c0531,歸化,歸化,歸化,0,,,,0,0,,,0,unmapped,CHGIS 588未找到可采用的同名縣治點,,1436,538,,
588,yearbook_588,administrative_entity,南陳,county,ch_c0532,,ch_s0045,祐州,ch_p0152,宜都郡,ch_c0532,受陵,受陵,受陵,0,,,,0,0,,,0,unmapped,CHGIS 588未找到可采用的同名縣治點,,1437,539,,
588,yearbook_588,administrative_entity,南陳,prefecture,ch_p0154,,ch_s0045,祐州,ch_p0154,羅郡,,,羅郡,羅郡,0,,,,1,0,,,0,unmapped,CHGIS 588未找到可采用的同名郡治点,,1437,539,,
588,yearbook_588,administrative_entity,南陳,state,ch_s0046,210975,ch_s0046,信州,,,,,信州,信州,0,,,,1,0,109.57103699999917,31.0416369999997,1,seat,,CHGIS V6,1437,539,,
588,yearbook_588,administrative_entity,南陳,state,ch_s0047,30302,ch_s0047,廣州,,,,,廣州,廣州,0,,,,0,0,113.25606600000127,23.134623999999928,1,seat,,CHGIS V4,1439,541,,
588,yearbook_588,administrative_entity,南陳,prefecture,ch_p0155,34191,ch_s0047,廣州,ch_p0155,南海郡,,,南海郡,南海郡,0,,,,0,0,113.25606600000322,23.134623999997807,1,seat,,CHGIS V6,1439,541,,
588,yearbook_588,administrative_entity,南陳,county,ch_c0538,42193,ch_s0047,廣州,ch_p0155,南海郡,ch_c0538,番禺,番禺,番禺,0,,,,0,0,113.25606600000322,23.134623999997807,1,seat,,CHGIS V6,1439,541,,
588,yearbook_588,administrative_entity,南陳,county,ch_c0539,42184,ch_s0047,廣州,ch_p0155,南海郡,ch_c0539,龍川,龍川,龍川,0,,,,0,0,115.18617200019465,24.060002999896323,1,seat,,CHGIS V6,1439,541,,
588,yearbook_588,administrative_entity,南陳,county,ch_c0540,42171,ch_s0047,廣州,ch_p0155,南海郡,ch_c0540,博羅,博羅,博羅,0,,,,0,0,114.27360600003476,23.172246999978732,1,seat,,CHGIS V6,1439,541,,
588,yearbook_588,administrative_entity,南陳,county,ch_c0541,42190,ch_s0047,廣州,ch_p0155,南海郡,ch_c0541,河源,河源,河源,0,,,,0,0,114.69146000008429,23.73683399995341,1,seat,,CHGIS V6,1439,541,,
588,yearbook_588,administrative_entity,南陳,county,ch_c0542,,ch_s0047,廣州,ch_p0155,南海郡,ch_c0542,陸安,陸安,陸安,0,,,,0,0,,,0,unmapped,CHGIS 588未找到可采用的同名縣治點,,1439,541,,
588,yearbook_588,administrative_entity,南陳,county,ch_c0543,42174,ch_s0047,廣州,ch_p0155,南海郡,ch_c0543,新豐,新豐,新豐,0,,,,0,0,114.35390300004997,24.125154999973205,1,seat,,CHGIS V6,1439,541,,
588,yearbook_588,administrative_entity,南陳,county,ch_c0544,42212,ch_s0047,廣州,ch_p0155,南海郡,ch_c0544,增城,增城,增城,0,,,,0,0,113.86380300001585,23.411842999990416,1,seat,,CHGIS V6,1439,541,,
588,yearbook_588,administrative_entity,南陳,prefecture,ch_p0156,34188,ch_s0047,廣州,ch_p0156,東官郡,,,東官郡,東官郡,0,,,,0,0,113.86380300001585,23.411842999990416,1,seat,,CHGIS V6,1439,541,,
588,yearbook_588,administrative_entity,南陳,county,ch_c0545,42203,ch_s0047,廣州,ch_p0156,東官郡,ch_c0545,寶安,寶安,寶安,0,,,,0,0,113.91857900001362,22.545150999990017,1,seat,,CHGIS V6,1440,542,,
588,yearbook_588,administrative_entity,南陳,county,ch_c0546,,ch_s0047,廣州,ch_p0156,東官郡,ch_c0546,海安,海安,海安,0,,,,0,0,,,0,unmapped,CHGIS 588未找到可采用的同名縣治點,,1440,542,,
588,yearbook_588,administrative_entity,南陳,county,ch_c0547,43546,ch_s0047,廣州,ch_p0156,東官郡,ch_c0547,齊昌,齊昌,齊昌,0,,,,0,0,115.47425000046414,30.304809999732626,1,seat,,CHGIS V6,1440,542,,
588,yearbook_588,administrative_entity,南陳,county,ch_c0548,42180,ch_s0047,廣州,ch_p0156,東官郡,ch_c0548,海豐,海豐,海豐,0,,,,0,0,115.33480800019692,22.975711999882108,1,seat,,CHGIS V6,1440,542,,
588,yearbook_588,administrative_entity,南陳,county,ch_c0549,42578,ch_s0047,廣州,ch_p0156,東官郡,ch_c0549,興寧,興寧,興寧,0,,,,0,0,115.69923600040282,24.215482999785937,1,seat,,CHGIS V6,1440,542,,
588,yearbook_588,administrative_entity,南陳,prefecture,ch_p0157,34204,ch_s0047,廣州,ch_p0157,高要郡,,,高要郡,高要郡,0,,,,0,0,112.45315500000022,23.056920999999846,1,seat,,CHGIS V6,1440,542,,
588,yearbook_588,administrative_entity,南陳,county,ch_c0550,42266,ch_s0047,廣州,ch_p0157,高要郡,ch_c0550,高要,高要,高要,0,,,,0,0,112.45315500000022,23.056920999999846,1,seat,,CHGIS V6,1440,542,,
588,yearbook_588,administrative_entity,南陳,prefecture,ch_p0158,34217,ch_s0047,廣州,ch_p0158,晉康郡,,,晉康郡,晉康郡,0,,,,0,0,111.77101900000001,23.146790999999993,1,seat,,CHGIS V6,1440,542,,
588,yearbook_588,administrative_entity,南陳,county,ch_c0551,42352,ch_s0047,廣州,ch_p0158,晉康郡,ch_c0551,端溪,端溪,端溪,0,,,,0,0,111.77101900000001,23.146790999999993,1,seat,,CHGIS V6,1440,542,,
588,yearbook_588,administrative_entity,南陳,county,ch_c0552,42354,ch_s0047,廣州,ch_p0158,晉康郡,ch_c0552,元溪,元溪,元溪,0,,,,0,0,112.12206300000005,23.09887299999997,1,seat,,CHGIS V6,1440,542,,
588,yearbook_588,administrative_entity,南陳,county,ch_c0553,42365,ch_s0047,廣州,ch_p0158,晉康郡,ch_c0553,樂城,樂城,樂城,0,,,,0,0,112.12206300000005,23.09887299999997,1,seat,,CHGIS V6,1441,543,,
588,yearbook_588,administrative_entity,南陳,county,ch_c0554,42364,ch_s0047,廣州,ch_p0158,晉康郡,ch_c0554,悅城,悅城,悅城,0,,,,0,0,112.16348300000007,23.276025999999963,1,seat,,CHGIS V6,1441,543,,
588,yearbook_588,administrative_entity,南陳,county,ch_c0555,42362,ch_s0047,廣州,ch_p0158,晉康郡,ch_c0555,都城,都城,都城,0,,,,0,0,111.52143100000002,23.242224,1,seat,,CHGIS V6,1441,543,,
588,yearbook_588,administrative_entity,南陳,county,ch_c0556,42363,ch_s0047,廣州,ch_p0158,晉康郡,ch_c0556,晉化,晉化,晉化,0,,,,0,0,111.47534200000001,23.011263,1,seat,,CHGIS V6,1441,543,,
588,yearbook_588,administrative_entity,南陳,county,ch_c0557,42368,ch_s0047,廣州,ch_p0158,晉康郡,ch_c0557,文招,文招,文招,0,,,,0,0,112.09369600000004,23.230782999999978,1,seat,,CHGIS V6,1441,543,,
588,yearbook_588,administrative_entity,南陳,county,ch_c0558,42361,ch_s0047,廣州,ch_p0158,晉康郡,ch_c0558,威城,威城,威城,0,,,,0,0,111.54055800000002,23.145522999999997,1,seat,,CHGIS V6,1441,543,,
588,yearbook_588,administrative_entity,南陳,prefecture,ch_p0159,,ch_s0047,廣州,ch_p0159,宋隆郡,,,宋隆郡,宋隆郡,0,,,,0,0,,,0,unmapped,CHGIS 588未找到可采用的同名郡治点,,1441,543,,
588,yearbook_588,administrative_entity,南陳,county,ch_c0559,42314,ch_s0047,廣州,ch_p0159,宋隆郡,ch_c0559,平興,平興,平興,0,,,,0,0,112.55898400000028,22.81990499999977,1,seat,,CHGIS V6,1441,543,,
588,yearbook_588,administrative_entity,南陳,county,ch_c0560,42316,ch_s0047,廣州,ch_p0159,宋隆郡,ch_c0560,建寧,建寧,建寧,0,,,,0,0,112.43407400000015,22.73228999999986,1,seat,,CHGIS V6,1441,543,,
588,yearbook_588,administrative_entity,南陳,county,ch_c0561,42317,ch_s0047,廣州,ch_p0159,宋隆郡,ch_c0561,招興,招興,招興,0,,,,0,0,112.79366300000063,22.813987999999465,1,seat,,CHGIS V6,1441,543,,
588,yearbook_588,administrative_entity,南陳,county,ch_c0562,42319,ch_s0047,廣州,ch_p0159,宋隆郡,ch_c0562,熙穆,熙穆,熙穆,0,,,,0,0,112.60580400000036,22.87069299999973,1,seat,,CHGIS V6,1442,544,,
588,yearbook_588,administrative_entity,南陳,county,ch_c0563,42320,ch_s0047,廣州,ch_p0159,宋隆郡,ch_c0563,崇德,崇德,崇德,0,,,,0,0,112.55653900000026,22.706425999999784,1,seat,,CHGIS V6,1442,544,,
588,yearbook_588,administrative_entity,南陳,county,ch_c0564,42318,ch_s0047,廣州,ch_p0159,宋隆郡,ch_c0564,崇化,崇化,崇化,0,,,,0,0,112.74955700000052,22.749755999999554,1,seat,,CHGIS V6,1442,544,,
588,yearbook_588,administrative_entity,南陳,county,ch_c0565,42321,ch_s0047,廣州,ch_p0159,宋隆郡,ch_c0565,南安,南安,南安,0,,,,0,0,112.79128800000069,22.928087999999466,1,seat,,CHGIS V6,1442,544,,
588,yearbook_588,administrative_entity,南陳,county,ch_c0566,42315,ch_s0047,廣州,ch_p0159,宋隆郡,ch_c0566,初寧,初寧,初寧,0,,,,0,0,112.69558700000047,22.86233499999962,1,seat,,CHGIS V6,1442,544,,
588,yearbook_588,administrative_entity,南陳,prefecture,ch_p0160,34231,ch_s0047,廣州,ch_p0160,梁泰郡,,,梁泰郡,梁泰郡,0,,,,0,0,112.78802700000064,22.859243999999478,1,seat,,CHGIS V6,1442,544,,
588,yearbook_588,administrative_entity,南陳,county,ch_c0567,42322,ch_s0047,廣州,ch_p0160,梁泰郡,ch_c0567,梁泰,梁泰,梁泰,0,,,,0,0,112.78802700000064,22.859243999999478,1,seat,,CHGIS V6,1442,544,,
588,yearbook_588,administrative_entity,南陳,prefecture,ch_p0161,34185,ch_s0047,廣州,ch_p0161,清遠郡,,,清遠郡,清遠郡,0,,,,0,0,114.08532200003191,24.480481999983382,1,seat,,CHGIS V6,1442,544,,
588,yearbook_588,administrative_entity,南陳,county,ch_c0568,42250,ch_s0047,廣州,ch_p0161,清遠郡,ch_c0568,翁源,翁源,翁源,0,,,,0,0,114.08532200003191,24.480481999983382,1,seat,,CHGIS V6,1442,544,,
588,yearbook_588,administrative_entity,南陳,county,ch_c0569,,ch_s0047,廣州,ch_p0161,清遠郡,ch_c0569,清遠,清遠,清遠,0,,,,0,0,,,0,unmapped,CHGIS 588未找到可采用的同名縣治點,,1442,544,,
588,yearbook_588,administrative_entity,南陳,county,ch_c0570,42231,ch_s0047,廣州,ch_p0161,清遠郡,ch_c0570,中宿,中宿,中宿,0,,,,0,0,112.89028400000142,23.90139299999919,1,seat,,CHGIS V6,1442,544,,
588,yearbook_588,administrative_entity,南陳,county,ch_c0571,42233,ch_s0047,廣州,ch_p0161,清遠郡,ch_c0571,威正,威正,威正,0,,,,0,0,112.72985100000076,23.64615299999954,1,seat,,CHGIS V6,1443,545,,
588,yearbook_588,administrative_entity,南陳,county,ch_c0572,42235,ch_s0047,廣州,ch_p0161,清遠郡,ch_c0572,恩洽,恩洽,恩洽,0,,,,0,0,112.89028400000142,23.90139299999919,1,seat,,CHGIS V6,1443,545,,
588,yearbook_588,administrative_entity,南陳,county,ch_c0573,42234,ch_s0047,廣州,ch_p0161,清遠郡,ch_c0573,廉平,廉平,廉平,0,,,,0,0,113.06843600000224,23.601914999998655,1,seat,,CHGIS V6,1443,545,,
588,yearbook_588,administrative_entity,南陳,county,ch_c0574,42236,ch_s0047,廣州,ch_p0161,清遠郡,ch_c0574,浮護,浮護,浮護,0,,,,0,0,113.39332400000578,23.792315999996667,1,seat,,CHGIS V6,1443,545,,
588,yearbook_588,administrative_entity,南陳,prefecture,ch_p0162,34203,ch_s0047,廣州,ch_p0162,樂昌郡,,,樂昌郡,樂昌郡,0,,,,0,0,112.69590000000065,23.468230999999594,1,seat,,CHGIS V6,1443,545,,
588,yearbook_588,administrative_entity,南陳,county,ch_c0575,42272,ch_s0047,廣州,ch_p0162,樂昌郡,ch_c0575,始昌,始昌,始昌,0,,,,0,0,112.69590000000065,23.468230999999594,1,seat,,CHGIS V6,1443,545,,
588,yearbook_588,administrative_entity,南陳,county,ch_c0576,42273,ch_s0047,廣州,ch_p0162,樂昌郡,ch_c0576,宋元,宋元,宋元,0,,,,0,0,112.58974400000042,23.33586299999973,1,seat,,CHGIS V6,1443,545,,
588,yearbook_588,administrative_entity,南陳,county,ch_c0577,42275,ch_s0047,廣州,ch_p0162,樂昌郡,ch_c0577,安樂,安樂,安樂,0,,,,0,0,112.7438510000007,23.246034999999534,1,seat,,CHGIS V6,1443,545,,
588,yearbook_588,administrative_entity,南陳,county,ch_c0578,42274,ch_s0047,廣州,ch_p0162,樂昌郡,ch_c0578,樂山,樂山,樂山,0,,,,0,0,112.66107200000057,23.437751999999648,1,seat,,CHGIS V6,1443,545,,
588,yearbook_588,administrative_entity,南陳,county,ch_c0579,42276,ch_s0047,廣州,ch_p0162,樂昌郡,ch_c0579,義立,義立,義立,0,,,,0,0,112.77774000000089,23.58030499999946,1,seat,,CHGIS V6,1443,545,,
588,yearbook_588,administrative_entity,南陳,prefecture,ch_p0163,34190,ch_s0047,廣州,ch_p0163,梁化郡,,,梁化郡,梁化郡,0,,,,0,0,114.67352300007143,23.113707999957082,1,seat,,CHGIS V6,1443,545,,
588,yearbook_588,administrative_entity,南陳,county,ch_c0580,42163,ch_s0047,廣州,ch_p0163,梁化郡,ch_c0580,懷安,懷安,懷安,0,,,,0,0,114.67352300007143,23.113707999957082,1,seat,,CHGIS V6,1443,545,,
588,yearbook_588,administrative_entity,南陳,county,ch_c0581,,ch_s0047,廣州,ch_p0163,梁化郡,ch_c0581,欣樂,欣樂,欣樂,0,,,,0,0,,,0,unmapped,CHGIS 588未找到可采用的同名縣治點,,1444,546,,
588,yearbook_588,administrative_entity,南陳,prefecture,ch_p0164,34171,ch_s0047,廣州,ch_p0164,義安郡,,,義安郡,義安郡,0,,,,0,0,116.63665800107718,23.667705999365698,1,seat,,CHGIS V6,1444,546,,
588,yearbook_588,administrative_entity,南陳,county,ch_c0582,42140,ch_s0047,廣州,ch_p0164,義安郡,ch_c0582,海陽,海陽,海陽,0,,,,0,0,116.63665800107718,23.667705999365698,1,seat,,CHGIS V6,1444,546,,
588,yearbook_588,administrative_entity,南陳,county,ch_c0583,40329,ch_s0047,廣州,ch_p0164,義安郡,ch_c0583,綏安,綏安,綏安,0,,,,0,0,117.31320900202405,23.804128998703334,1,seat,,CHGIS V6,1444,546,,
588,yearbook_588,administrative_entity,南陳,county,ch_c0584,42151,ch_s0047,廣州,ch_p0164,義安郡,ch_c0584,海寧,海寧,海寧,0,,,,0,0,116.09712900053805,23.038060999675896,1,seat,,CHGIS V6,1444,546,,
588,yearbook_588,administrative_entity,南陳,county,ch_c0585,42143,ch_s0047,廣州,ch_p0164,義安郡,ch_c0585,潮陽,潮陽,潮陽,0,,,,0,0,116.47822400085548,23.258577999483887,1,seat,,CHGIS V6,1444,546,,
588,yearbook_588,administrative_entity,南陳,county,ch_c0586,42153,ch_s0047,廣州,ch_p0164,義安郡,ch_c0586,義招,義招,義招,0,,,,0,0,116.68862900124941,24.354482999294873,1,seat,,CHGIS V6,1444,546,,
588,yearbook_588,administrative_entity,南陳,county,ch_c0587,42575,ch_s0047,廣州,ch_p0164,義安郡,ch_c0587,程鄉,程鄉,程鄉,0,,,,0,0,116.11049700067267,24.315780999637774,1,seat,,CHGIS V6,1444,546,,
588,yearbook_588,administrative_entity,南陳,prefecture,ch_p0165,34201,ch_s0047,廣州,ch_p0165,綏建郡,,,綏建郡,綏建郡,0,,,,0,0,112.42775300000024,23.49094399999985,1,seat,,CHGIS V6,1444,546,,
588,yearbook_588,administrative_entity,南陳,county,ch_c0588,42332,ch_s0047,廣州,ch_p0165,綏建郡,ch_c0588,新招,新招,新招,0,,,,0,0,112.42775300000024,23.49094399999985,1,seat,,CHGIS V6,1445,547,,
588,yearbook_588,administrative_entity,南陳,county,ch_c0589,42334,ch_s0047,廣州,ch_p0165,綏建郡,ch_c0589,化蒙,化蒙,化蒙,0,,,,0,0,112.39724700000022,23.60643799999987,1,seat,,CHGIS V6,1445,547,,
588,yearbook_588,administrative_entity,南陳,county,ch_c0590,,ch_s0047,廣州,ch_p0165,綏建郡,ch_c0590,懷集,懷集,懷集,0,,,,0,0,,,0,unmapped,CHGIS 588未找到可采用的同名縣治點,,1445,547,,
588,yearbook_588,administrative_entity,南陳,county,ch_c0591,42269,ch_s0047,廣州,ch_p0165,綏建郡,ch_c0591,四會,四會,四會,0,,,,0,0,112.69453400000062,23.3487089999996,1,seat,,CHGIS V6,1445,547,,
588,yearbook_588,administrative_entity,南陳,county,ch_c0592,42335,ch_s0047,廣州,ch_p0165,綏建郡,ch_c0592,化穆,化穆,化穆,0,,,,0,0,112.65480000000056,23.502459999999655,1,seat,,CHGIS V6,1445,547,,
588,yearbook_588,administrative_entity,南陳,county,ch_c0593,42337,ch_s0047,廣州,ch_p0165,綏建郡,ch_c0593,化注,化注,化注,0,,,,0,0,112.30510000000014,23.619994999999914,1,seat,,CHGIS V6,1445,547,,
588,yearbook_588,administrative_entity,南陳,state,ch_s0048,30293,ch_s0048,新州,,,,,新州,新州,0,,,,0,0,112.22508200000001,22.702915000000008,1,seat,,CHGIS V4,1445,547,,
588,yearbook_588,administrative_entity,南陳,prefecture,ch_p0166,34227,ch_s0048,新州,ch_p0166,新寧郡,,,新寧郡,新寧郡,0,,,,0,0,112.22508200000006,22.702914999999944,1,seat,,CHGIS V6,1445,547,,
588,yearbook_588,administrative_entity,南陳,county,ch_c0594,42284,ch_s0048,新州,ch_p0166,新寧郡,ch_c0594,新興,新興,新興,0,,,,0,0,112.22508200000006,22.702914999999944,1,seat,,CHGIS V6,1445,547,,
588,yearbook_588,administrative_entity,南陳,county,ch_c0595,,ch_s0048,新州,ch_p0166,新寧郡,ch_c0595,銅陵,銅陵,銅陵,0,,,,0,0,,,0,unmapped,CHGIS 588未找到可采用的同名縣治點,,1445,547,,
588,yearbook_588,administrative_entity,南陳,county,ch_c0596,42294,ch_s0048,新州,ch_p0166,新寧郡,ch_c0596,流南,流南,流南,0,,,,0,0,111.85279800000002,22.344305,1,seat,,CHGIS V6,1446,548,,
588,yearbook_588,administrative_entity,南陳,county,ch_c0597,,ch_s0048,新州,ch_p0166,新寧郡,ch_c0597,西城,西城,西城,0,,,,0,0,,,0,unmapped,CHGIS 588未找到可采用的同名縣治點,,1446,548,,
588,yearbook_588,administrative_entity,南陳,county,ch_c0598,42267,ch_s0048,新州,ch_p0166,新寧郡,ch_c0598,博林,博林,博林,0,,,,0,0,112.3026750000001,22.88416499999993,1,seat,,CHGIS V6,1446,548,,
588,yearbook_588,administrative_entity,南陳,county,ch_c0599,,ch_s0048,新州,ch_p0166,新寧郡,ch_c0599,索盧,索盧,索盧,0,,,,0,0,,,0,unmapped,CHGIS 588未找到可采用的同名縣治點,,1446,548,,
588,yearbook_588,administrative_entity,南陳,county,ch_c0600,42268,ch_s0048,新州,ch_p0166,新寧郡,ch_c0600,撫納,撫納,撫納,0,,,,0,0,112.41238400000019,22.957467999999874,1,seat,,CHGIS V6,1446,548,,
588,yearbook_588,administrative_entity,南陳,county,ch_c0601,,ch_s0048,新州,ch_p0166,新寧郡,ch_c0601,南興,南興,南興,0,,,,0,0,,,0,unmapped,CHGIS 588未找到可采用的同名縣治點,,1446,548,,
588,yearbook_588,administrative_entity,南陳,county,ch_c0602,,ch_s0048,新州,ch_p0166,新寧郡,ch_c0602,單牒,單牒,單牒,0,,,,0,0,,,0,unmapped,CHGIS 588未找到可采用的同名縣治點,,1446,548,,
588,yearbook_588,administrative_entity,南陳,prefecture,ch_p0167,34198,ch_s0048,新州,ch_p0167,新會郡,,,新會郡,新會郡,0,,,,0,0,113.01797900000126,22.634569999998934,1,seat,,CHGIS V6,1446,548,,
588,yearbook_588,administrative_entity,南陳,county,ch_c0603,42216,ch_s0048,新州,ch_p0167,新會郡,ch_c0603,盆允,盆允,盆允,0,,,,0,0,113.01797900000126,22.634569999998934,1,seat,,CHGIS V6,1447,549,,
588,yearbook_588,administrative_entity,南陳,county,ch_c0604,42220,ch_s0048,新州,ch_p0167,新會郡,ch_c0604,新夷,新夷,新夷,0,,,,0,0,112.84721400000063,22.500207999999382,1,seat,,CHGIS V6,1447,549,,
588,yearbook_588,administrative_entity,南陳,county,ch_c0605,,ch_s0048,新州,ch_p0167,新會郡,ch_c0605,封樂,封樂,封樂,0,,,,0,0,,,0,unmapped,CHGIS 588未找到可采用的同名縣治點,,1447,549,,
588,yearbook_588,administrative_entity,南陳,county,ch_c0606,42342,ch_s0048,新州,ch_p0167,新會郡,ch_c0606,義寧,義寧,義寧,0,,,,0,0,112.35811600000011,22.511666999999903,1,seat,,CHGIS V6,1447,549,,
588,yearbook_588,administrative_entity,南陳,county,ch_c0607,42349,ch_s0048,新州,ch_p0167,新會郡,ch_c0607,封平,封平,封平,0,,,,0,0,112.78420300000053,22.521020999999504,1,seat,,CHGIS V6,1447,549,,
588,yearbook_588,administrative_entity,南陳,county,ch_c0608,42348,ch_s0048,新州,ch_p0167,新會郡,ch_c0608,初賓,初賓,初賓,0,,,,0,0,112.94471000000095,22.521605999999156,1,seat,,CHGIS V6,1447,549,,
588,yearbook_588,administrative_entity,南陳,county,ch_c0609,42000,ch_s0048,新州,ch_p0167,新會郡,ch_c0609,永昌,永昌,永昌,0,,,,0,0,111.77066800000004,26.852839999999997,1,seat,,CHGIS V6,1447,549,,
588,yearbook_588,administrative_entity,南陳,county,ch_c0610,41010,ch_s0048,新州,ch_p0167,新會郡,ch_c0610,新建,新建,新建,0,,,,0,0,115.90254100071134,27.664376999630353,1,seat,,CHGIS V6,1447,549,,
588,yearbook_588,administrative_entity,南陳,county,ch_c0611,42223,ch_s0048,新州,ch_p0167,新會郡,ch_c0611,化召,化召,化召,0,,,,0,0,113.08613600000155,22.5894199999987,1,seat,,CHGIS V6,1447,549,,
588,yearbook_588,administrative_entity,南陳,county,ch_c0612,,ch_s0048,新州,ch_p0167,新會郡,ch_c0612,熙潭,熙潭,熙潭,0,,,,0,0,,,0,unmapped,CHGIS 588未找到可采用的同名縣治點,,1447,549,,
588,yearbook_588,administrative_entity,南陳,county,ch_c0613,,ch_s0048,新州,ch_p0167,新會郡,ch_c0613,懷集,懷集,懷集,0,,,,0,0,,,0,unmapped,CHGIS 588未找到可采用的同名縣治點,,1447,549,,
588,yearbook_588,administrative_entity,南陳,state,ch_s0049,30296,ch_s0049,高州,,,,,高州,高州,0,,,,0,0,111.88704699999998,21.864986000000002,1,seat,,CHGIS V4,1448,550,,
588,yearbook_588,administrative_entity,南陳,prefecture,ch_p0168,34241,ch_s0049,高州,ch_p0168,高涼郡,,,高涼郡,高涼郡,0,,,,0,0,111.887047,21.864985999999995,1,seat,,CHGIS V6,1448,550,,
588,yearbook_588,administrative_entity,南陳,county,ch_c0614,42302,ch_s0049,高州,ch_p0168,高涼郡,ch_c0614,高涼,高涼,高涼,0,,,,0,0,111.887047,21.864985999999995,1,seat,,CHGIS V6,1448,550,,
588,yearbook_588,administrative_entity,南陳,county,ch_c0615,42387,ch_s0049,高州,ch_p0168,高涼郡,ch_c0615,務德,務德,務德,0,,,,1,0,111.017957,22.151756,1,seat,,CHGIS V6,1448,550,,
588,yearbook_588,administrative_entity,南陳,county,ch_c0616,,ch_s0049,高州,ch_p0168,高涼郡,ch_c0616,茂名,茂名,茂名,0,,,,0,0,,,0,unmapped,CHGIS 588未找到可采用的同名縣治點,,1448,550,,
588,yearbook_588,administrative_entity,南陳,prefecture,ch_p0169,34250,ch_s0049,高州,ch_p0169,杜陵郡,,,杜陵郡,杜陵郡,0,,,,0,0,111.62740300000002,21.750427,1,seat,,CHGIS V6,1448,550,,
588,yearbook_588,administrative_entity,南陳,county,ch_c0617,42306,ch_s0049,高州,ch_p0169,杜陵郡,ch_c0617,杜陵,杜陵,杜陵,0,,,,0,0,111.62740300000002,21.750427,1,seat,,CHGIS V6,1448,550,,
588,yearbook_588,administrative_entity,南陳,prefecture,ch_p0170,34246,ch_s0049,高州,ch_p0170,海昌郡,,,海昌郡,海昌郡,0,,,,0,0,111.11791200000002,22.18585,1,seat,,CHGIS V6,1448,550,,
588,yearbook_588,administrative_entity,南陳,county,ch_c0618,,ch_s0049,高州,ch_p0170,海昌郡,ch_c0618,海昌,海昌,海昌,0,,,,0,0,,,0,unmapped,CHGIS 588未找到可采用的同名縣治點,,1448,550,,
588,yearbook_588,administrative_entity,南陳,county,ch_c0619,42389,ch_s0049,高州,ch_p0170,海昌郡,ch_c0619,寧化,寧化,寧化,0,,,,0,0,111.11791200000002,22.18585,1,seat,,CHGIS V6,1449,551,,
588,yearbook_588,administrative_entity,南陳,prefecture,ch_p0171,34248,ch_s0049,高州,ch_p0171,永寧郡,,,永寧郡,永寧郡,0,,,,0,0,111.577881,21.835007000000004,1,seat,,CHGIS V6,1449,551,,
588,yearbook_588,administrative_entity,南陳,county,ch_c0620,,ch_s0049,高州,ch_p0171,永寧郡,ch_c0620,杜羅,杜羅,杜羅,0,,,,0,0,,,0,unmapped,CHGIS 588未找到可采用的同名縣治點,,1449,551,,
588,yearbook_588,administrative_entity,南陳,county,ch_c0621,,ch_s0049,高州,ch_p0171,永寧郡,ch_c0621,金安,金安,金安,0,,,,0,0,,,0,unmapped,CHGIS 588未找到可采用的同名縣治點,,1449,551,,
588,yearbook_588,administrative_entity,南陳,county,ch_c0622,,ch_s0049,高州,ch_p0171,永寧郡,ch_c0622,蒙,蒙,蒙,0,,,,0,0,,,0,unmapped,CHGIS 588未找到可采用的同名縣治點,,1449,551,,
588,yearbook_588,administrative_entity,南陳,county,ch_c0623,,ch_s0049,高州,ch_p0171,永寧郡,ch_c0623,廖簡,廖簡,廖簡,0,,,,0,0,,,0,unmapped,CHGIS 588未找到可采用的同名縣治點,,1449,551,,
588,yearbook_588,administrative_entity,南陳,county,ch_c0624,,ch_s0049,高州,ch_p0171,永寧郡,ch_c0624,留城,留城,留城,0,,,,0,0,,,0,unmapped,CHGIS 588未找到可采用的同名縣治點,,1449,551,,
588,yearbook_588,administrative_entity,南陳,prefecture,ch_p0172,34245,ch_s0049,高州,ch_p0172,宋康郡,,,宋康郡,宋康郡,0,,,,0,0,111.67717000000002,21.956139,1,seat,,CHGIS V6,1449,551,,
588,yearbook_588,administrative_entity,南陳,county,ch_c0625,42309,ch_s0049,高州,ch_p0172,宋康郡,ch_c0625,廣化,廣化,廣化,0,,,,0,0,111.67717000000002,21.956139,1,seat,,CHGIS V6,1449,551,,
588,yearbook_588,administrative_entity,南陳,county,ch_c0626,,ch_s0049,高州,ch_p0172,宋康郡,ch_c0626,單城,單城,單城,0,,,,0,0,,,0,unmapped,CHGIS 588未找到可采用的同名縣治點,,1449,551,,
588,yearbook_588,administrative_entity,南陳,county,ch_c0627,41948,ch_s0049,高州,ch_p0172,宋康郡,ch_c0627,石門,石門,石門,0,,,,0,0,111.373611,29.588543,1,seat,,CHGIS V6,1449,551,,
588,yearbook_588,administrative_entity,南陳,county,ch_c0628,,ch_s0049,高州,ch_p0172,宋康郡,ch_c0628,化隆,化隆,化隆,0,,,,0,0,,,0,unmapped,CHGIS 588未找到可采用的同名縣治點,,1449,551,,
588,yearbook_588,administrative_entity,南陳,county,ch_c0629,,ch_s0049,高州,ch_p0172,宋康郡,ch_c0629,遂度,遂度,遂度,0,,,,0,0,,,0,unmapped,CHGIS 588未找到可采用的同名縣治點,,1449,551,,
588,yearbook_588,administrative_entity,南陳,county,ch_c0630,,ch_s0049,高州,ch_p0172,宋康郡,ch_c0630,威覃,威覃,威覃,0,,,,0,0,,,0,unmapped,CHGIS 588未找到可采用的同名縣治點,,1449,551,,
588,yearbook_588,administrative_entity,南陳,county,ch_c0631,,ch_s0049,高州,ch_p0172,宋康郡,ch_c0631,開寧,開寧,開寧,0,,,,0,0,,,0,unmapped,CHGIS 588未找到可采用的同名縣治點,,1449,551,,
588,yearbook_588,administrative_entity,南陳,county,ch_c0632,,ch_s0049,高州,ch_p0172,宋康郡,ch_c0632,海鄰,海鄰,海鄰,0,,,,0,0,,,0,unmapped,CHGIS 588未找到可采用的同名縣治點,,1449,551,,
588,yearbook_588,administrative_entity,南陳,county,ch_c0633,,ch_s0049,高州,ch_p0172,宋康郡,ch_c0633,輿定,輿定,輿定,0,,,,0,0,,,0,unmapped,CHGIS 588未找到可采用的同名縣治點,,1449,551,,
588,yearbook_588,administrative_entity,南陳,county,ch_c0634,,ch_s0049,高州,ch_p0172,宋康郡,ch_c0634,綏定,綏定,綏定,0,,,,0,0,,,0,unmapped,CHGIS 588未找到可采用的同名縣治點,,1450,552,,
588,yearbook_588,administrative_entity,南陳,prefecture,ch_p0173,34249,ch_s0049,高州,ch_p0173,齊安郡,,,齊安郡,齊安郡,0,,,,0,0,112.35194900000008,22.23813699999991,1,seat,,CHGIS V6,1450,552,,
588,yearbook_588,administrative_entity,南陳,county,ch_c0635,42327,ch_s0049,高州,ch_p0173,齊安郡,ch_c0635,齊安,齊安,齊安,0,,,,0,0,112.35194900000008,22.23813699999991,1,seat,,CHGIS V6,1450,552,,
588,yearbook_588,administrative_entity,南陳,prefecture,ch_p0174,34254,ch_s0049,高州,ch_p0174,陽春郡,,,陽春郡,陽春郡,0,,,,0,0,111.776614,22.17913499999999,1,seat,,CHGIS V6,1450,552,,
588,yearbook_588,administrative_entity,南陳,county,ch_c0636,42290,ch_s0049,高州,ch_p0174,陽春郡,ch_c0636,陽春,陽春,陽春,0,,,,0,0,111.79067999999998,22.175906999999995,1,seat,,CHGIS V6,1450,552,,
588,yearbook_588,administrative_entity,南陳,prefecture,ch_p0175,34251,ch_s0049,高州,ch_p0175,連江郡,,,連江郡,連江郡,0,,,,0,0,111.34163700000002,21.493204,1,seat,,CHGIS V6,1450,552,,
588,yearbook_588,administrative_entity,南陳,county,ch_c0637,42396,ch_s0049,高州,ch_p0175,連江郡,ch_c0637,連江,連江,連江,0,,,,0,0,111.34163700000002,21.493204,1,seat,,CHGIS V6,1450,552,,
588,yearbook_588,administrative_entity,南陳,prefecture,ch_p0176,34252,ch_s0049,高州,ch_p0176,南巴郡,,,南巴郡,南巴郡,0,,,,0,0,111.13141600000002,21.628096,1,seat,,CHGIS V6,1450,552,,
588,yearbook_588,administrative_entity,南陳,county,ch_c0638,42383,ch_s0049,高州,ch_p0176,南巴郡,ch_c0638,南巴,南巴,南巴,0,,,,0,0,111.13141600000002,21.628096,1,seat,,CHGIS V6,1450,552,,
588,yearbook_588,administrative_entity,南陳,county,ch_c0639,,ch_s0049,高州,ch_p0176,南巴郡,ch_c0639,梁封,梁封,梁封,0,,,,0,0,,,0,unmapped,CHGIS 588未找到可采用的同名縣治點,,1450,552,,
588,yearbook_588,administrative_entity,南陳,prefecture,ch_p0177,34253,ch_s0049,高州,ch_p0177,電白郡,,,電白郡,電白郡,0,,,,0,0,111.00349900000002,22.016524000000004,1,seat,,CHGIS V6,1450,552,,
588,yearbook_588,administrative_entity,南陳,county,ch_c0640,42385,ch_s0049,高州,ch_p0177,電白郡,ch_c0640,電白,電白,電白,0,,,,0,0,111.00349900000002,22.016524000000004,1,seat,,CHGIS V6,1451,553,,
588,yearbook_588,administrative_entity,南陳,state,ch_s0050,30291,ch_s0050,南合州,,,,,南合州,南合州,0,,,,0,0,110.15652600000003,20.261126000000015,1,seat,,CHGIS V4,1451,553,,
588,yearbook_588,administrative_entity,南陳,prefecture,ch_p0179,34267,ch_s0050,南合州,ch_p0179,齊康郡,,,齊康郡,齊康郡,0,,,,0,0,110.15652600000001,20.261125999999997,1,seat,,CHGIS V6,1451,553,,
588,yearbook_588,administrative_entity,南陳,county,ch_c0641,42425,ch_s0050,南合州,ch_p0179,齊康郡,ch_c0641,齊康,齊康,齊康,0,,,,0,0,110.15652600000001,20.261125999999997,1,seat,,CHGIS V6,1451,553,,
588,yearbook_588,administrative_entity,南陳,county,ch_c0642,,ch_s0050,南合州,ch_p0179,齊康郡,ch_c0642,摸落,摸落,摸落,0,,,,1,0,,,0,unmapped,CHGIS 588未找到可采用的同名縣治點,,1451,553,,
588,yearbook_588,administrative_entity,南陳,county,ch_c0643,,ch_s0050,南合州,ch_p0179,齊康郡,ch_c0643,羅阿,羅阿,羅阿,0,,,,1,0,,,0,unmapped,CHGIS 588未找到可采用的同名縣治點,,1451,553,,
588,yearbook_588,administrative_entity,南陳,county,ch_c0644,,ch_s0050,南合州,ch_p0179,齊康郡,ch_c0644,雷川,雷川,雷川,0,,,,0,0,,,0,unmapped,CHGIS 588未找到可采用的同名縣治點,,1451,553,,
588,yearbook_588,administrative_entity,南陳,state,ch_s0051,34488,ch_s0051,羅州,,,,,羅州,羅州,0,,,,0,0,110.22859899999997,32.22612799999999,1,seat,,CHGIS V6,1451,553,,
588,yearbook_588,administrative_entity,南陳,prefecture,ch_p0180,34255,ch_s0051,羅州,ch_p0180,石龍郡,,,石龍郡,石龍郡,0,,,,0,0,110.634694,21.667129,1,seat,,CHGIS V6,1451,553,,
588,yearbook_588,administrative_entity,南陳,county,ch_c0645,42405,ch_s0051,羅州,ch_p0180,石龍郡,ch_c0645,石龍,石龍,石龍,0,,,,0,0,110.62531299999999,21.654027999999997,1,seat,,CHGIS V6,1452,554,,
588,yearbook_588,administrative_entity,南陳,prefecture,ch_p0181,34247,ch_s0051,羅州,ch_p0181,高興郡,,,高興郡,高興郡,0,,,,0,0,110.62531299999999,21.654027999999997,1,seat,,CHGIS V6,1452,554,,
588,yearbook_588,administrative_entity,南陳,county,ch_c0646,,ch_s0051,羅州,ch_p0181,高興郡,ch_c0646,高興,高興,高興,0,,,,0,0,,,0,unmapped,CHGIS 588未找到可采用的同名縣治點,,1452,554,,
588,yearbook_588,administrative_entity,南陳,county,ch_c0647,,ch_s0051,羅州,ch_p0181,高興郡,ch_c0647,宋和,宋和,宋和,0,,,,0,0,,,0,unmapped,CHGIS 588未找到可采用的同名縣治點,,1452,554,,
588,yearbook_588,administrative_entity,南陳,county,ch_c0648,,ch_s0051,羅州,ch_p0181,高興郡,ch_c0648,寧單,寧單,寧單,0,,,,0,0,,,0,unmapped,CHGIS 588未找到可采用的同名縣治點,,1452,554,,
588,yearbook_588,administrative_entity,南陳,county,ch_c0649,,ch_s0051,羅州,ch_p0181,高興郡,ch_c0649,威成,威成,威成,0,,,,0,0,,,0,unmapped,CHGIS 588未找到可采用的同名縣治點,,1452,554,,
588,yearbook_588,administrative_entity,南陳,county,ch_c0650,,ch_s0051,羅州,ch_p0181,高興郡,ch_c0650,夫羅,夫羅,夫羅,0,,,,0,0,,,0,unmapped,CHGIS 588未找到可采用的同名縣治點,,1452,554,,
588,yearbook_588,administrative_entity,南陳,county,ch_c0651,42321,ch_s0051,羅州,ch_p0181,高興郡,ch_c0651,南安,南安,南安,0,,,,0,0,112.79128800000069,22.928087999999466,1,seat,,CHGIS V6,1452,554,,
588,yearbook_588,administrative_entity,南陳,county,ch_c0652,,ch_s0051,羅州,ch_p0181,高興郡,ch_c0652,歸安,歸安,歸安,0,,,,0,0,,,0,unmapped,CHGIS 588未找到可采用的同名縣治點,,1452,554,,
588,yearbook_588,administrative_entity,南陳,county,ch_c0653,,ch_s0051,羅州,ch_p0181,高興郡,ch_c0653,陳蓮,陳蓮,陳蓮,0,,,,0,0,,,0,unmapped,CHGIS 588未找到可采用的同名縣治點,,1452,554,,
588,yearbook_588,administrative_entity,南陳,county,ch_c0654,88478,ch_s0051,羅州,ch_p0181,高興郡,ch_c0654,高城,高城,高城,0,,,,0,0,114.83412900017335,38.03044499980802,1,seat,,CHGIS V6,1452,554,,
588,yearbook_588,administrative_entity,南陳,county,ch_c0655,41010,ch_s0051,羅州,ch_p0181,高興郡,ch_c0655,新建,新建,新建,0,,,,0,0,115.90254100071134,27.664376999630353,1,seat,,CHGIS V6,1452,554,,
588,yearbook_588,administrative_entity,南陳,state,ch_s0052,30285,ch_s0052,越州,,,,,越州,越州,0,,,,0,0,109.47006999999994,21.913258000000006,1,seat,,CHGIS V4,1452,554,,
588,yearbook_588,administrative_entity,南陳,prefecture,ch_p0182,34237,ch_s0052,越州,ch_p0182,合浦郡,,,合浦郡,合浦郡,0,,,,0,0,109.47006999999994,21.91325799999981,1,seat,,CHGIS V6,1452,554,,
588,yearbook_588,administrative_entity,南陳,county,ch_c0656,42524,ch_s0052,越州,ch_p0182,合浦郡,ch_c0656,合浦,合浦,合浦,0,,,,0,0,109.47006999999994,21.91325799999981,1,seat,,CHGIS V6,1452,554,,
588,yearbook_588,administrative_entity,南陳,county,ch_c0657,42436,ch_s0052,越州,ch_p0182,合浦郡,ch_c0657,椹,椹,椹,0,,,,0,0,109.97308,21.328350999999984,1,seat,,CHGIS V6,1452,554,,
588,yearbook_588,administrative_entity,南陳,county,ch_c0658,42435,ch_s0052,越州,ch_p0182,合浦郡,ch_c0658,扇沙,扇沙,扇沙,0,,,,0,0,110.374313,21.395261999999995,1,seat,,CHGIS V6,1452,554,,
588,yearbook_588,administrative_entity,南陳,county,ch_c0659,,ch_s0052,越州,ch_p0182,合浦郡,ch_c0659,北流,北流,北流,0,,,,0,0,,,0,unmapped,CHGIS 588未找到可采用的同名縣治點,,1452,554,,
588,yearbook_588,administrative_entity,南陳,county,ch_c0660,44279,ch_s0052,越州,ch_p0182,合浦郡,ch_c0660,陸川,陸川,陸川,0,,,,0,0,110.53345499999999,22.26029,1,seat,,CHGIS V6,1453,555,,
588,yearbook_588,administrative_entity,南陳,county,ch_c0661,44267,ch_s0052,越州,ch_p0182,合浦郡,ch_c0661,南昌,南昌,南昌,0,,,,0,0,110.02537500000001,22.18893799999999,1,seat,,CHGIS V6,1453,555,,
588,yearbook_588,administrative_entity,南陳,prefecture,ch_p0183,35112,ch_s0052,越州,ch_p0183,封山郡,,,封山郡,封山郡,0,,,,0,0,109.33741799999973,22.22733699999968,1,seat,,CHGIS V6,1453,555,,
588,yearbook_588,administrative_entity,南陳,county,ch_c0662,42546,ch_s0052,越州,ch_p0183,封山郡,ch_c0662,封山,封山,封山,0,,,,0,0,109.33741799999973,22.22733699999968,1,seat,,CHGIS V6,1453,555,,
588,yearbook_588,administrative_entity,南陳,county,ch_c0663,,ch_s0052,越州,ch_p0183,封山郡,ch_c0663,廉昌,廉昌,廉昌,0,,,,0,0,,,0,unmapped,CHGIS 588未找到可采用的同名縣治點,,1453,555,,
588,yearbook_588,administrative_entity,南陳,prefecture,ch_p0184,34263,ch_s0052,越州,ch_p0184,龍蘇郡,,,龍蘇郡,龍蘇郡,0,,,,0,0,109.55055199999987,22.422095999999858,1,seat,,CHGIS V6,1453,555,,
588,yearbook_588,administrative_entity,南陳,county,ch_c0664,42533,ch_s0052,越州,ch_p0184,龍蘇郡,ch_c0664,龍蘇,龍蘇,龍蘇,0,,,,0,0,109.55055199999987,22.422095999999858,1,seat,,CHGIS V6,1453,555,,
588,yearbook_588,administrative_entity,南陳,county,ch_c0665,42534,ch_s0052,越州,ch_p0184,龍蘇郡,ch_c0665,大廉,大廉,大廉,0,,,,0,0,109.47640199999995,21.705571999999822,1,seat,,CHGIS V6,1453,555,,
588,yearbook_588,administrative_entity,南陳,prefecture,ch_p0185,35095,ch_s0052,越州,ch_p0185,定川郡,,,定川郡,定川郡,0,,,,0,0,110.06289099999996,22.55125199999999,1,seat,,CHGIS V6,1453,555,,
588,yearbook_588,administrative_entity,南陳,county,ch_c0666,,ch_s0052,越州,ch_p0185,定川郡,ch_c0666,興昌,興昌,興昌,0,,,,0,0,,,0,unmapped,CHGIS 588未找到可采用的同名縣治點,,1453,555,,
588,yearbook_588,administrative_entity,南陳,prefecture,ch_p0186,,ch_s0052,越州,ch_p0186,抱郡,,,抱郡,抱郡,0,,,,1,0,,,0,unmapped,CHGIS 588未找到可采用的同名郡治点,,1454,556,,
588,yearbook_588,administrative_entity,南陳,county,ch_c0667,,ch_s0052,越州,ch_p0186,抱郡,ch_c0667,抱,抱,抱,0,,,,1,0,,,0,unmapped,CHGIS 588未找到可采用的同名縣治點,,1454,556,,
588,yearbook_588,administrative_entity,南陳,prefecture,ch_p0187,35109,ch_s0052,越州,ch_p0187,百梁郡,,,百梁郡,百梁郡,0,,,,0,0,109.19003999999977,21.670144999999497,1,seat,,CHGIS V6,1454,556,,
588,yearbook_588,administrative_entity,南陳,county,ch_c0668,,ch_s0052,越州,ch_p0187,百梁郡,ch_c0668,百梁,百梁,百梁,0,,,,0,0,,,0,unmapped,CHGIS 588未找到可采用的同名縣治點,,1454,556,,
588,yearbook_588,administrative_entity,南陳,state,ch_s0053,,ch_s0053,興州,,,,,興州,興州,0,,,,0,0,,,0,unmapped,CHGIS 588未找到可唯一采用的同名州治点,,1454,556,,
588,yearbook_588,administrative_entity,南陳,prefecture,ch_p0188,,ch_s0053,興州,ch_p0188,新昌郡,,,新昌郡,新昌郡,0,,,,0,0,,,0,unmapped,CHGIS 588未找到可采用的同名郡治点,,1454,556,,
588,yearbook_588,administrative_entity,南陳,county,ch_c0669,,ch_s0053,興州,ch_p0188,新昌郡,ch_c0669,嘉寧,嘉寧,嘉寧,0,,,,0,0,,,0,unmapped,CHGIS 588未找到可采用的同名縣治點,,1454,556,,
588,yearbook_588,administrative_entity,南陳,county,ch_c0670,,ch_s0053,興州,ch_p0188,新昌郡,ch_c0670,範信,範信,範信,0,,,,0,0,,,0,unmapped,CHGIS 588未找到可采用的同名縣治點,,1454,556,,
588,yearbook_588,administrative_entity,南陳,county,ch_c0671,,ch_s0053,興州,ch_p0188,新昌郡,ch_c0671,西道,西道,西道,0,,,,0,0,,,0,unmapped,CHGIS 588未找到可采用的同名縣治點,,1454,556,,
588,yearbook_588,administrative_entity,南陳,county,ch_c0672,,ch_s0053,興州,ch_p0188,新昌郡,ch_c0672,吳定,吳定,吳定,0,,,,0,0,,,0,unmapped,CHGIS 588未找到可采用的同名縣治點,,1454,556,,
588,yearbook_588,administrative_entity,南陳,county,ch_c0673,,ch_s0053,興州,ch_p0188,新昌郡,ch_c0673,新道,新道,新道,0,,,,0,0,,,0,unmapped,CHGIS 588未找到可采用的同名縣治點,,1454,556,,
588,yearbook_588,administrative_entity,南陳,county,ch_c0674,42363,ch_s0053,興州,ch_p0188,新昌郡,ch_c0674,晉化,晉化,晉化,0,,,,0,0,111.47534200000001,23.011263,1,seat,,CHGIS V6,1454,556,,
588,yearbook_588,administrative_entity,南陳,county,ch_c0675,,ch_s0053,興州,ch_p0188,新昌郡,ch_c0675,臨西,臨西,臨西,0,,,,0,0,,,0,unmapped,CHGIS 588未找到可采用的同名縣治點,,1454,556,,
588,yearbook_588,administrative_entity,南陳,state,ch_s0054,,ch_s0054,桂州,,,,,桂州,桂州,0,,,,0,0,,,0,unmapped,CHGIS 588未找到可唯一采用的同名州治点,,1456,558,,
588,yearbook_588,administrative_entity,南陳,prefecture,ch_p0191,35077,ch_s0054,桂州,ch_p0191,始安郡,,,始安郡,始安郡,0,,,,0,0,110.286262,25.28006,1,seat,,CHGIS V6,1456,558,,
588,yearbook_588,administrative_entity,南陳,county,ch_c0688,43738,ch_s0054,桂州,ch_p0191,始安郡,ch_c0688,始安,始安,始安,0,,,,0,0,110.286262,25.28006,1,seat,,CHGIS V6,1456,558,,
588,yearbook_588,administrative_entity,南陳,county,ch_c0689,43932,ch_s0054,桂州,ch_p0191,始安郡,ch_c0689,荔浦,荔浦,荔浦,0,,,,0,0,110.39119700000002,24.496014,1,seat,,CHGIS V6,1456,558,,
588,yearbook_588,administrative_entity,南陳,county,ch_c0690,43934,ch_s0054,桂州,ch_p0191,始安郡,ch_c0690,永豐,永豐,永豐,0,,,,0,0,110.273758,24.620953999999998,1,seat,,CHGIS V6,1456,558,,
588,yearbook_588,administrative_entity,南陳,county,ch_c0691,43912,ch_s0054,桂州,ch_p0191,始安郡,ch_c0691,平樂,平樂,平樂,0,,,,0,0,110.63486899999998,24.642347000000004,1,seat,,CHGIS V6,1456,558,,
588,yearbook_588,administrative_entity,南陳,prefecture,ch_p0192,35071,ch_s0054,桂州,ch_p0192,桂林郡,,,桂林郡,桂林郡,0,,,,0,0,109.71842899999983,24.14619399999992,1,seat,,CHGIS V6,1456,558,,
588,yearbook_588,administrative_entity,南陳,county,ch_c0692,43824,ch_s0054,桂州,ch_p0192,桂林郡,ch_c0692,武熙,武熙,武熙,0,,,,0,0,109.71842899999983,24.14619399999992,1,seat,,CHGIS V6,1456,558,,
588,yearbook_588,administrative_entity,南陳,county,ch_c0693,43641,ch_s0054,桂州,ch_p0192,桂林郡,ch_c0693,安化,安化,安化,0,,,,0,0,113.25572000001021,32.13724999999491,1,seat,,CHGIS V6,1456,558,,
588,yearbook_588,administrative_entity,南陳,county,ch_c0694,,ch_s0054,桂州,ch_p0192,桂林郡,ch_c0694,常安,常安,常安,0,,,,0,0,,,0,unmapped,CHGIS 588未找到可采用的同名縣治點,,1456,558,,
588,yearbook_588,administrative_entity,南陳,county,ch_c0695,,ch_s0054,桂州,ch_p0192,桂林郡,ch_c0695,中溜,中溜,中溜,0,,,,0,0,,,0,unmapped,CHGIS 588未找到可采用的同名縣治點,,1457,559,,
588,yearbook_588,administrative_entity,南陳,prefecture,ch_p0193,35076,ch_s0054,桂州,ch_p0193,象郡,,,象郡,象郡,0,,,,0,0,109.60187499999974,24.26021399999987,1,seat,,CHGIS V6,1457,559,,
588,yearbook_588,administrative_entity,南陳,prefecture,ch_p0194,35075,ch_s0054,桂州,ch_p0194,韶陽郡,,,韶陽郡,韶陽郡,0,,,,0,0,109.6824569999998,23.958055999999907,1,seat,,CHGIS V6,1457,559,,
588,yearbook_588,administrative_entity,南陳,county,ch_c0696,,ch_s0054,桂州,ch_p0194,韶陽郡,ch_c0696,陽壽,陽壽,陽壽,0,,,,0,0,,,0,unmapped,CHGIS 588未找到可采用的同名縣治點,,1457,559,,
588,yearbook_588,administrative_entity,南陳,county,ch_c0697,42953,ch_s0054,桂州,ch_p0194,韶陽郡,ch_c0697,淮陽,淮陽,淮陽,0,,,,0,0,118.93358599916549,33.53131498970533,1,seat,,CHGIS V6,1457,559,,
588,yearbook_588,administrative_entity,南陳,county,ch_c0698,41013,ch_s0054,桂州,ch_p0194,韶陽郡,ch_c0698,西寧,西寧,西寧,0,,,,0,0,116.01732200080393,27.48862599958088,1,seat,,CHGIS V6,1457,559,,
588,yearbook_588,administrative_entity,南陳,prefecture,ch_p0195,32576,ch_s0054,桂州,ch_p0195,安成郡,,,安成郡,安成郡,0,,,,0,0,114.60845200011644,27.38246199994388,1,seat,,CHGIS V6,1457,559,,
588,yearbook_588,administrative_entity,南陳,county,ch_c0699,,ch_s0054,桂州,ch_p0195,安成郡,ch_c0699,安成,安成,安成,0,,,,0,0,,,0,unmapped,CHGIS 588未找到可采用的同名縣治點,,1457,559,,
588,yearbook_588,administrative_entity,南陳,prefecture,ch_p0901,35066,ch_s0054,桂州,ch_p0901,領方郡,,,領方郡,領方郡,0,,,,0,0,108.8396369999975,23.181713999998305,1,seat,,CHGIS V6,1457,559,,
588,yearbook_588,administrative_entity,南陳,county,ch_c0700,44057,ch_s0054,桂州,ch_p0901,領方郡,ch_c0700,領方,領方,領方,0,,,,0,0,108.83553899999747,23.188703999998282,1,seat,,CHGIS V6,1458,560,,
588,yearbook_588,administrative_entity,南陳,prefecture,ch_p0196,35054,ch_s0054,桂州,ch_p0196,晉興郡,,,晉興郡,晉興郡,0,,,,0,0,108.27629099998924,23.166766999993083,1,seat,,CHGIS V6,1458,560,,
588,yearbook_588,administrative_entity,南陳,county,ch_c0701,43838,ch_s0054,桂州,ch_p0196,晉興郡,ch_c0701,晉興,晉興,晉興,0,,,,0,0,108.27629099998924,23.166766999993083,1,seat,,CHGIS V6,1458,560,,
588,yearbook_588,administrative_entity,南陳,county,ch_c0702,,ch_s0054,桂州,ch_p0196,晉興郡,ch_c0702,熙注,熙注,熙注,0,,,,0,0,,,0,unmapped,CHGIS 588未找到可采用的同名縣治點,,1458,560,,
588,yearbook_588,administrative_entity,南陳,county,ch_c0703,,ch_s0054,桂州,ch_p0196,晉興郡,ch_c0703,桂林,桂林,桂林,0,,,,0,0,,,0,unmapped,CHGIS 588未找到可采用的同名縣治點,,1458,560,,
588,yearbook_588,administrative_entity,南陳,county,ch_c0704,,ch_s0054,桂州,ch_p0196,晉興郡,ch_c0704,增翊,增翊,增翊,0,,,,0,0,,,0,unmapped,CHGIS 588未找到可采用的同名縣治點,,1458,560,,
588,yearbook_588,administrative_entity,南陳,county,ch_c0705,,ch_s0054,桂州,ch_p0196,晉興郡,ch_c0705,安廣,安廣,安廣,0,,,,0,0,,,0,unmapped,CHGIS 588未找到可采用的同名縣治點,,1458,560,,
588,yearbook_588,administrative_entity,南陳,county,ch_c0706,,ch_s0054,桂州,ch_p0196,晉興郡,ch_c0706,廣郁,廣郁,廣郁,0,,,,0,0,,,0,unmapped,CHGIS 588未找到可采用的同名縣治點,,1458,560,,
588,yearbook_588,administrative_entity,南陳,county,ch_c0707,44568,ch_s0054,桂州,ch_p0196,晉興郡,ch_c0707,晉城,晉城,晉城,0,,,,0,0,105.7515339988892,31.48587199922879,1,seat,,CHGIS V6,1458,560,,
588,yearbook_588,administrative_entity,南陳,county,ch_c0708,,ch_s0054,桂州,ch_p0196,晉興郡,ch_c0708,郁陽,郁陽,郁陽,0,,,,0,0,,,0,unmapped,CHGIS 588未找到可采用的同名縣治點,,1458,560,,
588,yearbook_588,administrative_entity,南陳,state,ch_s0055,30276,ch_s0055,東衡州,,,,,東衡州,東衡州,0,,,,0,0,113.60341700000431,24.81020899999981,1,seat,,CHGIS V4,1458,560,,
588,yearbook_588,administrative_entity,南陳,prefecture,ch_p0197,34176,ch_s0055,東衡州,ch_p0197,始興郡,,,始興郡,始興郡,0,,,,0,0,113.60341700001209,24.810208999993897,1,seat,,CHGIS V6,1458,560,,
588,yearbook_588,administrative_entity,南陳,county,ch_c0709,42238,ch_s0055,東衡州,ch_p0197,始興郡,ch_c0709,曲江,曲江,曲江,0,,,,0,0,113.60341700001209,24.810208999993897,1,seat,,CHGIS V6,1459,561,,
588,yearbook_588,administrative_entity,南陳,county,ch_c0710,42242,ch_s0055,東衡州,ch_p0197,始興郡,ch_c0710,梁化,梁化,梁化,0,,,,0,0,113.34679400000697,25.134873999996643,1,seat,,CHGIS V6,1459,561,,
588,yearbook_588,administrative_entity,南陳,county,ch_c0711,42258,ch_s0055,東衡州,ch_p0197,始興郡,ch_c0711,湞陽,湞陽,湞陽,0,,,,0,0,113.40207700000651,24.17293699999647,1,seat,,CHGIS V6,1459,561,,
588,yearbook_588,administrative_entity,南陳,county,ch_c0712,42244,ch_s0055,東衡州,ch_p0197,始興郡,ch_c0712,平石,平石,平石,0,,,,0,0,113.01343500000296,25.30191999999865,1,seat,,CHGIS V6,1459,561,,
588,yearbook_588,administrative_entity,南陳,prefecture,ch_p0198,34186,ch_s0055,東衡州,ch_p0198,安遠郡,,,安遠郡,安遠郡,0,,,,0,0,114.5229260000811,25.274131999959952,1,seat,,CHGIS V6,1459,561,,
588,yearbook_588,administrative_entity,南陳,county,ch_c0713,42593,ch_s0055,東衡州,ch_p0198,安遠郡,ch_c0713,始興,始興,始興,0,,,,0,0,114.03466000003145,24.984045999984275,1,seat,,CHGIS V6,1459,561,,
588,yearbook_588,administrative_entity,南陳,county,ch_c0714,,ch_s0055,東衡州,ch_p0198,安遠郡,ch_c0714,須陽,須陽,須陽,0,,,,0,0,,,0,unmapped,CHGIS 588未找到可采用的同名縣治點,,1459,561,,
588,yearbook_588,administrative_entity,南陳,prefecture,ch_p0199,32831,ch_s0055,東衡州,ch_p0199,盧陽郡,,,盧陽郡,盧陽郡,0,,,,0,0,113.67976500001627,25.545516999992206,1,seat,,CHGIS V6,1459,561,,
588,yearbook_588,administrative_entity,南陳,county,ch_c0715,41707,ch_s0055,東衡州,ch_p0199,盧陽郡,ch_c0715,盧陽,盧陽,盧陽,0,,,,0,0,113.67976500001627,25.545516999992206,1,seat,,CHGIS V6,1459,561,,
588,yearbook_588,administrative_entity,南陳,state,ch_s0056,30274,ch_s0056,西衡州,,,,,西衡州,西衡州,0,,,,0,0,113.12419900000098,24.258880999999967,1,seat,,CHGIS V4,1459,561,,
588,yearbook_588,administrative_entity,南陳,prefecture,ch_p0200,34180,ch_s0056,西衡州,ch_p0200,陽山郡,,,陽山郡,陽山郡,0,,,,0,0,113.12419900000317,24.258880999998308,1,seat,,CHGIS V6,1459,561,,
588,yearbook_588,administrative_entity,南陳,county,ch_c0716,42264,ch_s0056,西衡州,ch_p0200,陽山郡,ch_c0716,含洭,含洭,含洭,0,,,,0,0,113.12419900000317,24.258880999998308,1,seat,,CHGIS V6,1460,562,,
588,yearbook_588,administrative_entity,南陳,county,ch_c0717,42602,ch_s0056,西衡州,ch_p0200,陽山郡,ch_c0717,陽山,陽山,陽山,0,,,,0,0,112.62415700000072,24.47315299999966,1,seat,,CHGIS V6,1460,562,,
588,yearbook_588,administrative_entity,南陳,county,ch_c0718,42604,ch_s0056,西衡州,ch_p0200,陽山郡,ch_c0718,桂陽,桂陽,桂陽,0,,,,0,0,112.37812100000029,24.779700999999868,1,seat,,CHGIS V6,1460,562,,
588,yearbook_588,administrative_entity,南陳,county,ch_c0719,42608,ch_s0056,西衡州,ch_p0200,陽山郡,ch_c0719,廣惠,廣惠,廣惠,0,,,,0,0,112.07833100000009,24.770005999999974,1,seat,,CHGIS V6,1460,562,,
588,yearbook_588,administrative_entity,南陳,prefecture,ch_p0201,34181,ch_s0056,西衡州,ch_p0201,梁樂郡,,,梁樂郡,梁樂郡,0,,,,0,0,112.55529800000049,24.09925999999975,1,seat,,CHGIS V6,1460,562,,
588,yearbook_588,administrative_entity,南陳,county,ch_c0720,,ch_s0056,西衡州,ch_p0201,梁樂郡,ch_c0720,梁樂,梁樂,梁樂,0,,,,0,0,,,0,unmapped,CHGIS 588未找到可采用的同名縣治點,,1460,562,,
588,yearbook_588,administrative_entity,南陳,prefecture,ch_p0202,32836,ch_s0056,西衡州,ch_p0202,桂陽郡,,,桂陽郡,桂陽郡,0,,,,0,0,113.02513900000332,25.80271899999853,1,seat,,CHGIS V6,1460,562,,
588,yearbook_588,administrative_entity,南陳,county,ch_c0721,41682,ch_s0056,西衡州,ch_p0202,桂陽郡,ch_c0721,郴,郴,郴,0,,,,0,0,113.02513900000332,25.80271899999853,1,seat,,CHGIS V6,1460,562,,
588,yearbook_588,administrative_entity,南陳,county,ch_c0722,41829,ch_s0056,西衡州,ch_p0202,桂陽郡,ch_c0722,臨武,臨武,臨武,0,,,,0,0,112.60959400000084,25.318958999999644,1,seat,,CHGIS V6,1460,562,,
588,yearbook_588,administrative_entity,南陳,county,ch_c0723,41821,ch_s0056,西衡州,ch_p0202,桂陽郡,ch_c0723,南平,南平,南平,0,,,,0,0,112.20332900000018,25.38874999999994,1,seat,,CHGIS V6,1460,562,,
588,yearbook_588,administrative_entity,南陳,county,ch_c0724,41690,ch_s0056,西衡州,ch_p0202,桂陽郡,ch_c0724,便,便,便,0,,,,0,0,113.11494400000448,26.133933999998032,1,seat,,CHGIS V6,1461,563,,
588,yearbook_588,administrative_entity,南陳,prefecture,ch_p0203,34179,ch_s0056,西衡州,ch_p0203,齊樂郡,,,齊樂郡,齊樂郡,0,,,,0,0,112.17645300000012,24.694096999999946,1,seat,,CHGIS V6,1461,563,,
588,yearbook_588,administrative_entity,南陳,county,ch_c0727,,ch_s0056,西衡州,ch_p0203,齊樂郡,ch_c0727,熙平,熙平,熙平,0,,,,0,0,,,0,unmapped,CHGIS 588未找到可采用的同名縣治點,,1461,563,,
588,yearbook_588,administrative_entity,南陳,county,ch_c0728,,ch_s0056,西衡州,ch_p0203,齊樂郡,ch_c0728,武化,武化,武化,0,,,,0,0,,,0,unmapped,CHGIS 588未找到可采用的同名縣治點,,1461,563,,
588,yearbook_588,administrative_entity,南陳,county,ch_c0729,,ch_s0056,西衡州,ch_p0203,齊樂郡,ch_c0729,觀寧,觀寧,觀寧,0,,,,0,0,,,0,unmapped,CHGIS 588未找到可采用的同名縣治點,,1461,563,,
588,yearbook_588,administrative_entity,南陳,prefecture,ch_p0204,,ch_s0056,西衡州,ch_p0204,臨賀郡,,,臨賀郡,臨賀郡,0,,,,0,0,,,0,unmapped,CHGIS 588未找到可采用的同名郡治点,,1461,563,,
588,yearbook_588,administrative_entity,南陳,county,ch_c0730,43923,ch_s0056,西衡州,ch_p0204,臨賀郡,ch_c0730,臨賀,臨賀,臨賀,0,,,,0,0,111.65885200000002,24.336819,1,seat,,CHGIS V6,1461,563,,
588,yearbook_588,administrative_entity,南陳,county,ch_c0731,41975,ch_s0056,西衡州,ch_p0204,臨賀郡,ch_c0731,馮乘,馮乘,馮乘,0,,,,0,0,111.47849000000001,24.823343,1,seat,,CHGIS V6,1461,563,,
588,yearbook_588,administrative_entity,南陳,county,ch_c0732,41960,ch_s0056,西衡州,ch_p0204,臨賀郡,ch_c0732,謝沐,謝沐,謝沐,0,,,,0,0,111.17401799999999,25.118279,1,seat,,CHGIS V6,1461,563,,
588,yearbook_588,administrative_entity,南陳,county,ch_c0733,43916,ch_s0056,西衡州,ch_p0204,臨賀郡,ch_c0733,富川,富川,富川,0,,,,0,0,111.29557000000001,24.526541000000005,1,seat,,CHGIS V6,1462,564,,
588,yearbook_588,administrative_entity,南陳,county,ch_c0734,43930,ch_s0056,西衡州,ch_p0204,臨賀郡,ch_c0734,封陽,封陽,封陽,0,,,,0,0,111.71946,23.994185,1,seat,,CHGIS V6,1462,564,,
588,yearbook_588,administrative_entity,南陳,county,ch_c0735,43928,ch_s0056,西衡州,ch_p0204,臨賀郡,ch_c0735,興安,興安,興安,0,,,,0,0,111.80012500000001,24.67234,1,seat,,CHGIS V6,1462,564,,
588,yearbook_588,administrative_entity,南陳,state,ch_s0057,,ch_s0057,東寧州,,,,,東寧州,東寧州,0,,,,0,0,,,0,unmapped,CHGIS 588未找到可唯一采用的同名州治点,,1463,565,,
588,yearbook_588,administrative_entity,南陳,prefecture,ch_p0208,35072,ch_s0057,東寧州,ch_p0208,齊熙郡,,,齊熙郡,齊熙郡,0,,,,0,0,109.24854299999875,25.06544299999943,1,seat,,CHGIS V6,1463,565,,
588,yearbook_588,administrative_entity,南陳,county,ch_c0743,43814,ch_s0057,東寧州,ch_p0208,齊熙郡,ch_c0743,齊熙,齊熙,齊熙,0,,,,0,0,109.24854299999875,25.06544299999943,1,seat,,CHGIS V6,1463,565,,
588,yearbook_588,administrative_entity,南陳,prefecture,ch_p0209,,ch_s0057,東寧州,ch_p0209,黃水郡,,,黃水郡,黃水郡,0,,,,0,0,,,0,unmapped,CHGIS 588未找到可采用的同名郡治点,,1463,565,,
588,yearbook_588,administrative_entity,南陳,county,ch_c0744,43798,ch_s0057,東寧州,ch_p0209,黃水郡,ch_c0744,黃水,黃水,黃水,0,,,,0,0,108.77441899999508,24.958729999997605,1,seat,,CHGIS V6,1463,565,,
588,yearbook_588,administrative_entity,南陳,county,ch_c0745,,ch_s0057,東寧州,ch_p0209,黃水郡,ch_c0745,臨䍧,臨䍧,臨䍧,0,,,,0,0,,,0,unmapped,CHGIS 588未找到可采用的同名縣治點,,1463,565,,
588,yearbook_588,administrative_entity,南陳,prefecture,ch_p0210,34190,ch_s0057,東寧州,ch_p0210,梁化郡,,,梁化郡,梁化郡,0,,,,0,0,114.67352300007143,23.113707999957082,1,seat,,CHGIS V6,1463,565,,
588,yearbook_588,administrative_entity,南陳,county,ch_c0746,42242,ch_s0057,東寧州,ch_p0210,梁化郡,ch_c0746,梁化,梁化,梁化,0,,,,0,0,113.34679400000697,25.134873999996643,1,seat,,CHGIS V6,1464,566,,
588,yearbook_588,administrative_entity,南陳,county,ch_c0747,43941,ch_s0057,東寧州,ch_p0210,梁化郡,ch_c0747,建陵,建陵,建陵,0,,,,0,0,110.22256699999998,24.422616999999995,1,seat,,CHGIS V6,1464,566,,
588,yearbook_588,administrative_entity,南陳,state,ch_s0058,30294,ch_s0058,成州,,,,,成州,成州,0,,,,0,0,111.50810200000001,23.445099000000017,1,seat,,CHGIS V4,1464,566,,
588,yearbook_588,administrative_entity,南陳,prefecture,ch_p0211,34213,ch_s0058,成州,ch_p0211,梁信郡,,,梁信郡,梁信郡,0,,,,0,0,111.508102,23.445099,1,seat,,CHGIS V6,1464,566,,
588,yearbook_588,administrative_entity,南陳,county,ch_c0748,42371,ch_s0058,成州,ch_p0211,梁信郡,ch_c0748,梁信,梁信,梁信,0,,,,0,0,111.508102,23.445099,1,seat,,CHGIS V6,1464,566,,
588,yearbook_588,administrative_entity,南陳,county,ch_c0749,42356,ch_s0058,成州,ch_p0211,梁信郡,ch_c0749,封興,封興,封興,0,,,,0,0,111.63408700000001,23.518067999999996,1,seat,,CHGIS V6,1464,566,,
588,yearbook_588,administrative_entity,南陳,prefecture,ch_p0212,34207,ch_s0058,成州,ch_p0212,蒼梧郡,,,蒼梧郡,蒼梧郡,0,,,,0,0,111.30857100000001,23.486898000000004,1,seat,,CHGIS V6,1464,566,,
588,yearbook_588,administrative_entity,南陳,county,ch_c0750,44147,ch_s0058,成州,ch_p0212,蒼梧郡,ch_c0750,廣信,廣信,廣信,0,,,,0,0,111.30857100000001,23.486898000000004,1,seat,,CHGIS V6,1464,566,,
588,yearbook_588,administrative_entity,南陳,county,ch_c0751,44155,ch_s0058,成州,ch_p0212,蒼梧郡,ch_c0751,寧新,寧新,寧新,0,,,,0,0,111.299034,23.27331,1,seat,,CHGIS V6,1464,566,,
588,yearbook_588,administrative_entity,南陳,county,ch_c0752,44157,ch_s0058,成州,ch_p0212,蒼梧郡,ch_c0752,遂城,遂城,遂城,0,,,,0,0,111.24039499999999,23.421976,1,seat,,CHGIS V6,1465,567,,
588,yearbook_588,administrative_entity,南陳,county,ch_c0753,44151,ch_s0058,成州,ch_p0212,蒼梧郡,ch_c0753,猛陵,猛陵,猛陵,0,,,,0,0,111.03935999999999,23.455824000000003,1,seat,,CHGIS V6,1465,567,,
588,yearbook_588,administrative_entity,南陳,state,ch_s0059,,ch_s0059,靜州,,,,,靜州,靜州,0,,,,0,0,,,0,unmapped,CHGIS 588未找到可唯一采用的同名州治点,,1465,567,,
588,yearbook_588,administrative_entity,南陳,prefecture,ch_p0213,,ch_s0059,靜州,ch_p0213,梁壽郡,,,梁壽郡,梁壽郡,0,,,,0,0,,,0,unmapped,CHGIS 588未找到可采用的同名郡治点,,1465,567,,
588,yearbook_588,administrative_entity,南陳,county,ch_c0754,43946,ch_s0059,靜州,ch_p0213,梁壽郡,ch_c0754,龍平,龍平,龍平,0,,,,0,0,110.80361200000002,24.169123000000003,1,seat,,CHGIS V6,1465,567,,
588,yearbook_588,administrative_entity,南陳,prefecture,ch_p0214,,ch_s0059,靜州,ch_p0214,靜慰郡,,,靜慰郡,靜慰郡,0,,,,0,0,,,0,unmapped,CHGIS 588未找到可采用的同名郡治点,,1465,567,,
588,yearbook_588,administrative_entity,南陳,county,ch_c0755,,ch_s0059,靜州,ch_p0214,靜慰郡,ch_c0755,博勞,博勞,博勞,0,,,,0,0,,,0,unmapped,CHGIS 588未找到可采用的同名縣治點,,1465,567,,
588,yearbook_588,administrative_entity,南陳,county,ch_c0756,42275,ch_s0059,靜州,ch_p0214,靜慰郡,ch_c0756,安樂,安樂,安樂,0,,,,0,0,112.7438510000007,23.246034999999534,1,seat,,CHGIS V6,1465,567,,
588,yearbook_588,administrative_entity,南陳,prefecture,ch_p0215,,ch_s0059,靜州,ch_p0215,南靜郡,,,南靜郡,南靜郡,0,,,,0,0,,,0,unmapped,CHGIS 588未找到可采用的同名郡治点,,1465,567,,
588,yearbook_588,administrative_entity,南陳,county,ch_c0757,42374,ch_s0059,靜州,ch_p0215,南靜郡,ch_c0757,開建,開建,開建,0,,,,0,0,111.80409200000003,23.75867999999999,1,seat,,CHGIS V6,1466,568,,
588,yearbook_588,administrative_entity,南陳,prefecture,ch_p0216,35083,ch_s0059,靜州,ch_p0216,開江郡,,,開江郡,開江郡,0,,,,0,0,111.043701,23.889219,1,seat,,CHGIS V6,1466,568,,
588,yearbook_588,administrative_entity,南陳,county,ch_c0758,43952,ch_s0059,靜州,ch_p0216,開江郡,ch_c0758,開江,開江,開江,0,,,,0,0,111.043701,23.889219,1,seat,,CHGIS V6,1466,568,,
588,yearbook_588,administrative_entity,南陳,prefecture,ch_p0217,,ch_s0059,靜州,ch_p0217,武城郡,,,武城郡,武城郡,0,,,,0,0,,,0,unmapped,CHGIS 588未找到可采用的同名郡治点,,1466,568,,
588,yearbook_588,administrative_entity,南陳,county,ch_c0759,43950,ch_s0059,靜州,ch_p0217,武城郡,ch_c0759,豪靜,豪靜,豪靜,0,,,,0,0,110.98642000000001,23.801371,1,seat,,CHGIS V6,1466,568,,
588,yearbook_588,administrative_entity,南陳,prefecture,ch_p0218,,ch_s0059,靜州,ch_p0218,逍遙郡,,,逍遙郡,逍遙郡,0,,,,1,0,,,0,unmapped,CHGIS 588未找到可采用的同名郡治点,,1466,568,,
588,yearbook_588,administrative_entity,南陳,state,ch_s0060,30295,ch_s0060,建州,,,,,建州,建州,0,,,,0,0,111.721893,22.93551600000001,1,seat,,CHGIS V4,1466,568,,
588,yearbook_588,administrative_entity,南陳,prefecture,ch_p0219,34219,ch_s0060,建州,ch_p0219,廣熙郡,,,廣熙郡,廣熙郡,0,,,,0,0,111.721893,22.935515999999996,1,seat,,CHGIS V6,1466,568,,
588,yearbook_588,administrative_entity,南陳,county,ch_c0760,42622,ch_s0060,建州,ch_p0219,廣熙郡,ch_c0760,安遂,安遂,安遂,0,,,,0,0,111.721893,22.935515999999996,1,seat,,CHGIS V6,1466,568,,
588,yearbook_588,administrative_entity,南陳,county,ch_c0761,42634,ch_s0060,建州,ch_p0219,廣熙郡,ch_c0761,永熙,永熙,永熙,0,,,,0,0,111.52877299999999,22.758935000000005,1,seat,,CHGIS V6,1466,568,,
588,yearbook_588,administrative_entity,南陳,county,ch_c0762,42638,ch_s0060,建州,ch_p0219,廣熙郡,ch_c0762,安南,安南,安南,0,,,,0,0,111.30812799999998,22.726545,1,seat,,CHGIS V6,1467,569,,
588,yearbook_588,administrative_entity,南陳,county,ch_c0763,,ch_s0060,建州,ch_p0219,廣熙郡,ch_c0763,羅平,羅平,羅平,0,,,,0,0,,,0,unmapped,CHGIS 588未找到可采用的同名縣治點,,1467,569,,
588,yearbook_588,administrative_entity,南陳,county,ch_c0764,95163,ch_s0060,建州,ch_p0219,廣熙郡,ch_c0764,寧鄉,寧鄉,寧鄉,0,,,,0,0,111.36506099999998,37.31951300000001,1,seat,,CHGIS V6,1467,569,,
588,yearbook_588,administrative_entity,南陳,county,ch_c0765,,ch_s0060,建州,ch_p0219,廣熙郡,ch_c0765,長化,長化,長化,0,,,,0,0,,,0,unmapped,CHGIS 588未找到可采用的同名縣治點,,1467,569,,
588,yearbook_588,administrative_entity,南陳,county,ch_c0766,,ch_s0060,建州,ch_p0219,廣熙郡,ch_c0766,定昌,定昌,定昌,0,,,,0,0,,,0,unmapped,CHGIS 588未找到可采用的同名縣治點,,1467,569,,
588,yearbook_588,administrative_entity,南陳,county,ch_c0767,,ch_s0060,建州,ch_p0219,廣熙郡,ch_c0767,寶寧,寶寧,寶寧,0,,,,0,0,,,0,unmapped,CHGIS 588未找到可采用的同名縣治點,,1467,569,,
588,yearbook_588,administrative_entity,南陳,state,ch_s0901,30287,ch_s0901,雙州（瀧州）,,,,,雙州（瀧州）,雙州（瀧州）,0,,,,0,0,111.43830899999999,22.547064000000013,1,seat,,CHGIS V4,1467,569,,
588,yearbook_588,administrative_entity,南陳,prefecture,ch_p0220,34220,ch_s0901,雙州（瀧州）,ch_p0220,平原郡,,,平原郡,平原郡,0,,,,0,0,111.43830900000002,22.547064000000002,1,seat,,CHGIS V6,1467,569,,
588,yearbook_588,administrative_entity,南陳,county,ch_c0768,42629,ch_s0901,雙州（瀧州）,ch_p0220,平原郡,ch_c0768,龍鄉,龍鄉,龍鄉,0,,,,0,0,111.43830900000002,22.547064000000002,1,seat,,CHGIS V6,1467,569,,
588,yearbook_588,administrative_entity,南陳,prefecture,ch_p0221,34221,ch_s0901,雙州（瀧州）,ch_p0221,開陽郡,,,開陽郡,開陽郡,0,,,,0,0,111.611732,22.597128,1,seat,,CHGIS V6,1467,569,,
588,yearbook_588,administrative_entity,南陳,county,ch_c0769,42641,ch_s0901,雙州（瀧州）,ch_p0221,開陽郡,ch_c0769,開陽,開陽,開陽,0,,,,0,0,111.611732,22.597128,1,seat,,CHGIS V6,1467,569,,
588,yearbook_588,administrative_entity,南陳,prefecture,ch_p0222,34222,ch_s0901,雙州（瀧州）,ch_p0222,羅陽郡,,,羅陽郡,羅陽郡,0,,,,0,0,111.39912399999999,22.830919000000005,1,seat,,CHGIS V6,1467,569,,
588,yearbook_588,administrative_entity,南陳,county,ch_c0770,42643,ch_s0901,雙州（瀧州）,ch_p0222,羅陽郡,ch_c0770,羅陽,羅陽,羅陽,0,,,,0,0,111.39912399999999,22.830919000000005,1,seat,,CHGIS V6,1468,570,,
588,yearbook_588,administrative_entity,南陳,state,ch_s0061,,ch_s0061,石州,,,,,石州,石州,0,,,,0,0,,,0,unmapped,CHGIS 588未找到可唯一采用的同名州治点,,1468,570,,
588,yearbook_588,administrative_entity,南陳,prefecture,ch_p0223,35089,ch_s0061,石州,ch_p0223,永平郡,,,永平郡,永平郡,0,,,,0,0,110.913522,23.378511,1,seat,,CHGIS V6,1468,570,,
588,yearbook_588,administrative_entity,南陳,county,ch_c0771,44159,ch_s0061,石州,ch_p0223,永平郡,ch_c0771,夫寧,夫寧,夫寧,0,,,,0,0,110.913522,23.378511,1,seat,,CHGIS V6,1468,570,,
588,yearbook_588,administrative_entity,南陳,county,ch_c0772,,ch_s0061,石州,ch_p0223,永平郡,ch_c0772,叔安,叔安,叔安,0,,,,0,0,,,0,unmapped,CHGIS 588未找到可采用的同名縣治點,,1468,570,,
588,yearbook_588,administrative_entity,南陳,county,ch_c0773,,ch_s0061,石州,ch_p0223,永平郡,ch_c0773,盧平,盧平,盧平,0,,,,0,0,,,0,unmapped,CHGIS 588未找到可采用的同名縣治點,,1468,570,,
588,yearbook_588,administrative_entity,南陳,county,ch_c0774,,ch_s0061,石州,ch_p0223,永平郡,ch_c0774,員鄉,員鄉,員鄉,0,,,,0,0,,,0,unmapped,CHGIS 588未找到可采用的同名縣治點,,1468,570,,
588,yearbook_588,administrative_entity,南陳,county,ch_c0775,,ch_s0061,石州,ch_p0223,永平郡,ch_c0775,蘇平,蘇平,蘇平,0,,,,0,0,,,0,unmapped,CHGIS 588未找到可采用的同名縣治點,,1468,570,,
588,yearbook_588,administrative_entity,南陳,county,ch_c0776,,ch_s0061,石州,ch_p0223,永平郡,ch_c0776,逋寧,逋寧,逋寧,0,,,,0,0,,,0,unmapped,CHGIS 588未找到可采用的同名縣治點,,1468,570,,
588,yearbook_588,administrative_entity,南陳,county,ch_c0777,,ch_s0061,石州,ch_p0223,永平郡,ch_c0777,雷鄉,雷鄉,雷鄉,0,,,,0,0,,,0,unmapped,CHGIS 588未找到可采用的同名縣治點,,1468,570,,
588,yearbook_588,administrative_entity,南陳,county,ch_c0778,,ch_s0061,石州,ch_p0223,永平郡,ch_c0778,開城,開城,開城,0,,,,0,0,,,0,unmapped,CHGIS 588未找到可采用的同名縣治點,,1468,570,,
588,yearbook_588,administrative_entity,南陳,county,ch_c0779,,ch_s0061,石州,ch_p0223,永平郡,ch_c0779,毗平,毗平,毗平,0,,,,0,0,,,0,unmapped,CHGIS 588未找到可采用的同名縣治點,,1468,570,,
588,yearbook_588,administrative_entity,南陳,county,ch_c0780,44221,ch_s0061,石州,ch_p0223,永平郡,ch_c0780,武林,武林,武林,0,,,,0,0,110.581725,23.514657999999997,1,seat,,CHGIS V6,1468,570,,
588,yearbook_588,administrative_entity,南陳,county,ch_c0781,41098,ch_s0061,石州,ch_p0223,永平郡,ch_c0781,豐城,豐城,豐城,0,,,,0,0,115.74778200060615,28.13088199968324,1,seat,,CHGIS V6,1468,570,,
588,yearbook_588,administrative_entity,南陳,prefecture,ch_p0224,35098,ch_s0061,石州,ch_p0224,陰石郡,,,陰石郡,陰石郡,0,,,,0,0,110.55103299999999,22.863588,1,seat,,CHGIS V6,1468,570,,
588,yearbook_588,administrative_entity,南陳,county,ch_c0782,44176,ch_s0061,石州,ch_p0224,陰石郡,ch_c0782,陰石,陰石,陰石,0,,,,0,0,110.55103299999999,22.863588,1,seat,,CHGIS V6,1468,570,,
588,yearbook_588,administrative_entity,南陳,prefecture,ch_p0225,34223,ch_s0061,石州,ch_p0225,梁德郡,,,梁德郡,梁德郡,0,,,,0,0,110.938805,22.363495,1,seat,,CHGIS V6,1469,571,,
588,yearbook_588,administrative_entity,南陳,county,ch_c0783,42399,ch_s0061,石州,ch_p0225,梁德郡,ch_c0783,梁德,梁德,梁德,0,,,,0,0,110.938805,22.363495,1,seat,,CHGIS V6,1469,571,,
588,yearbook_588,administrative_entity,南陳,prefecture,ch_p0226,35090,ch_s0061,石州,ch_p0226,建陵郡,,,建陵郡,建陵郡,0,,,,0,0,110.73590900000002,23.475642999999998,1,seat,,CHGIS V6,1469,571,,
588,yearbook_588,administrative_entity,南陳,county,ch_c0784,44165,ch_s0061,石州,ch_p0226,建陵郡,ch_c0784,安基,安基,安基,0,,,,0,0,110.73590900000002,23.475642999999998,1,seat,,CHGIS V6,1469,571,,
588,yearbook_588,administrative_entity,南陳,county,ch_c0785,43941,ch_s0061,石州,ch_p0226,建陵郡,ch_c0785,建陵,建陵,建陵,0,,,,0,0,110.22256699999998,24.422616999999995,1,seat,,CHGIS V6,1469,571,,
588,yearbook_588,administrative_entity,南陳,prefecture,ch_p0227,,ch_s0061,石州,ch_p0227,永業郡,,,永業郡,永業郡,0,,,,0,0,,,0,unmapped,CHGIS 588未找到可采用的同名郡治点,,1469,571,,
588,yearbook_588,administrative_entity,南陳,county,ch_c0786,,ch_s0061,石州,ch_p0227,永業郡,ch_c0786,永業,永業,永業,0,,,,0,0,,,0,unmapped,CHGIS 588未找到可采用的同名縣治點,,1469,571,,
588,yearbook_588,administrative_entity,南陳,state,ch_s0062,,ch_s0062,南定州,,,,,南定州,南定州,0,,,,0,0,,,0,unmapped,CHGIS 588未找到可唯一采用的同名州治点,,1469,571,,
588,yearbook_588,administrative_entity,南陳,prefecture,ch_p0228,35064,ch_s0062,南定州,ch_p0228,郁林郡,,,郁林郡,郁林郡,0,,,,0,0,109.64443199999987,22.920840999999903,1,seat,,CHGIS V6,1469,571,,
588,yearbook_588,administrative_entity,南陳,county,ch_c0787,44234,ch_s0062,南定州,ch_p0228,郁林郡,ch_c0787,布山,布山,布山,0,,,,0,0,109.92657499999994,23.215335999999976,1,seat,,CHGIS V6,1469,571,,
588,yearbook_588,administrative_entity,南陳,county,ch_c0788,44233,ch_s0062,南定州,ch_p0228,郁林郡,ch_c0788,郁林,郁林,郁林,0,,,,0,0,109.64443199999987,22.920840999999903,1,seat,,CHGIS V6,1469,571,,
588,yearbook_588,administrative_entity,南陳,county,ch_c0789,44230,ch_s0062,南定州,ch_p0228,郁林郡,ch_c0789,郁平,郁平,郁平,0,,,,0,0,109.60844399999985,23.099091999999885,1,seat,,CHGIS V6,1470,572,,
588,yearbook_588,administrative_entity,南陳,county,ch_c0790,44237,ch_s0062,南定州,ch_p0228,郁林郡,ch_c0790,懷澤,懷澤,懷澤,0,,,,0,0,109.54907799999984,22.84839899999985,1,seat,,CHGIS V6,1470,572,,
588,yearbook_588,administrative_entity,南陳,county,ch_c0791,,ch_s0062,南定州,ch_p0228,郁林郡,ch_c0791,馬度,馬度,馬度,0,,,,0,0,,,0,unmapped,CHGIS 588未找到可采用的同名縣治點,,1470,572,,
588,yearbook_588,administrative_entity,南陳,county,ch_c0792,44235,ch_s0062,南定州,ch_p0228,郁林郡,ch_c0792,龍山,龍山,龍山,0,,,,0,0,109.5759429999998,23.20079799999986,1,seat,,CHGIS V6,1470,572,,
588,yearbook_588,administrative_entity,南陳,county,ch_c0793,44214,ch_s0062,南定州,ch_p0228,郁林郡,ch_c0793,阿林,阿林,阿林,0,,,,0,0,110.157013,23.156472999999995,1,seat,,CHGIS V6,1470,572,,
588,yearbook_588,administrative_entity,南陳,prefecture,ch_p0229,35069,ch_s0062,南定州,ch_p0229,石南郡,,,石南郡,石南郡,0,,,,1,0,109.96424099999999,22.910993999999977,1,seat,,CHGIS V6,1470,572,,
588,yearbook_588,administrative_entity,南陳,prefecture,ch_p0230,35067,ch_s0062,南定州,ch_p0230,桂平郡,,,桂平郡,桂平郡,0,,,,0,0,110.02782599999999,23.37969199999999,1,seat,,CHGIS V6,1470,572,,
588,yearbook_588,administrative_entity,南陳,county,ch_c0794,44204,ch_s0062,南定州,ch_p0230,桂平郡,ch_c0794,桂平,桂平,桂平,0,,,,0,0,110.06178499999999,23.397278999999994,1,seat,,CHGIS V6,1470,572,,
588,yearbook_588,administrative_entity,南陳,prefecture,ch_p0231,35058,ch_s0062,南定州,ch_p0231,寧浦郡,,,寧浦郡,寧浦郡,0,,,,0,0,109.25939899999949,22.67919499999956,1,seat,,CHGIS V6,1470,572,,
588,yearbook_588,administrative_entity,南陳,county,ch_c0795,,ch_s0062,南定州,ch_p0231,寧浦郡,ch_c0795,寧浦,寧浦,寧浦,0,,,,0,0,,,0,unmapped,CHGIS 588未找到可采用的同名縣治點,,1470,572,,
588,yearbook_588,administrative_entity,南陳,prefecture,ch_p0232,35059,ch_s0062,南定州,ch_p0232,簡陽郡,,,簡陽郡,簡陽郡,0,,,,0,0,109.05605299999904,22.645446999999148,1,seat,,CHGIS V6,1471,573,,
588,yearbook_588,administrative_entity,南陳,county,ch_c0796,43861,ch_s0062,南定州,ch_p0232,簡陽郡,ch_c0796,簡陽,簡陽,簡陽,0,,,,0,0,109.05605299999904,22.645446999999148,1,seat,,CHGIS V6,1471,573,,
588,yearbook_588,administrative_entity,南陳,prefecture,ch_p0233,35060,ch_s0062,南定州,ch_p0233,樂陽郡,,,樂陽郡,樂陽郡,0,,,,0,0,109.41908799999973,22.73931399999976,1,seat,,CHGIS V6,1471,573,,
588,yearbook_588,administrative_entity,南陳,county,ch_c0797,,ch_s0062,南定州,ch_p0233,樂陽郡,ch_c0797,平山,平山,平山,0,,,,0,0,,,0,unmapped,CHGIS 588未找到可采用的同名縣治點,,1471,573,,
588,yearbook_588,administrative_entity,南陳,prefecture,ch_p0234,35061,ch_s0062,南定州,ch_p0234,嶺山郡,,,嶺山郡,嶺山郡,0,,,,0,0,108.98439799999878,22.62106299999894,1,seat,,CHGIS V6,1471,573,,
588,yearbook_588,administrative_entity,南陳,county,ch_c0798,,ch_s0062,南定州,ch_p0234,嶺山郡,ch_c0798,嶺山,嶺山,嶺山,0,,,,0,0,,,0,unmapped,CHGIS 588未找到可采用的同名縣治點,,1471,573,,
588,yearbook_588,administrative_entity,南陳,state,ch_s0063,34422,ch_s0063,安州,,,,,安州,安州,0,,,,0,0,113.68891900002639,31.263713999986436,1,seat,,CHGIS V6,1471,573,,
588,yearbook_588,administrative_entity,南陳,prefecture,ch_p0235,34258,ch_s0063,安州,ch_p0235,宋壽郡,,,宋壽郡,宋壽郡,0,,,,0,0,108.71877499999798,22.072722999997865,1,seat,,CHGIS V6,1471,573,,
588,yearbook_588,administrative_entity,南陳,county,ch_c0799,,ch_s0063,安州,ch_p0235,宋壽郡,ch_c0799,宋壽,宋壽,宋壽,0,,,,0,0,,,0,unmapped,CHGIS 588未找到可采用的同名縣治點,,1472,574,,
588,yearbook_588,administrative_entity,南陳,prefecture,ch_p0236,34268,ch_s0063,安州,ch_p0236,宋廣郡,,,宋廣郡,宋廣郡,0,,,,0,0,108.94867699999888,22.286605999998862,1,seat,,CHGIS V6,1472,574,,
588,yearbook_588,administrative_entity,南陳,county,ch_c0800,42565,ch_s0063,安州,ch_p0236,宋廣郡,ch_c0800,宋廣,宋廣,宋廣,0,,,,0,0,108.94867699999888,22.286605999998862,1,seat,,CHGIS V6,1472,574,,
588,yearbook_588,administrative_entity,南陳,prefecture,ch_p0237,34259,ch_s0063,安州,ch_p0237,安京郡,,,安京郡,安京郡,0,,,,0,0,108.45258299999547,22.136643999995794,1,seat,,CHGIS V6,1472,574,,
588,yearbook_588,administrative_entity,南陳,county,ch_c0801,42654,ch_s0063,安州,ch_p0237,安京郡,ch_c0801,安京,安京,安京,0,,,,0,0,108.45258299999547,22.136643999995794,1,seat,,CHGIS V6,1472,574,,
588,yearbook_588,administrative_entity,南陳,state,ch_s0064,,ch_s0064,龍州,,,,,龍州,龍州,0,,,,0,0,,,0,unmapped,CHGIS 588未找到可唯一采用的同名州治点,,1472,574,,
588,yearbook_588,administrative_entity,南陳,prefecture,ch_p0238,35074,ch_s0064,龍州,ch_p0238,馬平郡,,,馬平郡,馬平郡,0,,,,0,0,109.4043959999994,24.309987999999702,1,seat,,CHGIS V6,1472,574,,
588,yearbook_588,administrative_entity,南陳,county,ch_c0802,43784,ch_s0064,龍州,ch_p0238,馬平郡,ch_c0802,潭中,潭中,潭中,0,,,,0,0,109.42986299999944,24.279473999999723,1,seat,,CHGIS V6,1472,574,,
588,yearbook_588,administrative_entity,南陳,county,ch_c0803,43785,ch_s0064,龍州,ch_p0238,馬平郡,ch_c0803,馬平,馬平,馬平,0,,,,0,0,109.4043959999994,24.309987999999702,1,seat,,CHGIS V6,1472,574,,
588,yearbook_588,administrative_entity,南陳,county,ch_c0804,40228,ch_s0064,龍州,ch_p0238,馬平郡,ch_c0804,建安,建安,建安,0,,,,0,0,118.32378400502766,27.03886399599987,1,seat,,CHGIS V6,1473,575,,
588,yearbook_588,administrative_entity,南陳,county,ch_c0805,,ch_s0064,龍州,ch_p0238,馬平郡,ch_c0805,始集,始集,始集,0,,,,0,0,,,0,unmapped,CHGIS 588未找到可采用的同名縣治點,,1473,575,,
588,yearbook_588,administrative_entity,南陳,county,ch_c0806,43946,ch_s0064,龍州,ch_p0238,馬平郡,ch_c0806,龍平,龍平,龍平,0,,,,0,0,110.80361200000002,24.169123000000003,1,seat,,CHGIS V6,1473,575,,
588,yearbook_588,administrative_entity,南陳,county,ch_c0807,,ch_s0064,龍州,ch_p0238,馬平郡,ch_c0807,賓平,賓平,賓平,0,,,,0,0,,,0,unmapped,CHGIS 588未找到可采用的同名縣治點,,1473,575,,
588,yearbook_588,administrative_entity,南陳,county,ch_c0808,,ch_s0064,龍州,ch_p0238,馬平郡,ch_c0808,新林,新林,新林,0,,,,0,0,,,0,unmapped,CHGIS 588未找到可采用的同名縣治點,,1473,575,,
588,yearbook_588,administrative_entity,南陳,county,ch_c0809,,ch_s0064,龍州,ch_p0238,馬平郡,ch_c0809,綏寧,綏寧,綏寧,0,,,,0,0,,,0,unmapped,CHGIS 588未找到可采用的同名縣治點,,1473,575,,
588,yearbook_588,administrative_entity,南陳,county,ch_c0810,,ch_s0064,龍州,ch_p0238,馬平郡,ch_c0810,中胄,中胄,中胄,0,,,,0,0,,,0,unmapped,CHGIS 588未找到可采用的同名縣治點,,1473,575,,
588,yearbook_588,administrative_entity,南陳,county,ch_c0811,,ch_s0064,龍州,ch_p0238,馬平郡,ch_c0811,晉平,晉平,晉平,0,,,,0,0,,,0,unmapped,CHGIS 588未找到可采用的同名縣治點,,1473,575,,
588,yearbook_588,administrative_entity,南陳,county,ch_c0812,,ch_s0064,龍州,ch_p0238,馬平郡,ch_c0812,威化,威化,威化,0,,,,0,0,,,0,unmapped,CHGIS 588未找到可采用的同名縣治點,,1473,575,,
588,yearbook_588,administrative_entity,南陳,state,ch_s0065,30297,ch_s0065,崖州,,,,,崖州,崖州,0,,,,0,0,109.20698699999991,19.814141000000006,1,seat,,CHGIS V4,1473,575,,
588,yearbook_588,administrative_entity,南陳,prefecture,ch_p0239,34274,ch_s0065,崖州,ch_p0239,珠崖郡,,,珠崖郡,珠崖郡,0,,,,0,0,109.20698700000057,19.814140999999587,1,seat,,CHGIS V6,1473,575,,
588,yearbook_588,administrative_entity,南陳,county,ch_c0813,42474,ch_s0065,崖州,ch_p0239,珠崖郡,ch_c0813,義倫,義倫,義倫,0,,,,0,0,109.20698700000057,19.814140999999587,1,seat,,CHGIS V6,1473,575,,
588,yearbook_588,administrative_entity,南陳,county,ch_c0814,42448,ch_s0065,崖州,ch_p0239,珠崖郡,ch_c0814,武德,武德,武德,0,,,,0,0,110.773739,19.759297,1,seat,,CHGIS V6,1473,575,,
588,yearbook_588,administrative_entity,南陳,state,ch_s0066,,ch_s0066,宜州,,,,,宜州,宜州,0,,,,1,0,,,0,unmapped,CHGIS 588未找到可唯一采用的同名州治点,,1473,575,,
588,yearbook_588,administrative_entity,南陳,state,ch_s0067,34396,ch_s0067,黃州,,,,,黃州,黃州,0,,,,0,0,114.79911800018547,30.84583899989537,1,seat,,CHGIS V6,1473,575,,
588,yearbook_588,administrative_entity,南陳,prefecture,ch_p0240,34269,ch_s0067,黃州,ch_p0240,寧海郡,,,寧海郡,寧海郡,0,,,,0,0,108.05276399999096,21.54997699999025,1,seat,,CHGIS V6,1474,576,,
588,yearbook_588,administrative_entity,南陳,county,ch_c0815,42553,ch_s0067,黃州,ch_p0240,寧海郡,ch_c0815,安平,安平,安平,0,,,,0,0,108.05276399999096,21.54997699999025,1,seat,,CHGIS V6,1474,576,,
588,yearbook_588,administrative_entity,南陳,county,ch_c0816,42557,ch_s0067,黃州,ch_p0240,寧海郡,ch_c0816,海平,海平,海平,0,,,,0,0,107.66960499997941,21.446263999979497,1,seat,,CHGIS V6,1474,576,,
588,yearbook_588,administrative_entity,南陳,county,ch_c0817,42561,ch_s0067,黃州,ch_p0240,寧海郡,ch_c0817,玉山,玉山,玉山,0,,,,0,0,108.45049999999615,21.858882999995874,1,seat,,CHGIS V6,1474,576,,
588,yearbook_588,administrative_entity,南陳,state,ch_s0068,,ch_s0068,利州,,,,,利州,利州,0,,,,0,0,,,0,unmapped,CHGIS 588未找到可唯一采用的同名州治点,,1474,576,,
588,yearbook_588,administrative_entity,南陳,prefecture,ch_p0902,,ch_s0068,利州,ch_p0902,,,,,,0,,,,0,0,,,0,unmapped,CHGIS 588未找到可采用的同名郡治点,,1474,576,,
588,yearbook_588,administrative_entity,南陳,county,ch_c0908,,ch_s0068,利州,ch_p0902,,ch_c0908,金寧,金寧,金寧,0,,,,0,0,,,0,unmapped,CHGIS 588未找到可采用的同名縣治點,,1474,576,,
588,yearbook_588,administrative_entity,南陳,state,ch_s0069,,ch_s0069,明州,,,,,明州,明州,0,,,,0,0,,,0,unmapped,CHGIS 588未找到可唯一采用的同名州治点,,1474,576,,
588,yearbook_588,administrative_entity,南陳,prefecture,ch_p0903,,ch_s0069,明州,ch_p0903,,,,,,0,,,,0,0,,,0,unmapped,CHGIS 588未找到可采用的同名郡治点,,1474,576,,
588,yearbook_588,administrative_entity,南陳,county,ch_c0909,,ch_s0069,明州,ch_p0903,,ch_c0909,交谷,交谷,交谷,0,,,,0,0,,,0,unmapped,CHGIS 588未找到可采用的同名縣治點,,1474,576,,
588,yearbook_588,administrative_entity,南陳,state,ch_s0070,,ch_s0070,交州,,,,,交州,交州,0,,,,0,0,,,0,unmapped,CHGIS 588未找到可唯一采用的同名州治点,,1474,576,,
588,yearbook_588,administrative_entity,南陳,prefecture,ch_p0241,,ch_s0070,交州,ch_p0241,交趾郡,,,交趾郡,交趾郡,0,,,,0,0,,,0,unmapped,CHGIS 588未找到可采用的同名郡治点,,1474,576,,
588,yearbook_588,administrative_entity,南陳,county,ch_c0818,,ch_s0070,交州,ch_p0241,交趾郡,ch_c0818,龍編,龍編,龍編,0,,,,0,0,,,0,unmapped,CHGIS 588未找到可采用的同名縣治點,,1475,577,,
588,yearbook_588,administrative_entity,南陳,county,ch_c0819,,ch_s0070,交州,ch_p0241,交趾郡,ch_c0819,句漏,句漏,句漏,0,,,,0,0,,,0,unmapped,CHGIS 588未找到可采用的同名縣治點,,1475,577,,
588,yearbook_588,administrative_entity,南陳,county,ch_c0820,44532,ch_s0070,交州,ch_p0241,交趾郡,ch_c0820,武寧,武寧,武寧,0,,,,0,0,108.25395699997114,30.505870999985618,1,seat,,CHGIS V6,1475,577,,
588,yearbook_588,administrative_entity,南陳,county,ch_c0821,,ch_s0070,交州,ch_p0241,交趾郡,ch_c0821,望海,望海,望海,0,,,,0,0,,,0,unmapped,CHGIS 588未找到可采用的同名縣治點,,1475,577,,
588,yearbook_588,administrative_entity,南陳,county,ch_c0822,40243,ch_s0070,交州,ch_p0241,交趾郡,ch_c0822,吳興,吳興,吳興,0,,,,0,0,118.53625500541654,27.924685994951915,1,seat,,CHGIS V6,1475,577,,
588,yearbook_588,administrative_entity,南陳,county,ch_c0823,,ch_s0070,交州,ch_p0241,交趾郡,ch_c0823,西於,西於,西於,0,,,,0,0,,,0,unmapped,CHGIS 588未找到可采用的同名縣治點,,1475,577,,
588,yearbook_588,administrative_entity,南陳,county,ch_c0824,,ch_s0070,交州,ch_p0241,交趾郡,ch_c0824,南定,南定,南定,0,,,,0,0,,,0,unmapped,CHGIS 588未找到可采用的同名縣治點,,1475,577,,
588,yearbook_588,administrative_entity,南陳,county,ch_c0825,,ch_s0070,交州,ch_p0241,交趾郡,ch_c0825,曲易,曲易,曲易,0,,,,0,0,,,0,unmapped,CHGIS 588未找到可采用的同名縣治點,,1475,577,,
588,yearbook_588,administrative_entity,南陳,county,ch_c0826,,ch_s0070,交州,ch_p0241,交趾郡,ch_c0826,羸𨻻,羸𨻻,羸𨻻,0,,,,0,0,,,0,unmapped,CHGIS 588未找到可采用的同名縣治點,,1475,577,,
588,yearbook_588,administrative_entity,南陳,county,ch_c0827,,ch_s0070,交州,ch_p0241,交趾郡,ch_c0827,朱鳶,朱鳶,朱鳶,0,,,,0,0,,,0,unmapped,CHGIS 588未找到可采用的同名縣治點,,1475,577,,
588,yearbook_588,administrative_entity,南陳,prefecture,ch_p0242,,ch_s0070,交州,ch_p0242,宋平郡,,,宋平郡,宋平郡,0,,,,0,0,,,0,unmapped,CHGIS 588未找到可采用的同名郡治点,,1475,577,,
588,yearbook_588,administrative_entity,南陳,county,ch_c0828,,ch_s0070,交州,ch_p0242,宋平郡,ch_c0828,昌國,昌國,昌國,0,,,,0,0,,,0,unmapped,CHGIS 588未找到可采用的同名縣治點,,1475,577,,
588,yearbook_588,administrative_entity,南陳,prefecture,ch_p0243,,ch_s0070,交州,ch_p0243,武平郡,,,武平郡,武平郡,0,,,,0,0,,,0,unmapped,CHGIS 588未找到可采用的同名郡治点,,1475,577,,
588,yearbook_588,administrative_entity,南陳,county,ch_c0829,,ch_s0070,交州,ch_p0243,武平郡,ch_c0829,武定,武定,武定,0,,,,0,0,,,0,unmapped,CHGIS 588未找到可采用的同名縣治點,,1475,577,,
588,yearbook_588,administrative_entity,南陳,county,ch_c0830,,ch_s0070,交州,ch_p0243,武平郡,ch_c0830,平道,平道,平道,0,,,,0,0,,,0,unmapped,CHGIS 588未找到可采用的同名縣治點,,1475,577,,
588,yearbook_588,administrative_entity,南陳,county,ch_c0831,,ch_s0070,交州,ch_p0243,武平郡,ch_c0831,武興,武興,武興,0,,,,0,0,,,0,unmapped,CHGIS 588未找到可采用的同名縣治點,,1475,577,,
588,yearbook_588,administrative_entity,南陳,county,ch_c0832,,ch_s0070,交州,ch_p0243,武平郡,ch_c0832,根寧,根寧,根寧,0,,,,0,0,,,0,unmapped,CHGIS 588未找到可采用的同名縣治點,,1475,577,,
588,yearbook_588,administrative_entity,南陳,county,ch_c0833,,ch_s0070,交州,ch_p0243,武平郡,ch_c0833,南移,南移,南移,0,,,,0,0,,,0,unmapped,CHGIS 588未找到可采用的同名縣治點,,1475,577,,
588,yearbook_588,administrative_entity,南陳,state,ch_s0071,,ch_s0071,愛州,,,,,愛州,愛州,0,,,,0,0,,,0,unmapped,CHGIS 588未找到可唯一采用的同名州治点,,1476,578,,
588,yearbook_588,administrative_entity,南陳,prefecture,ch_p0244,,ch_s0071,愛州,ch_p0244,九真郡,,,九真郡,九真郡,0,,,,0,0,,,0,unmapped,CHGIS 588未找到可采用的同名郡治点,,1476,578,,
588,yearbook_588,administrative_entity,南陳,county,ch_c0834,,ch_s0071,愛州,ch_p0244,九真郡,ch_c0834,移風,移風,移風,0,,,,0,0,,,0,unmapped,CHGIS 588未找到可采用的同名縣治點,,1476,578,,
588,yearbook_588,administrative_entity,南陳,county,ch_c0835,,ch_s0071,愛州,ch_p0244,九真郡,ch_c0835,胥浦,胥浦,胥浦,0,,,,0,0,,,0,unmapped,CHGIS 588未找到可采用的同名縣治點,,1476,578,,
588,yearbook_588,administrative_entity,南陳,county,ch_c0836,,ch_s0071,愛州,ch_p0244,九真郡,ch_c0836,日南,日南,日南,0,,,,0,0,,,0,unmapped,CHGIS 588未找到可采用的同名縣治點,,1476,578,,
588,yearbook_588,administrative_entity,南陳,county,ch_c0837,,ch_s0071,愛州,ch_p0244,九真郡,ch_c0837,松原,松原,松原,0,,,,0,0,,,0,unmapped,CHGIS 588未找到可采用的同名縣治點,,1476,578,,
588,yearbook_588,administrative_entity,南陳,county,ch_c0838,,ch_s0071,愛州,ch_p0244,九真郡,ch_c0838,高安,高安,高安,0,,,,0,0,,,0,unmapped,CHGIS 588未找到可采用的同名縣治點,,1476,578,,
588,yearbook_588,administrative_entity,南陳,county,ch_c0839,,ch_s0071,愛州,ch_p0244,九真郡,ch_c0839,吉龐,吉龐,吉龐,0,,,,0,0,,,0,unmapped,CHGIS 588未找到可采用的同名縣治點,,1476,578,,
588,yearbook_588,administrative_entity,南陳,county,ch_c0840,70453,ch_s0071,愛州,ch_p0244,九真郡,ch_c0840,常樂,常樂,常樂,0,,,,0,0,96.23748999504598,40.240550006977514,1,seat,,CHGIS V6,1476,578,,
588,yearbook_588,administrative_entity,南陳,county,ch_c0841,,ch_s0071,愛州,ch_p0244,九真郡,ch_c0841,津梧,津梧,津梧,0,,,,0,0,,,0,unmapped,CHGIS 588未找到可采用的同名縣治點,,1476,578,,
588,yearbook_588,administrative_entity,南陳,county,ch_c0842,44532,ch_s0071,愛州,ch_p0244,九真郡,ch_c0842,武寧,武寧,武寧,0,,,,0,0,108.25395699997114,30.505870999985618,1,seat,,CHGIS V6,1477,579,,
588,yearbook_588,administrative_entity,南陳,county,ch_c0843,,ch_s0071,愛州,ch_p0244,九真郡,ch_c0843,軍安,軍安,軍安,0,,,,0,0,,,0,unmapped,CHGIS 588未找到可采用的同名縣治點,,1477,579,,
588,yearbook_588,administrative_entity,南陳,state,ch_s0072,,ch_s0072,德州,,,,,德州,德州,0,,,,0,0,,,0,unmapped,CHGIS 588未找到可唯一采用的同名州治点,,1477,579,,
588,yearbook_588,administrative_entity,南陳,prefecture,ch_p0245,,ch_s0072,德州,ch_p0245,九德郡,,,九德郡,九德郡,0,,,,0,0,,,0,unmapped,CHGIS 588未找到可采用的同名郡治点,,1477,579,,
588,yearbook_588,administrative_entity,南陳,county,ch_c0844,,ch_s0072,德州,ch_p0245,九德郡,ch_c0844,九德,九德,九德,0,,,,0,0,,,0,unmapped,CHGIS 588未找到可采用的同名縣治點,,1477,579,,
588,yearbook_588,administrative_entity,南陳,county,ch_c0845,40847,ch_s0072,德州,ch_p0245,九德郡,ch_c0845,安遠,安遠,安遠,0,,,,0,0,115.39747200030442,25.12054699984673,1,seat,,CHGIS V6,1477,579,,
588,yearbook_588,administrative_entity,南陳,county,ch_c0846,,ch_s0072,德州,ch_p0245,九德郡,ch_c0846,咸驩,咸驩,咸驩,0,,,,0,0,,,0,unmapped,CHGIS 588未找到可采用的同名縣治點,,1477,579,,
588,yearbook_588,administrative_entity,南陳,county,ch_c0847,,ch_s0072,德州,ch_p0245,九德郡,ch_c0847,浦陽,浦陽,浦陽,0,,,,0,0,,,0,unmapped,CHGIS 588未找到可采用的同名縣治點,,1477,579,,
588,yearbook_588,administrative_entity,南陳,county,ch_c0848,41340,ch_s0072,德州,ch_p0245,九德郡,ch_c0848,南陵,南陵,南陵,0,,,,0,0,118.0410000037838,31.171690995682347,1,seat,,CHGIS V6,1477,579,,
588,yearbook_588,administrative_entity,南陳,county,ch_c0849,,ch_s0072,德州,ch_p0245,九德郡,ch_c0849,都洨,都洨,都洨,0,,,,0,0,,,0,unmapped,CHGIS 588未找到可采用的同名縣治點,,1477,579,,
588,yearbook_588,administrative_entity,南陳,county,ch_c0850,,ch_s0072,德州,ch_p0245,九德郡,ch_c0850,越常,越常,越常,0,,,,0,0,,,0,unmapped,CHGIS 588未找到可采用的同名縣治點,,1478,580,,
588,yearbook_588,administrative_entity,南陳,county,ch_c0851,45465,ch_s0072,德州,ch_p0245,九德郡,ch_c0851,西安,西安,西安,0,,,,0,0,103.98903999564101,27.715129996767832,1,seat,,CHGIS V6,1478,580,,
588,fief_588,fief,南陳,prefecture,ch_p0046,32559,ch_s0010,江州,ch_p0046,南康郡,,,南康郡,南康國,1,chen_fief_0001,王,南康嗣王·陳方泰,0,0,114.93248000016875,25.846999999917596,1,seat,,CHGIS V6,,,南朝藩王列表,https://zh.wikipedia.org/zh-hans/南朝藩王列表
588,fief_588,fief,南陳,prefecture,ch_p0197,34176,ch_s0055,東衡州,ch_p0197,始興郡,,,始興郡,始興國,1,chen_fief_0002,王,陳叔重,0,0,113.60341700001209,24.810208999993897,1,seat,,CHGIS V6,,,南朝藩王列表,https://zh.wikipedia.org/zh-hans/南朝藩王列表
588,fief_588,fief,南陳,county,ch_c0107,40817,ch_s0003,東揚州,ch_p0018,新安郡,ch_c0107,壽昌,壽昌,壽昌公國,1,chen_fief_0006,公,公國·封君未詳,1,0,119.0953240046328,29.307031991535695,1,seat,,CHGIS V6,,,南朝公爵列表,https://zh.wikipedia.org/wiki/南朝公爵列表
588,fief_588,fief,南陳,prefecture,ch_p0027,32035,ch_s0005,豐州,ch_p0027,建安郡,,,建安郡,建安公國,1,chen_fief_0007,公,郡公·王曇選,1,0,118.32378400502766,27.03886399599987,1,seat,,CHGIS V6,,,南朝公爵列表,https://zh.wikipedia.org/wiki/南朝公爵列表
588,fief_588,fief,南陳,prefecture,ch_p0136,32886,ch_s0041,湘州,ch_p0136,零陵郡,,,零陵郡,零陵公國,1,chen_fief_0009,公,郡公·侯就（弟侯就繼立）,0,0,111.61256399999999,26.210339,1,seat,,CHGIS V6,,,南朝公爵列表,https://zh.wikipedia.org/wiki/南朝公爵列表
588,fief_588,fief,南陳,county,ch_c0214,41199,ch_s0010,江州,ch_p0042,鄱陽郡,ch_c0214,上饒,上饒,上饒侯國,1,chen_fief_0010,侯,侯國·陳炅,1,0,117.96489000425038,28.45069099671719,1,seat,,CHGIS V6,,,南朝侯爵列表（宗室、外戚）,https://zh.wikipedia.org/wiki/南朝侯爵列表#開國侯（外戚）
588,fief_588,fief,南陳,county,ch_c0228,40898,ch_s0010,江州,ch_p0045,廬陵郡,ch_c0228,吉陽,吉陽,吉陽侯國,1,chen_fief_0012,侯,侯國·陳諠,1,0,115.09071900024544,27.462800999879022,1,seat,,CHGIS V6,,,南朝侯爵列表（宗室、外戚）,https://zh.wikipedia.org/wiki/南朝侯爵列表#開國侯（外戚）
588,fief_588,fief,南陳,county,ch_c0258,41001,ch_s0010,江州,ch_p0049,臨川郡,ch_c0258,宜黃,宜黃,宜黃侯國,1,chen_fief_0013,侯,陳慧紀,0,0,116.22269700101106,27.547721999462517,1,seat,,CHGIS V6,,,南朝侯爵列表（宗室、外戚）,https://zh.wikipedia.org/wiki/南朝侯爵列表#開國侯（外戚）
588,fief_588,fief,南陳,county,ch_c0238,40863,ch_s0010,江州,ch_p0046,南康郡,ch_c0238,寧都,寧都,寧都侯國,1,chen_fief_0014,侯,侯國·陳敬雅,0,0,116.05444500079247,26.588391999593632,1,seat,,CHGIS V6,,,南朝侯爵列表（宗室、外戚）,https://zh.wikipedia.org/wiki/南朝侯爵列表#開國侯（外戚）
588,fief_588,fief,南陳,county,ch_c0241,40858,ch_s0010,江州,ch_p0046,南康郡,ch_c0241,平固,平固,平固侯國,1,chen_fief_0015,侯,侯國·陳敬泰,1,0,115.28944100029305,26.172606999855933,1,seat,,CHGIS V6,,,南朝侯爵列表（宗室、外戚）,https://zh.wikipedia.org/wiki/南朝侯爵列表#開國侯（外戚）
588,fief_588,fief,南陳,county,ch_c0221,41217,ch_s0010,江州,ch_p0044,豫章郡,ch_c0221,建城,建城,建城侯國,1,chen_fief_0016,侯,侯國·陳晃,1,0,115.3722760003826,28.425597999802687,1,seat,,CHGIS V6,,,南朝侯爵列表（宗室、外戚）,https://zh.wikipedia.org/wiki/南朝侯爵列表#開國侯（外戚）
588,fief_588,fief,南陳,county,ch_c0216,41154,ch_s0010,江州,ch_p0043,太原郡,ch_c0216,彭澤,彭澤,彭澤侯國,1,chen_fief_0017,侯,侯國·魯覽,1,0,116.23218600109044,29.584999999354505,1,seat,,CHGIS V6,,,南朝開國侯列表（功臣）,https://zh.wikipedia.org/wiki/南朝開國侯列表_(功臣)
588,fief_588,fief,南陳,county,,,,,,,,,,懷化侯國,1,chen_fief_0018,侯,侯國·封君未詳,1,0,,,0,unmapped,本年網頁政區表無可唯一對應的同名郡縣,,,,南朝開國侯列表（功臣）,https://zh.wikipedia.org/wiki/南朝開國侯列表_(功臣)
588,fief_588,fief,南陳,county,ch_c0519,95219,ch_s0044,荊州,ch_p0149,南平郡,ch_c0519,永安,永安,永安侯國,1,chen_fief_0019,侯,侯國·錢邈,0,0,111.72808100000002,36.56382399999998,1,seat,,CHGIS V6,,,南朝開國侯列表（功臣）,https://zh.wikipedia.org/wiki/南朝開國侯列表_(功臣)
588,fief_588,fief,南陳,county,ch_c0253,41142,ch_s0010,江州,ch_p0048,豫寧郡,ch_c0253,永修,永修,永修侯國,1,chen_fief_0020,侯,侯國·陳黨,1,0,115.51463000047464,29.207559999743467,1,seat,,CHGIS V6,,,南朝侯爵列表（宗室、外戚）,https://zh.wikipedia.org/wiki/南朝侯爵列表#開國侯（外戚）
588,fief_588,fief,南陳,county,ch_c0453,41860,ch_s0041,湘州,ch_p0132,湘東郡,ch_c0453,湘潭,湘潭,湘潭侯國,1,chen_fief_0022,侯,侯國·陳元基,1,0,113.35610300000951,27.165908999995818,1,seat,,CHGIS V6,,,南朝侯爵列表（宗室、外戚）,https://zh.wikipedia.org/wiki/南朝侯爵列表#開國侯（外戚）
588,fief_588,fief,南陳,county,ch_c0469,41747,ch_s0041,湘州,ch_p0135,岳陽郡,ch_c0469,湘濱,湘濱,湘濱侯國,1,chen_fief_0023,侯,侯國·陳番,1,0,113.06809300000525,28.61817499999781,1,seat,,CHGIS V6,,,南朝侯爵列表（宗室、外戚）,https://zh.wikipedia.org/wiki/南朝侯爵列表#開國侯（外戚）
588,fief_588,fief,南陳,county,ch_c0549,42578,ch_s0047,廣州,ch_p0156,東官郡,ch_c0549,興寧,興寧,興寧侯國,1,chen_fief_0024,侯,侯國·荀法尚,0,0,115.69923600040282,24.215482999785937,1,seat,,CHGIS V6,,,南朝開國侯列表（功臣）,https://zh.wikipedia.org/wiki/南朝開國侯列表_(功臣)
588,fief_588,fief,南陳,county,ch_c0242,40864,ch_s0010,江州,ch_p0046,南康郡,ch_c0242,虔化,虔化,虔化侯國,1,chen_fief_0025,侯,侯國·封君未詳,1,0,116.00174700073896,26.456096999622996,1,seat,,CHGIS V6,,,南朝侯爵列表（宗室、外戚）,https://zh.wikipedia.org/wiki/南朝侯爵列表#開國侯（外戚）
588,fief_588,fief,南陳,county,,,,,,,,,,西華侯國,1,chen_fief_0026,侯,侯國·繼承未詳,1,0,,,0,unmapped,本年網頁政區表無可唯一對應的同名郡縣,,,,南朝開國侯列表（功臣）,https://zh.wikipedia.org/wiki/南朝開國侯列表_(功臣)
588,fief_588,fief,南陳,county,,,,,,,,,,豫章侯國,1,chen_fief_0027,侯,侯國·陳祏,0,0,,,0,unmapped,本年網頁政區表無可唯一對應的同名郡縣,,,,南朝侯爵列表（宗室、外戚）,https://zh.wikipedia.org/wiki/南朝侯爵列表#開國侯（外戚）
588,fief_588,fief,南陳,county,ch_c0231,40920,ch_s0010,江州,ch_p0045,廬陵郡,ch_c0231,遂興,遂興,遂興侯國,1,chen_fief_0028,侯,侯國·陳正理,0,0,114.72570700013031,26.487400999937186,1,seat,,CHGIS V6,,,南朝侯爵列表（宗室、外戚）,https://zh.wikipedia.org/wiki/南朝侯爵列表#開國侯（外戚）
588,fief_588,fief,南陳,county,ch_c0226,41108,ch_s0010,江州,ch_p0044,豫章郡,ch_c0226,鐘陵,鐘陵,鍾陵侯國,1,chen_fief_0029,侯,侯國·陳褒,1,0,116.2590710010877,28.364484999399522,1,seat,,CHGIS V6,,,南朝侯爵列表（宗室、外戚）,https://zh.wikipedia.org/wiki/南朝侯爵列表#開國侯（外戚）
588,fief_588,fief,南陳,county,,,,,,,,,,辰子國,1,chen_fief_0031,子,子國·張智達,1,0,,,0,unmapped,本年網頁政區表無可唯一對應的同名郡縣,,,,南朝子爵列表,https://zh.wikipedia.org/wiki/南朝子爵列表
588,fief_588,fief,南陳,county,ch_c0694,,ch_s0054,桂州,ch_p0192,桂林郡,ch_c0694,常安,常安,常安侯國,1,chen_fief_0035,侯,侯國·駱義,0,0,,,0,unmapped,CHGIS 588未找到可采用的同名縣治點,,,,南朝開國侯列表（功臣）,https://zh.wikipedia.org/wiki/南朝開國侯列表_(功臣)
588,fief_588,fief,南陳,county,ch_c0221,41217,ch_s0010,江州,ch_p0044,豫章郡,ch_c0221,建城,建城,建城侯國,1,chen_fief_0037,侯,侯國·沈觀,0,0,115.3722760003826,28.425597999802687,1,seat,,CHGIS V6,,,南朝侯爵列表（宗室、外戚）,https://zh.wikipedia.org/wiki/南朝侯爵列表#開國侯（外戚）
588,fief_588,fief,南陳,prefecture,ch_p0133,32930,ch_s0041,湘州,ch_p0133,衡陽郡,,,衡陽郡,衡陽國,1,chen_fief_0040,王,陳伯信,0,0,113.02512800000413,27.407562999998287,1,seat,,CHGIS V6,,,南朝藩王列表,https://zh.wikipedia.org/zh-hans/南朝藩王列表
588,fief_588,fief,南陳,prefecture,ch_p0042,32613,ch_s0010,江州,ch_p0042,鄱陽郡,,,鄱陽郡,鄱陽國,1,chen_fief_0042,王,陳伯山,0,0,116.6638330016466,28.994166999009447,1,seat,,CHGIS V6,,,南朝藩王列表,https://zh.wikipedia.org/zh-hans/南朝藩王列表
588,fief_588,fief,南陳,prefecture,ch_p0132,32862,ch_s0041,湘州,ch_p0132,湘東郡,,,湘東郡,湘東公國,1,chen_fief_0045,公,郡公·徐敞,1,0,112.59703800000105,26.90161699999961,1,seat,,CHGIS V6,,,南朝公爵列表,https://zh.wikipedia.org/wiki/南朝公爵列表
588,fief_588,fief,南陳,county,,,,,,,,,,定襄侯國,1,chen_fief_0046,侯,侯國·封君未詳,1,0,,,0,unmapped,本年網頁政區表無可唯一對應的同名郡縣,,,,南朝開國侯列表（功臣）,https://zh.wikipedia.org/wiki/南朝開國侯列表_(功臣)
588,fief_588,fief,南陳,county,ch_c0256,40996,ch_s0010,江州,ch_p0049,臨川郡,ch_c0256,臨汝,臨汝,臨汝侯國,1,chen_fief_0048,侯,侯國·陳方慶,1,0,116.33857700116478,27.985128999363035,1,seat,,CHGIS V6,,,南朝侯爵列表（宗室、外戚）,https://zh.wikipedia.org/wiki/南朝侯爵列表#開國侯（外戚）
588,fief_588,fief,南陳,county,,,,,,,,,,始平伯國,1,chen_fief_0049,伯,伯國·趙允恭,0,0,,,0,unmapped,本年網頁政區表無可唯一對應的同名郡縣,,,,南朝伯爵列表,https://zh.wikipedia.org/wiki/南朝伯爵列表
588,fief_588,fief,南陳,county,,,,,,,,,,清源侯國,1,chen_fief_0054,侯,侯國·封君未詳,1,0,,,0,unmapped,本年網頁政區表無可唯一對應的同名郡縣,,,,南朝開國侯列表（功臣）,https://zh.wikipedia.org/wiki/南朝開國侯列表_(功臣)
588,fief_588,fief,南陳,county,ch_c0543,42174,ch_s0047,廣州,ch_p0155,南海郡,ch_c0543,新豐,新豐,新豐侯國,1,chen_fief_0059,侯,侯國·蔡徵,0,0,114.35390300004997,24.125154999973205,1,seat,,CHGIS V6,,,南朝開國侯列表（功臣）,https://zh.wikipedia.org/wiki/南朝開國侯列表_(功臣)
588,fief_588,fief,南陳,county,,,,,,,,,,始康子國,1,chen_fief_0064,子,子國·封君未詳,1,0,,,0,unmapped,本年網頁政區表無可唯一對應的同名郡縣,,,,南朝子爵列表,https://zh.wikipedia.org/wiki/南朝子爵列表
588,fief_588,fief,南陳,prefecture,ch_p0045,32540,ch_s0010,江州,ch_p0045,廬陵郡,,,廬陵郡,廬陵國,1,chen_fief_0065,王,陳伯仁,0,0,115.13931400026073,27.33241499987153,1,seat,,CHGIS V6,,,南朝藩王列表,https://zh.wikipedia.org/zh-hans/南朝藩王列表
588,fief_588,fief,南陳,prefecture,ch_p0026,32057,ch_s0005,豐州,ch_p0026,晉安郡,,,晉安郡,晉安國,1,chen_fief_0067,王,陳伯恭,0,0,119.32157700574592,26.07395399194077,1,seat,,CHGIS V6,,,南朝藩王列表,https://zh.wikipedia.org/zh-hans/南朝藩王列表
588,fief_588,fief,南陳,prefecture,ch_p0140,32875,ch_s0042,武州,ch_p0140,武陵郡,,,武陵郡,武陵國,1,chen_fief_0068,王,陳伯禮,0,0,111.69130000000003,29.034806999999994,1,seat,,CHGIS V6,,,南朝藩王列表,https://zh.wikipedia.org/zh-hans/南朝藩王列表
588,fief_588,fief,南陳,prefecture,ch_p0123,,ch_s0039,郢州,ch_p0123,江夏郡,,,江夏郡,江夏國,1,chen_fief_0069,王,陳伯義,0,0,,,0,unmapped,CHGIS 588未找到可采用的同名郡治点,,,,南朝藩王列表,https://zh.wikipedia.org/zh-hans/南朝藩王列表
588,fief_588,fief,南陳,county,,,,,,,,,,朝陽侯國,1,chen_fief_0076,侯,侯國·封君未詳,1,0,,,0,unmapped,本年網頁政區表無可唯一對應的同名郡縣,,,,南朝開國侯列表（功臣）,https://zh.wikipedia.org/wiki/南朝開國侯列表_(功臣)
588,fief_588,fief,南陳,prefecture,ch_p0202,32836,ch_s0056,西衡州,ch_p0202,桂陽郡,,,桂陽郡,桂陽國,1,chen_fief_0077,王,桂陽嗣王·陳鄷,0,0,113.02513900000332,25.80271899999853,1,seat,,CHGIS V6,,,南朝藩王列表,https://zh.wikipedia.org/zh-hans/南朝藩王列表
588,fief_588,fief,南陳,prefecture,ch_p0137,32893,ch_s0041,湘州,ch_p0137,永陽郡,,,永陽郡,永陽國,1,chen_fief_0078,王,陳伯智,0,0,111.620505,25.537297,1,seat,,CHGIS V6,,,南朝藩王列表,https://zh.wikipedia.org/zh-hans/南朝藩王列表
588,fief_588,fief,南陳,prefecture,ch_p0017,32256,ch_s0003,東揚州,ch_p0017,臨海郡,,,臨海郡,臨海國,1,chen_fief_0080,王,臨海嗣王·陳至澤,0,0,121.41879293276551,28.713874967845783,1,seat,,CHGIS V6,,,南朝藩王列表,https://zh.wikipedia.org/zh-hans/南朝藩王列表
588,fief_588,fief,南陳,county,ch_c0252,41137,ch_s0010,江州,ch_p0048,豫寧郡,ch_c0252,建昌,建昌,建昌侯國,1,chen_fief_0081,侯,侯國·徐儉,0,0,115.76181800063976,29.087831999649637,1,seat,,CHGIS V6,,,南朝開國侯列表（功臣）,https://zh.wikipedia.org/wiki/南朝開國侯列表_(功臣)
588,fief_588,fief,南陳,prefecture,ch_p0044,32583,ch_s0010,江州,ch_p0044,豫章郡,,,豫章郡,豫章國,1,chen_fief_0082,王,陳叔英,0,0,115.89772000073947,28.674895999599205,1,seat,,CHGIS V6,,,南朝藩王列表,https://zh.wikipedia.org/zh-hans/南朝藩王列表
588,fief_588,fief,南陳,prefecture,ch_p0131,32819,ch_s0041,湘州,ch_p0131,長沙郡,,,長沙郡,長沙國,1,chen_fief_0083,王,陳叔堅,0,0,112.97813400000393,28.198197999998392,1,seat,,CHGIS V6,,,南朝藩王列表,https://zh.wikipedia.org/zh-hans/南朝藩王列表
588,fief_588,fief,南陳,county,ch_c0233,40938,ch_s0010,江州,ch_p0045,廬陵郡,ch_c0233,東昌,東昌,東昌侯國,1,chen_fief_0085,侯,世子毛處沖服喪,0,0,115.03003000021756,27.022390999893787,1,seat,,CHGIS V6,,,南朝開國侯列表（功臣）,https://zh.wikipedia.org/wiki/南朝開國侯列表_(功臣)
588,fief_588,fief,南陳,county,ch_c0733,43916,ch_s0056,西衡州,ch_p0204,臨賀郡,ch_c0733,富川,富川,富川侯國,1,chen_fief_0086,侯,樊猛,0,0,111.29557000000001,24.526541000000005,1,seat,,CHGIS V6,,,南朝開國侯列表（功臣）,https://zh.wikipedia.org/wiki/南朝開國侯列表_(功臣)
588,fief_588,fief,南陳,county,ch_c0222,41221,ch_s0010,江州,ch_p0044,豫章郡,ch_c0222,望蔡,望蔡,望蔡侯國,1,chen_fief_0087,侯,侯國·沈遵禮,1,0,114.92675000020277,28.24136899989875,1,seat,,CHGIS V6,,,南朝侯爵列表（宗室、外戚）,https://zh.wikipedia.org/wiki/南朝侯爵列表#開國侯（外戚）
588,fief_588,fief,南陳,prefecture,ch_p0027,32035,ch_s0005,豐州,ch_p0027,建安郡,,,建安郡,建安國,1,chen_fief_0088,王,陳叔卿,0,0,118.32378400502766,27.03886399599987,1,seat,,CHGIS V6,,,南朝藩王列表,https://zh.wikipedia.org/zh-hans/南朝藩王列表
588,fief_588,fief,南陳,prefecture,ch_p0152,,ch_s0045,祐州,ch_p0152,宜都郡,,,宜都郡,宜都國,1,chen_fief_0089,王,陳叔明,0,0,,,0,unmapped,CHGIS 588未找到可采用的同名郡治点,,,,南朝藩王列表,https://zh.wikipedia.org/zh-hans/南朝藩王列表
588,fief_588,fief,南陳,prefecture,ch_p_manual_hedong_jing,,ch_s0044,荊州,ch_p_manual_hedong_jing,河東郡,,,河東郡,河東國,1,chen_fief_0090,王,河東嗣王·陳孝寬,0,0,,,0,unmapped,CHGIS 588未找到可采用的同名郡治点,,,,南朝藩王列表,https://zh.wikipedia.org/zh-hans/南朝藩王列表
588,fief_588,fief,南陳,prefecture,ch_p0191,35077,ch_s0054,桂州,ch_p0191,始安郡,,,始安郡,始安公國,1,chen_fief_0092,公,郡公·封君未詳,1,0,110.286262,25.28006,1,seat,,CHGIS V6,,,南朝公爵列表,https://zh.wikipedia.org/wiki/南朝公爵列表
588,fief_588,fief,南陳,prefecture,ch_p0151,,ch_s0044,荊州,ch_p0151,義陽郡,,,義陽郡,義陽公國,1,chen_fief_0095,公,郡公·黃玩,1,0,,,0,unmapped,CHGIS 588未找到可采用的同名郡治点,,,,南朝公爵列表,https://zh.wikipedia.org/wiki/南朝公爵列表
588,fief_588,fief,南陳,county,ch_c0207,41236,ch_s0010,江州,ch_p0041,尋陽郡,ch_c0207,汝南,汝南,汝南侯國,1,chen_fief_0096,侯,侯國·吳超,1,0,115.95586800081156,29.666966999531304,1,seat,,CHGIS V6,,,南朝開國侯列表（功臣）,https://zh.wikipedia.org/wiki/南朝開國侯列表_(功臣)
588,fief_588,fief,南陳,county,,,,,,,,,,江安伯國,1,chen_fief_0098,伯,伯國·封君未詳,1,0,,,0,unmapped,本年網頁政區表無可唯一對應的同名郡縣,,,,南朝伯爵列表,https://zh.wikipedia.org/wiki/南朝伯爵列表
588,fief_588,fief,南陳,county,ch_c0546,,ch_s0047,廣州,ch_p0156,東官郡,ch_c0546,海安,海安,海安伯國,1,chen_fief_0099,伯,伯國·封君未詳,1,0,,,0,unmapped,CHGIS 588未找到可采用的同名縣治點,,,,南朝伯爵列表,https://zh.wikipedia.org/wiki/南朝伯爵列表
588,fief_588,fief,南陳,prefecture,,,,,,,,,,新蔡國,1,chen_fief_0100,王,陳叔齊,0,0,,,0,unmapped,本年網頁政區表無可唯一對應的同名郡縣,,,,南朝藩王列表,https://zh.wikipedia.org/zh-hans/南朝藩王列表
588,fief_588,fief,南陳,prefecture,,,,,,,,,,晉熙國,1,chen_fief_0101,王,陳叔文,0,0,,,0,unmapped,本年網頁政區表無可唯一對應的同名郡縣,,,,南朝藩王列表,https://zh.wikipedia.org/zh-hans/南朝藩王列表
588,fief_588,fief,南陳,prefecture,ch_p0034,33535,ch_s0007,南豫州,ch_p0034,淮南郡,,,淮南郡,淮南國,1,chen_fief_0102,王,陳叔彪,0,0,118.45684000376676,31.426514993843192,1,seat,,CHGIS V6,,,南朝藩王列表,https://zh.wikipedia.org/zh-hans/南朝藩王列表
588,fief_588,fief,南陳,prefecture,,,,,,,,,,梁城公國,1,chen_fief_0103,公,梁城郡公·周法僧,0,0,,,0,unmapped,本年網頁政區表無可唯一對應的同名郡縣,,,,南朝公爵列表,https://zh.wikipedia.org/wiki/南朝公爵列表
588,fief_588,fief,南陳,prefecture,ch_p0041,32601,ch_s0010,江州,ch_p0041,尋陽郡,,,尋陽郡,尋陽國,1,chen_fief_0105,王,陳叔儼,0,0,115.94367300080019,29.641568999539228,1,seat,,CHGIS V6,,,南朝藩王列表,https://zh.wikipedia.org/zh-hans/南朝藩王列表
588,fief_588,fief,南陳,prefecture,ch_p0135,32828,ch_s0041,湘州,ch_p0135,岳陽郡,,,岳陽郡,岳陽國,1,chen_fief_0106,王,陳叔慎,0,0,113.0808410000055,28.811719999997692,1,seat,,CHGIS V6,,,南朝藩王列表,https://zh.wikipedia.org/zh-hans/南朝藩王列表
588,fief_588,fief,南陳,prefecture,ch_p0047,32580,ch_s0010,江州,ch_p0047,巴山郡,,,巴山郡,巴山國,1,chen_fief_0107,王,陳叔雄,0,0,115.86183800069406,28.133996999634114,1,seat,,CHGIS V6,,,南朝藩王列表,https://zh.wikipedia.org/zh-hans/南朝藩王列表
588,fief_588,fief,南陳,prefecture,ch_p0127,,ch_s0039,郢州,ch_p0127,武昌郡,,,武昌郡,武昌國,1,chen_fief_0108,王,陳叔虞,0,0,,,0,unmapped,CHGIS 588未找到可采用的同名郡治点,,,,南朝藩王列表,https://zh.wikipedia.org/zh-hans/南朝藩王列表
588,fief_588,fief,南陳,prefecture,ch_p0151,,ch_s0044,荊州,ch_p0151,義陽郡,,,義陽郡,義陽國,1,chen_fief_0109,王,陳叔達,0,0,,,0,unmapped,CHGIS 588未找到可采用的同名郡治点,,,,南朝藩王列表,https://zh.wikipedia.org/zh-hans/南朝藩王列表
588,fief_588,fief,南陳,prefecture,ch_p0211,34213,ch_s0058,成州,ch_p0211,梁信郡,,,梁信郡,梁信公國,1,chen_fief_0110,公,任忠,0,0,111.508102,23.445099,1,seat,,CHGIS V6,,,南朝公爵列表,https://zh.wikipedia.org/wiki/南朝公爵列表
588,fief_588,fief,南陳,prefecture,ch_p0165,34201,ch_s0047,廣州,ch_p0165,綏建郡,,,綏建郡,綏建公國,1,chen_fief_0111,公,蕭摩訶,0,0,112.42775300000024,23.49094399999985,1,seat,,CHGIS V6,,,南朝公爵列表,https://zh.wikipedia.org/wiki/南朝公爵列表
588,fief_588,fief,南陳,prefecture,ch_p0218,,ch_s0059,靜州,ch_p0218,逍遙郡,,,逍遙郡,逍遙公國,1,chen_fief_0112,公,郡公·樊毅,0,0,,,0,unmapped,CHGIS 588未找到可采用的同名郡治点,,,,南朝公爵列表,https://zh.wikipedia.org/wiki/南朝公爵列表
588,fief_588,fief,南陳,county,ch_c0146,40228,ch_s0005,豐州,ch_p0027,建安郡,ch_c0146,建安,建安,建安伯國,1,chen_fief_0113,伯,伯國·袁憲,0,0,118.32378400502766,27.03886399599987,1,seat,,CHGIS V6,,,南朝伯爵列表,https://zh.wikipedia.org/wiki/南朝伯爵列表
588,fief_588,fief,南陳,county,ch_c0604,42220,ch_s0048,新州,ch_p0167,新會郡,ch_c0604,新夷,新夷,新夷子國,1,chen_fief_0115,子,子國·陳仲華,1,0,112.84721400000063,22.500207999999382,1,seat,,CHGIS V6,,,南朝子爵列表,https://zh.wikipedia.org/wiki/南朝子爵列表
588,fief_588,fief,南陳,county,ch_c0485,,ch_s0041,湘州,ch_p0139,樂梁郡,ch_c0485,游安,游安,游安子國,1,chen_fief_0116,子,陳智深,0,0,,,0,unmapped,CHGIS 588未找到可采用的同名縣治點,,,,南朝子爵列表,https://zh.wikipedia.org/wiki/南朝子爵列表
588,fief_588,fief,南陳,prefecture,ch_p0033,,ch_s0006,南徐州,ch_p0033,信義郡,,,信義郡,信義國,1,chen_fief_0117,王,陳祗,0,0,,,0,unmapped,CHGIS 588未找到可采用的同名郡治点,,,,南朝藩王列表,https://zh.wikipedia.org/zh-hans/南朝藩王列表
588,fief_588,fief,南陳,prefecture,ch_p0028,32078,ch_s0005,豐州,ch_p0028,南安郡,,,南安郡,南安國,1,chen_fief_0118,王,陳叔儉,0,0,118.53784900490622,24.953763995837587,1,seat,,CHGIS V6,,,南朝藩王列表,https://zh.wikipedia.org/zh-hans/南朝藩王列表
588,fief_588,fief,南陳,prefecture,ch_p0149,32942,ch_s0044,荊州,ch_p0149,南平郡,,,南平郡,南平國,1,chen_fief_0119,王,陳嶷,0,0,111.9346310000001,30.00065299999999,1,seat,,CHGIS V6,,,南朝藩王列表,https://zh.wikipedia.org/zh-hans/南朝藩王列表
588,fief_588,fief,南陳,prefecture,ch_p0155,34191,ch_s0047,廣州,ch_p0155,南海郡,,,南海郡,南海國,1,chen_fief_0120,王,陳虔,0,0,113.25606600000322,23.134623999997807,1,seat,,CHGIS V6,,,南朝藩王列表,https://zh.wikipedia.org/zh-hans/南朝藩王列表
588,fief_588,fief,南陳,prefecture,,,,,,,,,,南郡國,1,chen_fief_0121,王,陳叔澄,0,0,,,0,unmapped,本年網頁政區表無可唯一對應的同名郡縣,,,,南朝藩王列表,https://zh.wikipedia.org/zh-hans/南朝藩王列表
588,fief_588,fief,南陳,prefecture,ch_p0191,35077,ch_s0054,桂州,ch_p0191,始安郡,,,始安郡,始安國,1,chen_fief_0122,王,陳淵,0,0,110.286262,25.28006,1,seat,,CHGIS V6,,,南朝藩王列表,https://zh.wikipedia.org/zh-hans/南朝藩王列表
588,fief_588,fief,南陳,prefecture,,,,,,,,,,岳山國,1,chen_fief_0123,王,陳叔韶,0,0,,,0,unmapped,本年網頁政區表無可唯一對應的同名郡縣,,,,南朝藩王列表,https://zh.wikipedia.org/zh-hans/南朝藩王列表
588,fief_588,fief,南陳,prefecture,,,,,,,,,,新興國,1,chen_fief_0124,王,陳叔純,0,0,,,0,unmapped,本年網頁政區表無可唯一對應的同名郡縣,,,,南朝藩王列表,https://zh.wikipedia.org/zh-hans/南朝藩王列表
588,fief_588,fief,南陳,prefecture,ch_p0020,32276,ch_s0003,東揚州,ch_p0020,永嘉郡,,,永嘉郡,永嘉國,1,chen_fief_0125,王,陳彥,0,0,120.65322098422614,28.018290979093624,1,seat,,CHGIS V6,,,南朝藩王列表,https://zh.wikipedia.org/zh-hans/南朝藩王列表
588,fief_588,fief,南陳,prefecture,ch_p0142,32845,ch_s0042,武州,ch_p0142,沅陵郡,,,沅陵郡,沅陵國,1,chen_fief_0126,王,陳叔興,0,0,110.396965,28.458191,1,seat,,CHGIS V6,,,南朝藩王列表,https://zh.wikipedia.org/zh-hans/南朝藩王列表
588,fief_588,fief,南陳,prefecture,ch_p0132,32862,ch_s0041,湘州,ch_p0132,湘東郡,,,湘東郡,湘東國,1,chen_fief_0127,王,陳叔平,0,0,112.59703800000105,26.90161699999961,1,seat,,CHGIS V6,,,南朝藩王列表,https://zh.wikipedia.org/zh-hans/南朝藩王列表
588,fief_588,fief,南陳,prefecture,ch_p0204,,ch_s0056,西衡州,ch_p0204,臨賀郡,,,臨賀郡,臨賀國,1,chen_fief_0128,王,陳叔敖,0,0,,,0,unmapped,CHGIS 588未找到可采用的同名郡治点,,,,南朝藩王列表,https://zh.wikipedia.org/zh-hans/南朝藩王列表
588,fief_588,fief,南陳,prefecture,,,,,,,,,,西陽國,1,chen_fief_0129,王,陳叔穆,0,0,,,0,unmapped,本年網頁政區表無可唯一對應的同名郡縣,,,,南朝藩王列表,https://zh.wikipedia.org/zh-hans/南朝藩王列表
588,fief_588,fief,南陳,prefecture,ch_p0200,34180,ch_s0056,西衡州,ch_p0200,陽山郡,,,陽山郡,陽山國,1,chen_fief_0130,王,陳叔宣,0,0,113.12419900000317,24.258880999998308,1,seat,,CHGIS V6,,,南朝藩王列表,https://zh.wikipedia.org/zh-hans/南朝藩王列表
588,fief_588,fief,南陳,county,ch_c0460,42014,ch_s0041,湘州,ch_p0134,邵陵郡,ch_c0460,邵陵,邵陵,邵陵侯國,1,chen_fief_0131,侯,吳惠覺,0,0,111.474937,27.249315,1,seat,,CHGIS V6,,,南朝開國侯列表（功臣）,https://zh.wikipedia.org/wiki/南朝開國侯列表_(功臣)
588,fief_588,fief,南陳,county,ch_c0458,41842,ch_s0041,湘州,ch_p0133,衡陽郡,ch_c0458,重安,重安,重安侯國,1,chen_fief_0132,侯,程饗,0,0,112.36050900000046,27.00394499999985,1,seat,,CHGIS V6,,,南朝開國侯列表（功臣）,https://zh.wikipedia.org/wiki/南朝開國侯列表_(功臣)
588,fief_588,fief,南陳,prefecture,ch_p0138,35081,ch_s0041,湘州,ch_p0138,綏越郡,,,綏越郡,綏越公國,1,chen_fief_0133,公,魯廣達,0,0,111.35530799999998,24.023087000000004,1,seat,,CHGIS V6,,,南朝公爵列表,https://zh.wikipedia.org/wiki/南朝公爵列表
588,fief_588,fief,南陳,county,,,,,,,,,,臨江子國,1,chen_fief_0134,子,王勇,0,0,,,0,unmapped,本年網頁政區表無可唯一對應的同名郡縣,,,,南朝子爵列表,https://zh.wikipedia.org/wiki/南朝子爵列表
588,fief_588,fief,南陳,prefecture,,,,,,,,,,巴東國,1,chen_fief_0135,王,陳叔謨,0,0,,,0,unmapped,本年網頁政區表無可唯一對應的同名郡縣,,,,南朝藩王列表,https://zh.wikipedia.org/zh-hans/南朝藩王列表
588,fief_588,fief,南陳,prefecture,ch_p0166,34227,ch_s0048,新州,ch_p0166,新寧郡,,,新寧郡,新寧國,1,chen_fief_0136,王,陳叔隆,0,0,112.22508200000006,22.702914999999944,1,seat,,CHGIS V6,,,南朝藩王列表,https://zh.wikipedia.org/zh-hans/南朝藩王列表
588,fief_588,fief,南陳,prefecture,ch_p0167,34198,ch_s0048,新州,ch_p0167,新會郡,,,新會郡,新會國,1,chen_fief_0137,王,陳叔坦,0,0,113.01797900000126,22.634569999998934,1,seat,,CHGIS V6,,,南朝藩王列表,https://zh.wikipedia.org/zh-hans/南朝藩王列表
588,fief_588,fief,南陳,prefecture,ch_p0016,32280,ch_s0003,東揚州,ch_p0016,會稽郡,,,會稽郡,會稽國,1,chen_fief_0138,王,陳莊,0,0,120.57826197632139,30.004514977397015,1,seat,,CHGIS V6,,,南朝藩王列表,https://zh.wikipedia.org/zh-hans/南朝藩王列表
588,fief_588,fief,南陳,prefecture,,,,,,,,,,臨江國,1,chen_fief_0139,王,陳叔顯,0,0,,,0,unmapped,本年網頁政區表無可唯一對應的同名郡縣,,,,南朝藩王列表,https://zh.wikipedia.org/zh-hans/南朝藩王列表
588,fief_588,fief,南陳,county,ch_c0557,42368,ch_s0047,廣州,ch_p0158,晉康郡,ch_c0557,文招,文招,文招侯國,1,chen_fief_0140,侯,侯國·司馬琇,0,0,112.09369600000004,23.230782999999978,1,seat,,CHGIS V6,,,南朝開國侯列表（功臣）,https://zh.wikipedia.org/wiki/南朝開國侯列表_(功臣)
588,fief_588,fief,南陳,prefecture,ch_p0134,32901,ch_s0041,湘州,ch_p0134,邵陵郡,,,邵陵郡,邵陵國,1,chen_fief_0141,王,陳兢,0,0,111.474937,27.249315,1,seat,,CHGIS V6,,,南朝藩王列表,https://zh.wikipedia.org/zh-hans/南朝藩王列表
588,fief_588,fief,南陳,prefecture,ch_p0013,32059,ch_s0002,吳州,ch_p0013,吳郡,,,吳郡,吳國,1,chen_fief_0142,王,陳蕃,0,0,120.61862196466318,31.31270997478973,1,seat,,CHGIS V6,,,南朝藩王列表,https://zh.wikipedia.org/zh-hans/南朝藩王列表
588,fief_588,fief,南陳,prefecture,ch_p0015,32358,ch_s0002,吳州,ch_p0015,吳興郡,,,吳興郡,吳興國,1,chen_fief_0143,王,陳胤,0,0,120.0993119883639,30.864963981797544,1,seat,,CHGIS V6,,,南朝藩王列表,https://zh.wikipedia.org/zh-hans/南朝藩王列表
588,fief_588,fief,南陳,prefecture,ch_p0043,32600,ch_s0010,江州,ch_p0043,太原郡,,,太原郡,太原國,1,chen_fief_0144,王,陳叔匡,0,0,116.23218600109044,29.584999999354505,1,seat,,CHGIS V6,,,南朝藩王列表,https://zh.wikipedia.org/zh-hans/南朝藩王列表
588,fief_588,fief,南陳,prefecture,ch_p0188,,ch_s0053,興州,ch_p0188,新昌郡,,,新昌郡,新昌國,1,chen_fief_0145,王,陳叔榮,0,0,,,0,unmapped,CHGIS 588未找到可采用的同名郡治点,,,,南朝藩王列表,https://zh.wikipedia.org/zh-hans/南朝藩王列表
588,fief_588,fief,南陳,prefecture,ch_p0019,32267,ch_s0003,東揚州,ch_p0019,東陽郡,,,東陽郡,東陽國,1,chen_fief_0146,王,陳恮,0,0,119.64991800169877,29.104711987812923,1,seat,,CHGIS V6,,,南朝藩王列表,https://zh.wikipedia.org/zh-hans/南朝藩王列表
588,fief_588,fief,南陳,prefecture,,,,,,,,,,永城國,1,chen_fief_0147,王,陳叔忠,0,0,,,0,unmapped,本年網頁政區表無可唯一對應的同名郡縣,,,,南朝藩王列表,https://zh.wikipedia.org/zh-hans/南朝藩王列表
588,fief_588,fief,南陳,prefecture,ch_p0014,32356,ch_s0002,吳州,ch_p0014,錢塘郡,,,錢塘郡,錢唐國,1,chen_fief_0148,王,陳恬,0,0,120.16862498905506,30.29412498176254,1,seat,,CHGIS V6,,,南朝藩王列表,https://zh.wikipedia.org/zh-hans/南朝藩王列表
588,fief_588,fief,南陳,prefecture,ch_p0130,32919,ch_s0040,巴州,ch_p0130,巴陵郡,,,巴陵郡,巴陵國,1,chen_fief_manual_baling_king,王,巴陵郡王·蕭沇,0,0,113.09765600000601,29.37125999999744,1,seat,,CHGIS V6,,,南朝藩王列表,https://zh.wikipedia.org/zh-hans/南朝藩王列表
588,fief_588,fief,南陳,prefecture,ch_p0032,32042,ch_s0006,南徐州,ch_p0032,江陰郡,,,江陰郡,江陰國,1,chen_fief_manual_jiangyin_king,王,江陰郡王·蕭彝,0,0,120.26608997704696,31.90876997840655,1,seat,,CHGIS V6,,,南朝藩王列表,https://zh.wikipedia.org/zh-hans/南朝藩王列表
588,chgis_map_layer,state_area,同時期CHGIS,state,,ch_s0002-area,,,,,,,吳州,吳州,0,,,,0,0,120.35751508683447,30.569477572268923,1,area,,western-jin-yearbook＋CHGIS V6,,,,
588,chgis_map_layer,state_area,同時期CHGIS,state,,97888,,,,,,,黃州,黃州,0,,,,0,0,114.82171571316492,31.00523659221681,1,area,,CHGIS V6,,,,
588,chgis_map_layer,state_area,同時期CHGIS,state,,97899,,,,,,,復州,復州,0,,,,0,0,113.47465169470082,30.170103528438855,1,area,,CHGIS V6,,,,
588,chgis_map_layer,state_area,同時期CHGIS,state,,97930,,,,,,,襄州,襄州,0,,,,0,0,111.79539003781312,31.936222607402204,1,area,,CHGIS V6,,,,
588,chgis_map_layer,state_area,同時期CHGIS,state,,97953,,,,,,,鄀州,鄀州,0,,,,0,0,112.22229815635538,31.15388451484985,1,area,,CHGIS V6,,,,
588,chgis_map_layer,state_area,同時期CHGIS,state,,97970,,,,,,,郢州,郢州,0,,,,0,0,112.86278379127296,31.193783040630407,1,area,,CHGIS V6,,,,
588,chgis_map_layer,state_area,同時期CHGIS,state,,97978,,,,,,,基州,基州,0,,,,0,0,112.61108181663698,30.770319123637975,1,area,,CHGIS V6,,,,
588,chgis_map_layer,state_area,同時期CHGIS,state,,97989,,,,,,,溫州,溫州,0,,,,0,0,113.10144426630173,31.031975600589192,1,area,,CHGIS V6,,,,
588,chgis_map_layer,state_area,同時期CHGIS,state,,221525,,,,,,,遷州,遷州,0,,,,0,0,110.59622208397082,31.973757300118635,1,area,,CHGIS V6,,,,
588,chgis_map_layer,state_area,同時期CHGIS,state,,221526,,,,,,,羅州,羅州,0,,,,0,0,109.93279180034799,32.068314382782134,1,area,,CHGIS V6,,,,
588,chgis_map_layer,state_area,同時期CHGIS,state,,221529,,,,,,,土州,土州,0,,,,0,0,113.50042009451786,31.880600886356603,1,area,,CHGIS V6,,,,
588,chgis_map_layer,state_area,同時期CHGIS,state,,221530,,,,,,,隋州,隋州,0,,,,0,0,113.39935820707001,31.686608467726394,1,area,,CHGIS V6,,,,
588,chgis_map_layer,state_area,同時期CHGIS,state,,221531,,,,,,,順州,順州,0,,,,0,0,113.1860149838102,32.17586913168777,1,area,,CHGIS V6,,,,
588,chgis_map_layer,state_area,同時期CHGIS,state,,221532,,,,,,,唐州,唐州,0,,,,0,0,113.12725280165348,31.780244250792947,1,area,,CHGIS V6,,,,
588,chgis_map_layer,state_area,同時期CHGIS,state,,221535,,,,,,,均州,均州,0,,,,0,0,110.85139214939801,32.75156998861148,1,area,,CHGIS V6,,,,
588,chgis_map_layer,state_area,同時期CHGIS,state,,221542,,,,,,,硤州,硤州,0,,,,0,0,111.27989781716673,31.00756231596951,1,area,,CHGIS V6,,,,
588,chgis_map_layer,state_area,同時期CHGIS,state,,221543,,,,,,,江州,江州,0,,,,0,0,110.81666163634674,30.495893544913447,1,area,,CHGIS V6,,,,
588,chgis_map_layer,state_area,同時期CHGIS,state,,221546,,,,,,,亭州,亭州,0,,,,0,0,109.8768696811238,30.00863202330568,1,area,,CHGIS V6,,,,
588,chgis_map_layer,state_area,同時期CHGIS,state,,221552,,,,,,,蘄州,蘄州,0,,,,0,0,115.5619344583205,30.50243297569404,1,area,,CHGIS V6,,,,
588,chgis_map_layer,state_area,同時期CHGIS,state,,221555,,,,,,,玉州,玉州,0,,,,0,0,111.81063085222932,30.96945816057506,1,area,,CHGIS V6,,,,
588,chgis_map_layer,state_area,同時期CHGIS,state,,221556,,,,,,,睦州,睦州,0,,,,0,0,111.14460293205859,30.4186466658215,1,area,,CHGIS V6,,,,
588,chgis_map_layer,state_area,同時期CHGIS,state,,97967,,,,,,,安州,安州,0,,,,0,0,113.83023793356651,31.286690725503583,1,area,,CHGIS V6,,,,
588,chgis_map_layer,state_area,同時期CHGIS,state,,97966,,,,,,,應州,應州,0,,,,0,0,113.71974553123147,31.9094961922883,1,area,,CHGIS V6,,,,
588,chgis_map_layer,state_area,同時期CHGIS,state,,221533,,,,,,,昌州,昌州,0,,,,0,0,112.78718706511293,31.947903362998268,1,area,,CHGIS V6,,,,
588,chgis_map_layer,state_area,同時期CHGIS,state,,97501,,,,,,,衡州,衡州,0,,,,0,0,110.51105984769376,29.4254307175336,1,area,,CHGIS V6,,,,
588,chgis_map_layer,state_area,同時期CHGIS,state,,91423,,,,,,,泗州,泗州,0,,,,0,0,118.34812334495672,33.54731793582286,1,area,,CHGIS V6,,,,
588,chgis_map_layer,state_area,同時期CHGIS,state,,91414,,,,,,,楚州,楚州,0,,,,0,0,119.29714834255886,33.57742678815579,1,area,,CHGIS V6,,,,
588,chgis_map_layer,state_area,同時期CHGIS,state,,91417,,,,,,,海州,海州,0,,,,0,0,119.08334484284013,34.38618581132158,1,area,,CHGIS V6,,,,
588,chgis_map_layer,state_area,同時期CHGIS,state,,91509,,,,,,,邳州,邳州,0,,,,0,0,118.08452833924821,34.283609592305766,1,area,,CHGIS V6,,,,
588,chgis_map_layer,state_area,同時期CHGIS,state,,91421,,,,,,,徐州,徐州,0,,,,0,0,116.94743897195298,33.83294634702596,1,area,,CHGIS V6,,,,
588,chgis_map_layer,state_area,同時期CHGIS,state,,91213,,,,,,,亳州,亳州,0,,,,0,0,116.13172232323608,33.635027189332234,1,area,,CHGIS V6,,,,
588,chgis_map_layer,state_area,同時期CHGIS,state,,91211,,,,,,,潁州,潁州,0,,,,0,0,116.10024452588604,32.995758257665045,1,area,,CHGIS V6,,,,
588,chgis_map_layer,state_area,同時期CHGIS,state,,91310,,,,,,,揚州,揚州,0,,,,0,0,116.60473158806516,32.24965351638593,1,area,,CHGIS V6,,,,
588,chgis_map_layer,state_area,同時期CHGIS,state,,91205,,,,,,,廬州,廬州,0,,,,0,0,116.85217420069154,31.609331898610822,1,area,,CHGIS V6,,,,
588,chgis_map_layer,state_area,同時期CHGIS,state,,91203,,,,,,,熙州,熙州,0,,,,0,0,116.74564502425848,30.526237010592737,1,area,,CHGIS V6,,,,
588,chgis_map_layer,state_area,同時期CHGIS,state,,91309,,,,,,,和州,和州,0,,,,0,0,118.24826668779166,31.656874956879193,1,area,,CHGIS V6,,,,
588,chgis_map_layer,state_area,同時期CHGIS,state,,91209,,,,,,,濠州,濠州,0,,,,0,0,117.75842278577471,32.68908379932536,1,area,,CHGIS V6,,,,
588,chgis_map_layer,state_area,同時期CHGIS,state,,98025,,,,,,,豐州,豐州,0,,,,0,0,118,26.166299,1,area,,CHGIS V4,,,,
588,chgis_map_layer,state_area,同時期CHGIS,state,,98089,,,,,,,南徐州,南徐州,0,,,,0,0,120.179,31.645999,1,area,,CHGIS V4,,,,
588,chgis_map_layer,state_area,同時期CHGIS,state,,98153,,,,,,,東揚州,東揚州,0,,,,0,0,119.824996,28.977699,1,area,,CHGIS V4,,,,
588,chgis_map_layer,state_area,同時期CHGIS,state,,98091,,,,,,,南豫州,南豫州,0,,,,0,0,118.327003,30.711799,1,area,,CHGIS V4,,,,
588,chgis_map_layer,state_area,同時期CHGIS,state,,98435,,,,,,,荊州,荊州,0,,,,0,0,111.244003,29.709499,1,area,,CHGIS V4,,,,
588,chgis_map_layer,state_area,同時期CHGIS,state,,98446,,,,,,,湘州,湘州,0,,,,0,0,112.018997,26.812,1,area,,CHGIS V4,,,,
588,chgis_map_layer,state_area,同時期CHGIS,state,,98372,,,,,,,西衡州,西衡州,0,,,,0,0,112.684997,25.1832,1,area,,CHGIS V4,,,,
588,chgis_map_layer,state_area,同時期CHGIS,state,,98375,,,,,,,東衡州,東衡州,0,,,,0,0,113.667999,25.2422,1,area,,CHGIS V4,,,,
588,chgis_map_layer,state_area,同時期CHGIS,state,,98365,,,,,,,沅州,沅州,0,,,,0,0,109.613998,27.8479,1,area,,CHGIS V4,,,,
588,chgis_map_layer,state_area,同時期CHGIS,state,,98366,,,,,,,巴州,巴州,0,,,,0,0,113.555,29.089,1,area,,CHGIS V4,,,,
588,chgis_map_layer,state_area,同時期CHGIS,state,,98419,,,,,,,廣州,廣州,0,,,,0,0,114.445999,23.5596,1,area,,CHGIS V4,,,,
588,chgis_map_layer,state_area,同時期CHGIS,state,,98385,,,,,,,瀧州,瀧州,0,,,,0,0,111.420997,22.6102,1,area,,CHGIS V4,,,,
588,chgis_map_layer,state_area,同時期CHGIS,state,,98389,,,,,,,南合州,南合州,0,,,,0,0,110.088996,20.862699,1,area,,CHGIS V4,,,,
588,chgis_map_layer,state_area,同時期CHGIS,state,,98391,,,,,,,新州,新州,0,,,,0,0,112.078002,22.5907,1,area,,CHGIS V4,,,,
588,chgis_map_layer,state_area,同時期CHGIS,state,,98392,,,,,,,成州,成州,0,,,,0,0,111.128997,23.5233,1,area,,CHGIS V4,,,,
588,chgis_map_layer,state_area,同時期CHGIS,state,,98393,,,,,,,建州,建州,0,,,,0,0,111.846,22.940799,1,area,,CHGIS V4,,,,
588,chgis_map_layer,state_area,同時期CHGIS,state,,98394,,,,,,,崖州,崖州,0,,,,0,0,109.741996,19.1935,1,area,,CHGIS V4,,,,
588,chgis_map_layer,state_area,同時期CHGIS,state,,98395,,,,,,,高州,高州,0,,,,0,0,111.436996,21.9946,1,area,,CHGIS V4,,,,
588,chgis_map_layer,state_area,同時期CHGIS,state,,98399,,,,,,,越州,越州,0,,,,0,0,109.752998,22.2632,1,area,,CHGIS V4,,,,
588,chgis_map_layer,prefecture_area,同時期CHGIS,prefecture,,90502,,,,,,,義興郡,義興郡,0,,,,0,0,119.70061094734915,31.294515915884343,1,area,,CHGIS V6,,,,
588,chgis_map_layer,prefecture_area,同時期CHGIS,prefecture,,90248,,,,,,,信义郡,信义郡,0,,,,0,0,121.1029549061995,31.61218340297463,1,area,,CHGIS V6,,,,
588,chgis_map_layer,prefecture_area,同時期CHGIS,prefecture,,90229,,,,,,,吳郡,吳郡,0,,,,0,0,120.92680059916549,30.94039210250567,1,area,,CHGIS V6,,,,
588,chgis_map_layer,prefecture_area,同時期CHGIS,prefecture,,90209,,,,,,,江陰郡,江陰郡,0,,,,0,0,120.29166035989363,31.872803356287612,1,area,,CHGIS V6,,,,
588,chgis_map_layer,prefecture_area,同時期CHGIS,prefecture,,90176,,,,,,,建安郡,建安郡,0,,,,0,0,118.10847951566427,26.893795983739036,1,area,,CHGIS V6,,,,
588,chgis_map_layer,prefecture_area,同時期CHGIS,prefecture,,90182,,,,,,,南安郡,南安郡,0,,,,0,0,117.70930427336674,25.35238492212653,1,area,,CHGIS V6,,,,
588,chgis_map_layer,prefecture_area,同時期CHGIS,prefecture,,90180,,,,,,,晉安郡,晉安郡,0,,,,0,0,119.41164988506728,26.38643987390228,1,area,,CHGIS V6,,,,
588,chgis_map_layer,prefecture_area,同時期CHGIS,prefecture,,90382,,,,,,,臨海郡,臨海郡,0,,,,0,0,121.1724370148712,28.90522637499943,1,area,,CHGIS V6,,,,
588,chgis_map_layer,prefecture_area,同時期CHGIS,prefecture,,90424,,,,,,,會稽郡,會稽郡,0,,,,0,0,121.21889200341367,29.85079446379481,1,area,,CHGIS V6,,,,
588,chgis_map_layer,prefecture_area,同時期CHGIS,prefecture,,90086,,,,,,,錢塘郡,錢塘郡,0,,,,0,0,119.78845436394916,30.059652747200442,1,area,,CHGIS V6,,,,
588,chgis_map_layer,prefecture_area,同時期CHGIS,prefecture,,90497,,,,,,,永嘉郡,永嘉郡,0,,,,0,0,120.17229462742418,28.005836606594873,1,area,,CHGIS V6,,,,
588,chgis_map_layer,prefecture_area,同時期CHGIS,prefecture,,90517,,,,,,,建興郡,建興郡,0,,,,0,0,118.87672504906298,31.92846715963883,1,area,,CHGIS V6,,,,
588,chgis_map_layer,prefecture_area,同時期CHGIS,prefecture,,90190,,,,,,,晉陵郡,晉陵郡,0,,,,0,0,119.950378021301,31.61268109685903,1,area,,CHGIS V6,,,,
588,chgis_map_layer,prefecture_area,同時期CHGIS,prefecture,,90522,,,,,,,東海郡,東海郡,0,,,,0,0,119.61965054107924,32.06401623328094,1,area,,CHGIS V6,,,,
588,chgis_map_layer,prefecture_area,同時期CHGIS,prefecture,,97035,,,,,,,新安郡,新安郡,0,,,,0,0,118.30443058962184,29.68382178421318,1,area,,CHGIS V6,,,,
588,chgis_map_layer,prefecture_area,同時期CHGIS,prefecture,,90084,,,,,,,陳留郡,陳留郡,0,,,,0,0,119.46663996017726,30.83688384482062,1,area,,CHGIS V6,,,,
588,chgis_map_layer,prefecture_area,同時期CHGIS,prefecture,,90398,,,,,,,東陽郡,東陽郡,0,,,,0,0,119.32137902523408,29.005796623488216,1,area,,CHGIS V6,,,,
588,chgis_map_layer,prefecture_area,同時期CHGIS,prefecture,,90085,,,,,,,吳興郡,吳興郡,0,,,,0,0,119.67265163697343,30.58255972497927,1,area,,CHGIS V6,,,,
588,chgis_map_layer,prefecture_area,同時期CHGIS,prefecture,,90516,,,,,,,丹陽尹,丹陽尹,0,,,,0,0,119.03321712959385,31.702255066362284,1,area,,CHGIS V6,,,,
588,chgis_map_layer,prefecture_area,同時期CHGIS,prefecture,,97116,,,,,,,南康郡,南康郡,0,,,,0,0,115.27185307919676,25.817227428423813,1,area,,CHGIS V6,,,,
588,chgis_map_layer,prefecture_area,同時期CHGIS,prefecture,,97151,,,,,,,廬陵郡,廬陵郡,0,,,,0,0,114.9306118101403,26.802061192415476,1,area,,CHGIS V6,,,,
588,chgis_map_layer,prefecture_area,同時期CHGIS,prefecture,,97155,,,,,,,安成郡,安成郡,0,,,,0,0,114.54944929166086,27.328652235586663,1,area,,CHGIS V6,,,,
588,chgis_map_layer,prefecture_area,同時期CHGIS,prefecture,,97156,,,,,,,安樂郡,安樂郡,0,,,,0,0,113.95584252734889,27.21576727072635,1,area,,CHGIS V6,,,,
588,chgis_map_layer,prefecture_area,同時期CHGIS,prefecture,,97158,,,,,,,巴山郡,巴山郡,0,,,,0,0,115.56131306551097,27.846336650409704,1,area,,CHGIS V6,,,,
588,chgis_map_layer,prefecture_area,同時期CHGIS,prefecture,,97183,,,,,,,臨川郡,臨川郡,0,,,,0,0,116.41042833113261,27.442686660669885,1,area,,CHGIS V6,,,,
588,chgis_map_layer,prefecture_area,同時期CHGIS,prefecture,,97200,,,,,,,豫章郡,豫章郡,0,,,,0,0,115.28434685312179,28.64465222866971,1,area,,CHGIS V6,,,,
588,chgis_map_layer,prefecture_area,同時期CHGIS,prefecture,,97218,,,,,,,鄱陽郡,鄱陽郡,0,,,,0,0,117.40410675444389,28.82268453347014,1,area,,CHGIS V6,,,,
588,chgis_map_layer,prefecture_area,同時期CHGIS,prefecture,,97253,,,,,,,豫寧郡,豫寧郡,0,,,,0,0,114.98634834588546,28.979072007139656,1,area,,CHGIS V6,,,,
588,chgis_map_layer,prefecture_area,同時期CHGIS,prefecture,,97265,,,,,,,尋陽郡,尋陽郡,0,,,,0,0,115.67877957818654,29.54528099692612,1,area,,CHGIS V6,,,,
588,chgis_map_layer,prefecture_area,同時期CHGIS,prefecture,,97266,,,,,,,太原郡,太原郡,0,,,,0,0,116.61068172178013,29.776118393581115,1,area,,CHGIS V6,,,,
588,chgis_map_layer,prefecture_area,同時期CHGIS,prefecture,,97030,,,,,,,宣城郡,宣城郡,0,,,,0,0,118.54832149474137,30.679924483031265,1,area,,CHGIS V6,,,,
588,chgis_map_layer,prefecture_area,同時期CHGIS,prefecture,,90545,,,,,,,南陵郡,南陵郡,0,,,,0,0,117.69732424216096,30.559191661623146,1,area,,CHGIS V6,,,,
588,chgis_map_layer,prefecture_area,同時期CHGIS,prefecture,,97554,,,,,,,岳陽郡,岳陽郡,0,,,,0,0,113.35272054536452,28.867933785940295,1,area,,CHGIS V6,,,,
588,chgis_map_layer,prefecture_area,同時期CHGIS,prefecture,,97560,,,,,,,巴陵郡,巴陵郡,0,,,,0,0,113.26698223951459,29.382955026434754,1,area,,CHGIS V6,,,,
588,chgis_map_layer,prefecture_area,同時期CHGIS,prefecture,,97568,,,,,,,湘東郡,湘東郡,0,,,,0,0,113.0439466908771,26.739217541483978,1,area,,CHGIS V6,,,,
588,chgis_map_layer,prefecture_area,同時期CHGIS,prefecture,,97574,,,,,,,石門郡,石門郡,0,,,,0,0,110.91511415402067,29.759939311000075,1,area,,CHGIS V6,,,,
588,chgis_map_layer,prefecture_area,同時期CHGIS,prefecture,,97581,,,,,,,零陵郡,零陵郡,0,,,,0,0,111.26705372215216,26.136939792306055,1,area,,CHGIS V6,,,,
588,chgis_map_layer,prefecture_area,同時期CHGIS,prefecture,,97583,,,,,,,邵陵郡,邵陵郡,0,,,,0,0,111.12756394942454,26.94990008837283,1,area,,CHGIS V6,,,,
588,chgis_map_layer,prefecture_area,同時期CHGIS,prefecture,,97586,,,,,,,永陽郡,永陽郡,0,,,,0,0,111.77430225946026,25.659914512115982,1,area,,CHGIS V6,,,,
588,chgis_map_layer,prefecture_area,同時期CHGIS,prefecture,,97590,,,,,,,桂陽郡,桂陽郡,0,,,,0,0,112.62505809636247,25.555295473766414,1,area,,CHGIS V6,,,,
588,chgis_map_layer,prefecture_area,同時期CHGIS,prefecture,,97591,,,,,,,盧陽郡,盧陽郡,0,,,,0,0,113.66992124059658,25.798050749153898,1,area,,CHGIS V6,,,,
588,chgis_map_layer,prefecture_area,同時期CHGIS,prefecture,,97596,,,,,,,武陵郡,武陵郡,0,,,,0,0,111.57323343603899,28.903273776378512,1,area,,CHGIS V6,,,,
588,chgis_map_layer,prefecture_area,同時期CHGIS,prefecture,,97597,,,,,,,夜郎郡,夜郎郡,0,,,,0,0,109.7561141312759,28.31262668565472,1,area,,CHGIS V6,,,,
588,chgis_map_layer,prefecture_area,同時期CHGIS,prefecture,,97598,,,,,,,南陽郡,南陽郡,0,,,,0,0,110.28334973970968,27.582831329118772,1,area,,CHGIS V6,,,,
588,chgis_map_layer,prefecture_area,同時期CHGIS,prefecture,,97600,,,,,,,沅陵郡,沅陵郡,0,,,,0,0,109.36002953435343,27.752924718369194,1,area,,CHGIS V6,,,,
588,chgis_map_layer,prefecture_area,同時期CHGIS,prefecture,,97667,,,,,,,長沙郡,長沙郡,0,,,,0,0,113.42437276239095,27.934559712039828,1,area,,CHGIS V6,,,,
588,chgis_map_layer,prefecture_area,同時期CHGIS,prefecture,,97671,,,,,,,南平郡,南平郡,0,,,,0,0,112.0613915162186,29.92551966819057,1,area,,CHGIS V6,,,,
588,chgis_map_layer,prefecture_area,同時期CHGIS,prefecture,,92224,,,,,,,義安郡,義安郡,0,,,,0,0,116.92847507260927,23.91191404858496,1,area,,CHGIS V6,,,,
588,chgis_map_layer,prefecture_area,同時期CHGIS,prefecture,,92235,,,,,,,始興郡,始興郡,0,,,,0,0,113.44340772670768,24.987381707316615,1,area,,CHGIS V6,,,,
588,chgis_map_layer,prefecture_area,同時期CHGIS,prefecture,,92238,,,,,,,陽山郡,陽山郡,0,,,,0,0,112.66501947787658,24.561379893727572,1,area,,CHGIS V6,,,,
588,chgis_map_layer,prefecture_area,同時期CHGIS,prefecture,,92239,,,,,,,梁樂郡,梁樂郡,0,,,,0,0,112.57324643629406,24.18505753902395,1,area,,CHGIS V6,,,,
588,chgis_map_layer,prefecture_area,同時期CHGIS,prefecture,,92243,,,,,,,清遠郡,清遠郡,0,,,,0,0,113.49213395148533,24.062370598627048,1,area,,CHGIS V6,,,,
588,chgis_map_layer,prefecture_area,同時期CHGIS,prefecture,,92244,,,,,,,安遠郡,安遠郡,0,,,,0,0,114.28204081278793,24.96798648960692,1,area,,CHGIS V6,,,,
588,chgis_map_layer,prefecture_area,同時期CHGIS,prefecture,,92248,,,,,,,東官郡,東官郡,0,,,,0,0,114.05522842447452,22.821083866751994,1,area,,CHGIS V6,,,,
588,chgis_map_layer,prefecture_area,同時期CHGIS,prefecture,,92249,,,,,,,梁化郡,梁化郡,0,,,,0,0,115.02972393006425,23.59553641422734,1,area,,CHGIS V6,,,,
588,chgis_map_layer,prefecture_area,同時期CHGIS,prefecture,,92261,,,,,,,南海郡,南海郡,0,,,,0,0,114.19042747038094,23.30876020332375,1,area,,CHGIS V6,,,,
588,chgis_map_layer,prefecture_area,同時期CHGIS,prefecture,,92268,,,,,,,新會郡,新會郡,0,,,,0,0,112.76527621311604,22.210598837221237,1,area,,CHGIS V6,,,,
588,chgis_map_layer,prefecture_area,同時期CHGIS,prefecture,,92271,,,,,,,綏建郡,綏建郡,0,,,,0,0,112.40140305249889,23.66650723191474,1,area,,CHGIS V6,,,,
588,chgis_map_layer,prefecture_area,同時期CHGIS,prefecture,,92272,,,,,,,樂昌郡,樂昌郡,0,,,,0,0,112.78625302734676,23.48253829635578,1,area,,CHGIS V6,,,,
588,chgis_map_layer,prefecture_area,同時期CHGIS,prefecture,,92284,,,,,,,蒼梧郡,蒼梧郡,0,,,,0,0,111.10000290733616,23.4765703509659,1,area,,CHGIS V6,,,,
588,chgis_map_layer,prefecture_area,同時期CHGIS,prefecture,,92293,,,,,,,梁信郡,梁信郡,0,,,,0,0,111.68907707838915,23.454960844810326,1,area,,CHGIS V6,,,,
588,chgis_map_layer,prefecture_area,同時期CHGIS,prefecture,,92299,,,,,,,廣熙郡,廣熙郡,0,,,,0,0,111.81795283204886,22.929661207912396,1,area,,CHGIS V6,,,,
588,chgis_map_layer,prefecture_area,同時期CHGIS,prefecture,,92300,,,,,,,平原郡,平原郡,0,,,,0,0,111.28710884181793,22.47750494931504,1,area,,CHGIS V6,,,,
588,chgis_map_layer,prefecture_area,同時期CHGIS,prefecture,,92301,,,,,,,開陽郡,開陽郡,0,,,,0,0,111.69515159509977,22.58553458382632,1,area,,CHGIS V6,,,,
588,chgis_map_layer,prefecture_area,同時期CHGIS,prefecture,,92302,,,,,,,羅陽郡,羅陽郡,0,,,,0,0,111.39174394125227,22.77050435962237,1,area,,CHGIS V6,,,,
588,chgis_map_layer,prefecture_area,同時期CHGIS,prefecture,,92303,,,,,,,梁德郡,梁德郡,0,,,,0,0,111.02932371211789,22.37514671977921,1,area,,CHGIS V6,,,,
588,chgis_map_layer,prefecture_area,同時期CHGIS,prefecture,,92309,,,,,,,宋熙郡,宋熙郡,0,,,,0,0,112.60219161284496,22.785868295684686,1,area,,CHGIS V6,,,,
588,chgis_map_layer,prefecture_area,同時期CHGIS,prefecture,,92310,,,,,,,梁泰郡,梁泰郡,0,,,,0,0,112.8127908112283,22.91382487955125,1,area,,CHGIS V6,,,,
588,chgis_map_layer,prefecture_area,同時期CHGIS,prefecture,,92311,,,,,,,晉康郡,晉康郡,0,,,,0,0,111.80803293445487,23.20698521526679,1,area,,CHGIS V6,,,,
588,chgis_map_layer,prefecture_area,同時期CHGIS,prefecture,,92312,,,,,,,高要郡,高要郡,0,,,,0,0,112.48259686726675,23.105452885880307,1,area,,CHGIS V6,,,,
588,chgis_map_layer,prefecture_area,同時期CHGIS,prefecture,,92317,,,,,,,新寧郡,新寧郡,0,,,,0,0,112.09993326669934,22.60542389295511,1,area,,CHGIS V6,,,,
588,chgis_map_layer,prefecture_area,同時期CHGIS,prefecture,,92324,,,,,,,高涼郡,高涼郡,0,,,,0,0,112.03549216688482,21.907152504340292,1,area,,CHGIS V6,,,,
588,chgis_map_layer,prefecture_area,同時期CHGIS,prefecture,,92326,,,,,,,宋康郡,宋康郡,0,,,,0,0,111.54439328440776,22.05969832091909,1,area,,CHGIS V6,,,,
588,chgis_map_layer,prefecture_area,同時期CHGIS,prefecture,,92329,,,,,,,海昌郡,海昌郡,0,,,,0,0,111.478504783103,22.002472180727004,1,area,,CHGIS V6,,,,
588,chgis_map_layer,prefecture_area,同時期CHGIS,prefecture,,92331,,,,,,,高興郡,高興郡,0,,,,0,0,110.58062266154008,21.273380570313968,1,area,,CHGIS V6,,,,
588,chgis_map_layer,prefecture_area,同時期CHGIS,prefecture,,92333,,,,,,,永寧郡,永寧郡,0,,,,0,0,111.58732465849485,21.8189056555036,1,area,,CHGIS V6,,,,
588,chgis_map_layer,prefecture_area,同時期CHGIS,prefecture,,92334,,,,,,,齊安郡,齊安郡,0,,,,0,0,112.26333867676568,22.2433214645921,1,area,,CHGIS V6,,,,
588,chgis_map_layer,prefecture_area,同時期CHGIS,prefecture,,92335,,,,,,,杜陵郡,杜陵郡,0,,,,0,0,111.60028687315378,21.63298175153581,1,area,,CHGIS V6,,,,
588,chgis_map_layer,prefecture_area,同時期CHGIS,prefecture,,92336,,,,,,,連江郡,連江郡,0,,,,0,0,111.32274755484764,21.57798396108681,1,area,,CHGIS V6,,,,
588,chgis_map_layer,prefecture_area,同時期CHGIS,prefecture,,92337,,,,,,,南巴郡,南巴郡,0,,,,0,0,111.13576546308903,21.706000533691935,1,area,,CHGIS V6,,,,
588,chgis_map_layer,prefecture_area,同時期CHGIS,prefecture,,92338,,,,,,,電白郡,電白郡,0,,,,0,0,110.97068367453012,21.72197286588875,1,area,,CHGIS V6,,,,
588,chgis_map_layer,prefecture_area,同時期CHGIS,prefecture,,92339,,,,,,,陽春郡,陽春郡,0,,,,0,0,111.70260094659821,22.192975460100584,1,area,,CHGIS V6,,,,
588,chgis_map_layer,prefecture_area,同時期CHGIS,prefecture,,92340,,,,,,,石龍郡,石龍郡,0,,,,0,0,110.24366492945904,21.808212264534326,1,area,,CHGIS V6,,,,
588,chgis_map_layer,prefecture_area,同時期CHGIS,prefecture,,92359,,,,,,,珠崖郡,珠崖郡,0,,,,0,0,109.82767655338696,19.162637537871277,1,area,,CHGIS V6,,,,
588,chgis_map_layer,prefecture_area,同時期CHGIS,prefecture,,92368,,,,,,,宋壽郡,宋壽郡,0,,,,0,0,108.80177369413848,21.966524277131104,1,area,,CHGIS V6,,,,
588,chgis_map_layer,prefecture_area,同時期CHGIS,prefecture,,92369,,,,,,,安京郡,安京郡,0,,,,0,0,108.51046789275028,22.236400326997828,1,area,,CHGIS V6,,,,
588,chgis_map_layer,prefecture_area,同時期CHGIS,prefecture,,92373,,,,,,,龍蘇郡,龍蘇郡,0,,,,0,0,109.66763167821047,22.49271029718696,1,area,,CHGIS V6,,,,
588,chgis_map_layer,prefecture_area,同時期CHGIS,prefecture,,92381,,,,,,,齊康郡,齊康郡,0,,,,0,0,109.81684648672442,20.871172346190768,1,area,,CHGIS V6,,,,
588,chgis_map_layer,prefecture_area,同時期CHGIS,prefecture,,92382,,,,,,,宋廣郡,宋廣郡,0,,,,0,0,108.91470950972392,22.288801931514204,1,area,,CHGIS V6,,,,
588,chgis_map_layer,prefecture_area,同時期CHGIS,prefecture,,92383,,,,,,,寧海郡,寧海郡,0,,,,0,0,108.02261027664251,21.812460162410787,1,area,,CHGIS V6,,,,
588,chgis_map_layer,prefecture_area,同時期CHGIS,prefecture,,92388,,,,,,,合浦郡,合浦郡,0,,,,0,0,109.87210311473842,22.263419082424754,1,area,,CHGIS V6,,,,
588,chgis_map_layer,prefecture_area,同時期CHGIS,prefecture,,92290,,,,,,,臨賀郡,臨賀郡,0,,,,0,0,111.35877885696453,24.646360002175662,1,area,,CHGIS V6,,,,
588,chgis_map_layer,prefecture_area,同時期CHGIS,prefecture,,97673,,,,,,,衡陽郡,衡陽郡,0,,,,0,0,111.93735891257637,28.014065807640687,1,area,,CHGIS V6,,,,
588,chgis_map_layer,prefecture_area,同時期CHGIS,prefecture,,97555,,,,,,,藥山郡,藥山郡,0,,,,0,0,112.4335442418585,28.92660552419287,1,area,,CHGIS V6,,,,
588,chgis_map_layer,prefecture_area,同時期CHGIS,prefecture,,91541,,,,,,,淮南郡,淮南郡,0,,,,0,0,118.49964218604516,31.39125595682033,1,area,,CHGIS V6,,,,
588,chgis_map_layer,prefecture_area,同時期CHGIS,prefecture,,92237,,,,,,,齊樂郡,齊樂郡,0,,,,0,0,112.17338450916105,24.201128618415876,1,area,,CHGIS V6,,,,
588,chgis_map_layer,prefecture_area,同時期CHGIS,prefecture,,92292,,,,,,,南靖郡,南靖郡,0,,,,0,0,111.84448256202705,23.798693556949594,1,area,,CHGIS V6,,,,
588,chgis_map_layer,prefecture_area,同時期CHGIS,prefecture,,93304,,,,,,,晉興郡,晉興郡,0,,,,0,0,107.47,22.96,1,area,,CHGIS V5,,,,
588,chgis_map_layer,prefecture_area,同時期CHGIS,prefecture,,93308,,,,,,,寧浦郡,寧浦郡,0,,,,0,0,109.15,22.82,1,area,,CHGIS V5,,,,
588,chgis_map_layer,prefecture_area,同時期CHGIS,prefecture,,93309,,,,,,,簡陽郡,簡陽郡,0,,,,0,0,109.07,22.66,1,area,,CHGIS V5,,,,
588,chgis_map_layer,prefecture_area,同時期CHGIS,prefecture,,93310,,,,,,,樂陽郡,樂陽郡,0,,,,0,0,109.52,22.68,1,area,,CHGIS V5,,,,
588,chgis_map_layer,prefecture_area,同時期CHGIS,prefecture,,93311,,,,,,,嶺山郡,嶺山郡,0,,,,0,0,108.93,22.6,1,area,,CHGIS V5,,,,
588,chgis_map_layer,prefecture_area,同時期CHGIS,prefecture,,93315,,,,,,,郁林郡,郁林郡,0,,,,0,0,108.36,23.9,1,area,,CHGIS V5,,,,
588,chgis_map_layer,prefecture_area,同時期CHGIS,prefecture,,93316,,,,,,,領方郡,領方郡,0,,,,0,0,108.8,23.2,1,area,,CHGIS V5,,,,
588,chgis_map_layer,prefecture_area,同時期CHGIS,prefecture,,93317,,,,,,,桂平郡,桂平郡,0,,,,0,0,110.1,23.51,1,area,,CHGIS V5,,,,
588,chgis_map_layer,prefecture_area,同時期CHGIS,prefecture,,93319,,,,,,,石南郡,石南郡,0,,,,0,0,109.97,22.87,1,area,,CHGIS V5,,,,
588,chgis_map_layer,prefecture_area,同時期CHGIS,prefecture,,93321,,,,,,,桂林郡,桂林郡,0,,,,0,0,109.85,23.84,1,area,,CHGIS V5,,,,
588,chgis_map_layer,prefecture_area,同時期CHGIS,prefecture,,93322,,,,,,,齊熙郡,齊熙郡,0,,,,0,0,109.26,25.27,1,area,,CHGIS V5,,,,
588,chgis_map_layer,prefecture_area,同時期CHGIS,prefecture,,93323,,,,,,,黃水郡,黃水郡,0,,,,0,0,108.81,24.9,1,area,,CHGIS V5,,,,
588,chgis_map_layer,prefecture_area,同時期CHGIS,prefecture,,93324,,,,,,,馬平郡,馬平郡,0,,,,0,0,108.69,24.69,1,area,,CHGIS V5,,,,
588,chgis_map_layer,prefecture_area,同時期CHGIS,prefecture,,93325,,,,,,,韶陽郡,韶陽郡,0,,,,0,0,109.6,23.99,1,area,,CHGIS V5,,,,
588,chgis_map_layer,prefecture_area,同時期CHGIS,prefecture,,93326,,,,,,,象郡,象郡,0,,,,0,0,109.79,24.53,1,area,,CHGIS V5,,,,
588,chgis_map_layer,prefecture_area,同時期CHGIS,prefecture,,93327,,,,,,,始安郡,始安郡,0,,,,0,0,110.49,25.04,1,area,,CHGIS V5,,,,
588,chgis_map_layer,prefecture_area,同時期CHGIS,prefecture,,93330,,,,,,,臨賀、樂梁二郡,臨賀、樂梁二郡,0,,,,0,0,111.55,24.7,1,area,,CHGIS V5,,,,
588,chgis_map_layer,prefecture_area,同時期CHGIS,prefecture,,93331,,,,,,,綏越郡,綏越郡,0,,,,0,0,111.44,23.88,1,area,,CHGIS V5,,,,
588,chgis_map_layer,prefecture_area,同時期CHGIS,prefecture,,93332,,,,,,,梁壽、靜慰二郡,梁壽、靜慰二郡,0,,,,0,0,110.88,24.22,1,area,,CHGIS V5,,,,
588,chgis_map_layer,prefecture_area,同時期CHGIS,prefecture,,93333,,,,,,,開江郡,開江郡,0,,,,0,0,111.11,24.06,1,area,,CHGIS V5,,,,
588,chgis_map_layer,prefecture_area,同時期CHGIS,prefecture,,93335,,,,,,,武城、逍遙二郡,武城、逍遙二郡,0,,,,0,0,110.9,23.88,1,area,,CHGIS V5,,,,
588,chgis_map_layer,prefecture_area,同時期CHGIS,prefecture,,93336,,,,,,,南靜郡,南靜郡,0,,,,0,0,111.82,23.67,1,area,,CHGIS V5,,,,
588,chgis_map_layer,prefecture_area,同時期CHGIS,prefecture,,93339,,,,,,,永平郡,永平郡,0,,,,0,0,110.74,23.24,1,area,,CHGIS V5,,,,
588,chgis_map_layer,prefecture_area,同時期CHGIS,prefecture,,93340,,,,,,,建陵郡,建陵郡,0,,,,0,0,110.57,23.93,1,area,,CHGIS V5,,,,
588,chgis_map_layer,prefecture_area,同時期CHGIS,prefecture,,93345,,,,,,,定川郡,定川郡,0,,,,0,0,110.26,22.47,1,area,,CHGIS V5,,,,
588,chgis_map_layer,prefecture_area,同時期CHGIS,prefecture,,93348,,,,,,,陰石郡,陰石郡,0,,,,0,0,110.6,22.83,1,area,,CHGIS V5,,,,
588,chgis_map_layer,prefecture_area,同時期CHGIS,prefecture,,93359,,,,,,,百梁郡,百梁郡,0,,,,0,0,110.01,21.67,1,area,,CHGIS V5,,,,
588,chgis_map_layer,prefecture_area,同時期CHGIS,prefecture,,93361,,,,,,,安昌郡,安昌郡,0,,,,0,0,109.03,21.72,1,area,,CHGIS V5,,,,
588,chgis_map_layer,prefecture_area,同時期CHGIS,prefecture,,93362,,,,,,,封山郡,封山郡,0,,,,0,0,109.47,22.34,1,area,,CHGIS V5,,,,
588,chgis_map_layer,prefecture_area,同時期CHGIS,prefecture,,93363,,,,,,,鹽田郡,鹽田郡,0,,,,0,0,109.33,21.52,1,area,,CHGIS V5,,,,
588,chgis_map_layer,state_seat,同時期CHGIS,state,,ch_s0002-seat,,,,,,,吳州,吳州,0,,,,0,0,120.61862196466318,31.31270997478973,1,seat,,western-jin-yearbook＋CHGIS V6,,,,
588,chgis_map_layer,state_seat,同時期CHGIS,state,,210034,,,,,,,並州,並州,0,,,,0,0,112.48845700000115,37.739570999999344,1,seat,,CHGIS V6,,,,
588,chgis_map_layer,state_seat,同時期CHGIS,state,,212419,,,,,,,代州,代州,0,,,,0,0,112.9490430000046,39.06039099999645,1,seat,,CHGIS V6,,,,
588,chgis_map_layer,state_seat,同時期CHGIS,state,,212620,,,,,,,石州,石州,0,,,,0,0,111.13517799999998,37.510105,1,seat,,CHGIS V6,,,,
588,chgis_map_layer,state_seat,同時期CHGIS,state,,210074,,,,,,,介州,介州,0,,,,0,0,111.77903000000006,37.26340499999999,1,seat,,CHGIS V6,,,,
588,chgis_map_layer,state_seat,同時期CHGIS,state,,210106,,,,,,,蔚州,蔚州,0,,,,0,0,114.26724600007023,39.42899399991983,1,seat,,CHGIS V6,,,,
588,chgis_map_layer,state_seat,同時期CHGIS,state,,210108,,,,,,,應州,應州,0,,,,0,0,113.24369400000954,39.56154799999152,1,seat,,CHGIS V6,,,,
588,chgis_map_layer,state_seat,同時期CHGIS,state,,210120,,,,,,,北朔州,北朔州,0,,,,0,0,112.4215240000009,39.30806699999945,1,seat,,CHGIS V6,,,,
588,chgis_map_layer,state_seat,同時期CHGIS,state,,210147,,,,,,,絳州,絳州,0,,,,0,0,111.219704,35.613621,1,seat,,CHGIS V6,,,,
588,chgis_map_layer,state_seat,同時期CHGIS,state,,210177,,,,,,,潞州,潞州,0,,,,0,0,113.1034850000073,36.183536999995376,1,seat,,CHGIS V6,,,,
588,chgis_map_layer,state_seat,同時期CHGIS,state,,210187,,,,,,,汾州,汾州,0,,,,0,0,110.67517100000002,36.095631000000004,1,seat,,CHGIS V6,,,,
588,chgis_map_layer,state_seat,同時期CHGIS,state,,210199,,,,,,,晉州,晉州,0,,,,0,0,111.51543400000003,36.078037,1,seat,,CHGIS V6,,,,
588,chgis_map_layer,state_seat,同時期CHGIS,state,,210222,,,,,,,蒲州,蒲州,0,,,,0,0,110.33230599999997,34.835129,1,seat,,CHGIS V6,,,,
588,chgis_map_layer,state_seat,同時期CHGIS,state,,212420,,,,,,,隰州,隰州,0,,,,0,0,110.93143500000001,36.692302999999995,1,seat,,CHGIS V6,,,,
588,chgis_map_layer,state_seat,同時期CHGIS,state,,210246,,,,,,,澤州,澤州,0,,,,0,0,112.95327000000489,35.59227399999717,1,seat,,CHGIS V6,,,,
588,chgis_map_layer,state_seat,同時期CHGIS,state,,210262,,,,,,,並州,並州,0,,,,0,0,112.56482700000147,37.87375299999913,1,seat,,CHGIS V6,,,,
588,chgis_map_layer,state_seat,同時期CHGIS,state,,210279,,,,,,,蒲州,蒲州,0,,,,0,0,115.91828900051834,38.677596999114684,1,seat,,CHGIS V6,,,,
588,chgis_map_layer,state_seat,同時期CHGIS,state,,210281,,,,,,,魏州,魏州,0,,,,0,0,115.20560400030429,36.29636399970275,1,seat,,CHGIS V6,,,,
588,chgis_map_layer,state_seat,同時期CHGIS,state,,210289,,,,,,,定州,定州,0,,,,0,0,114.97504400020212,38.52006099975429,1,seat,,CHGIS V6,,,,
588,chgis_map_layer,state_seat,同時期CHGIS,state,,210296,,,,,,,洺州,洺州,0,,,,0,0,114.72306800015792,36.70103099985265,1,seat,,CHGIS V6,,,,
588,chgis_map_layer,state_seat,同時期CHGIS,state,,210300,,,,,,,貝州,貝州,0,,,,0,0,115.61536100046068,37.085073999452824,1,seat,,CHGIS V6,,,,
588,chgis_map_layer,state_seat,同時期CHGIS,state,,87986,,,,,,,瀛州,瀛州,0,,,,0,0,116.08553300060242,38.43569899893541,1,seat,,CHGIS V6,,,,
588,chgis_map_layer,state_seat,同時期CHGIS,state,,210315,,,,,,,冀州,冀州,0,,,,0,0,115.56381200042166,37.565982999471785,1,seat,,CHGIS V6,,,,
588,chgis_map_layer,state_seat,同時期CHGIS,state,,210333,,,,,,,滄州,滄州,0,,,,0,0,117.06391200085754,37.911532997074524,1,seat,,CHGIS V6,,,,
588,chgis_map_layer,state_seat,同時期CHGIS,state,,88278,,,,,,,易州,易州,0,,,,0,0,115.49347700033475,39.34903699946256,1,seat,,CHGIS V6,,,,
588,chgis_map_layer,state_seat,同時期CHGIS,state,,212633,,,,,,,趙州,趙州,0,,,,0,0,114.8507460001835,37.350299999811526,1,seat,,CHGIS V6,,,,
588,chgis_map_layer,state_seat,同時期CHGIS,state,,210346,,,,,,,恒州,恒州,0,,,,0,0,114.59367500012316,38.15304299986874,1,seat,,CHGIS V6,,,,
588,chgis_map_layer,state_seat,同時期CHGIS,state,,212626,,,,,,,齊州,齊州,0,,,,0,0,116.97635700121312,36.666038997525774,1,seat,,CHGIS V6,,,,
588,chgis_map_layer,state_seat,同時期CHGIS,state,,210480,,,,,,,棣州,棣州,0,,,,0,0,117.5649070004881,37.616125995420965,1,seat,,CHGIS V6,,,,
588,chgis_map_layer,state_seat,同時期CHGIS,state,,212418,,,,,,,密州,密州,0,,,,0,0,119.39501198438533,35.9954069831399,1,seat,,CHGIS V6,,,,
588,chgis_map_layer,state_seat,同時期CHGIS,state,,210517,,,,,,,萊州,萊州,0,,,,0,0,119.93823995535536,37.17586897426251,1,seat,,CHGIS V6,,,,
588,chgis_map_layer,state_seat,同時期CHGIS,state,,210620,,,,,,,曹州,曹州,0,,,,0,0,115.43183900042054,35.04117199962866,1,seat,,CHGIS V6,,,,
588,chgis_map_layer,state_seat,同時期CHGIS,state,,210644,,,,,,,毛州,毛州,0,,,,0,0,115.31587200034336,36.52609299964733,1,seat,,CHGIS V6,,,,
588,chgis_map_layer,state_seat,同時期CHGIS,state,,212622,,,,,,,衛州,衛州,0,,,,0,0,114.37463100009585,35.603160999924405,1,seat,,CHGIS V6,,,,
588,chgis_map_layer,state_seat,同時期CHGIS,state,,212631,,,,,,,懷州,懷州,0,,,,0,0,112.93865200000474,35.08855399999739,1,seat,,CHGIS V6,,,,
588,chgis_map_layer,state_seat,同時期CHGIS,state,,210708,,,,,,,鄭州,鄭州,0,,,,0,0,113.21186100000953,34.84509299999434,1,seat,,CHGIS V6,,,,
588,chgis_map_layer,state_seat,同時期CHGIS,state,,210721,,,,,,,汴州,汴州,0,,,,0,0,114.31485000008799,34.80574899993605,1,seat,,CHGIS V6,,,,
588,chgis_map_layer,state_seat,同時期CHGIS,state,,212638,,,,,,,許州,許州,0,,,,0,0,113.81359900003565,34.02744299997751,1,seat,,CHGIS V6,,,,
588,chgis_map_layer,state_seat,同時期CHGIS,state,,210773,,,,,,,宋州,宋州,0,,,,0,0,115.60364300052491,34.365721999556975,1,seat,,CHGIS V6,,,,
588,chgis_map_layer,state_seat,同時期CHGIS,state,,210796,,,,,,,陳州,陳州,0,,,,0,0,115.07030700027728,33.33097899980478,1,seat,,CHGIS V6,,,,
588,chgis_map_layer,state_seat,同時期CHGIS,state,,210816,,,,,,,豫州,豫州,0,,,,0,0,114.357521000095,33.003737999940185,1,seat,,CHGIS V6,,,,
588,chgis_map_layer,state_seat,同時期CHGIS,state,,212629,,,,,,,申州,申州,0,,,,0,0,114.07165500005702,32.12803299996746,1,seat,,CHGIS V6,,,,
588,chgis_map_layer,state_seat,同時期CHGIS,state,,210865,,,,,,,息州,息州,0,,,,0,0,114.72909000017056,32.342429999893646,1,seat,,CHGIS V6,,,,
588,chgis_map_layer,state_seat,同時期CHGIS,state,,210883,,,,,,,洛州,洛州,0,,,,0,0,112.43513000000098,34.67158999999959,1,seat,,CHGIS V6,,,,
588,chgis_map_layer,state_seat,同時期CHGIS,state,,210894,,,,,,,熊州,熊州,0,,,,0,0,111.92500000000008,34.49862999999997,1,seat,,CHGIS V6,,,,
588,chgis_map_layer,state_seat,同時期CHGIS,state,,210911,,,,,,,陝州,陝州,0,,,,0,0,111.145027,34.796077999999994,1,seat,,CHGIS V6,,,,
588,chgis_map_layer,state_seat,同時期CHGIS,state,,212413,,,,,,,虢州,虢州,0,,,,0,0,111.042442,34.054287000000016,1,seat,,CHGIS V6,,,,
588,chgis_map_layer,state_seat,同時期CHGIS,state,,210928,,,,,,,鄧州,鄧州,0,,,,0,0,112.08022300000019,32.68327699999993,1,seat,,CHGIS V6,,,,
588,chgis_map_layer,state_seat,同時期CHGIS,state,,210937,,,,,,,蒙州,蒙州,0,,,,0,0,112.66486300000203,33.270347999999096,1,seat,,CHGIS V6,,,,
588,chgis_map_layer,state_seat,同時期CHGIS,state,,212630,,,,,,,析州,析州,0,,,,0,0,111.45147499999999,33.439403,1,seat,,CHGIS V6,,,,
588,chgis_map_layer,state_seat,同時期CHGIS,state,,210975,,,,,,,信州,信州,0,,,,0,0,109.57103699999917,31.0416369999997,1,seat,,CHGIS V6,,,,
588,chgis_map_layer,state_seat,同時期CHGIS,state,,210991,,,,,,,南州,南州,0,,,,0,0,108.3763959999774,30.813468999988768,1,seat,,CHGIS V6,,,,
588,chgis_map_layer,state_seat,同時期CHGIS,state,,210995,,,,,,,臨州,臨州,0,,,,0,0,108.03157999995551,30.29857999997745,1,seat,,CHGIS V6,,,,
588,chgis_map_layer,state_seat,同時期CHGIS,state,,211014,,,,,,,黔州,黔州,0,,,,0,0,108.42623899998095,29.534917999991094,1,seat,,CHGIS V6,,,,
588,chgis_map_layer,state_seat,同時期CHGIS,state,,211017,,,,,,,蓬州,蓬州,0,,,,0,0,106.60523199957497,31.221837999740295,1,seat,,CHGIS V6,,,,
588,chgis_map_layer,state_seat,同時期CHGIS,state,,212666,,,,,,,戎州,戎州,0,,,,0,0,104.60747799702148,28.75619299798781,1,seat,,CHGIS V6,,,,
588,chgis_map_layer,state_seat,同時期CHGIS,state,,211053,,,,,,,益州,益州,0,,,,0,0,104.07540099619543,30.66605899623678,1,seat,,CHGIS V6,,,,
588,chgis_map_layer,state_seat,同時期CHGIS,state,,211069,,,,,,,蜀州,蜀州,0,,,,0,0,103.70559499645636,31.84144299440925,1,seat,,CHGIS V6,,,,
588,chgis_map_layer,state_seat,同時期CHGIS,state,,211090,,,,,,,資州,資州,0,,,,0,0,104.84715999751151,29.778739998262868,1,seat,,CHGIS V6,,,,
588,chgis_map_layer,state_seat,同時期CHGIS,state,,211118,,,,,,,嘉州,嘉州,0,,,,0,0,103.86265599571337,30.10996999569181,1,seat,,CHGIS V6,,,,
588,chgis_map_layer,state_seat,同時期CHGIS,state,,211154,,,,,,,邛州,邛州,0,,,,0,0,103.68990999559497,30.324369994959724,1,seat,,CHGIS V6,,,,
588,chgis_map_layer,state_seat,同時期CHGIS,state,,211163,,,,,,,普州,普州,0,,,,0,0,105.33315299833612,30.1032429989106,1,seat,,CHGIS V6,,,,
588,chgis_map_layer,state_seat,同時期CHGIS,state,,211170,,,,,,,新州,新州,0,,,,0,0,105.0867389979823,31.090474998475944,1,seat,,CHGIS V6,,,,
588,chgis_map_layer,state_seat,同時期CHGIS,state,,212664,,,,,,,遂州,遂州,0,,,,0,0,105.5748599986708,30.509244999132633,1,seat,,CHGIS V6,,,,
588,chgis_map_layer,state_seat,同時期CHGIS,state,,211183,,,,,,,開州,開州,0,,,,0,0,107.86032099993704,31.0853209999661,1,seat,,CHGIS V6,,,,
588,chgis_map_layer,state_seat,同時期CHGIS,state,,212668,,,,,,,通州,通州,0,,,,0,0,107.49544499988194,31.213782999933542,1,seat,,CHGIS V6,,,,
588,chgis_map_layer,state_seat,同時期CHGIS,state,,211197,,,,,,,渠州,渠州,0,,,,0,0,106.96887999974014,30.842978999850533,1,seat,,CHGIS V6,,,,
588,chgis_map_layer,state_seat,同時期CHGIS,state,,212665,,,,,,,瀘州,瀘州,0,,,,0,0,105.44804399852025,28.887687999129454,1,seat,,CHGIS V6,,,,
588,chgis_map_layer,state_seat,同時期CHGIS,state,,212663,,,,,,,陵州,陵州,0,,,,0,0,104.12978599612933,29.99568999659119,1,seat,,CHGIS V6,,,,
588,chgis_map_layer,state_seat,同時期CHGIS,state,,96576,,,,,,,綿州,綿州,0,,,,0,0,104.76016999748445,31.47625899783448,1,seat,,CHGIS V6,,,,
588,chgis_map_layer,state_seat,同時期CHGIS,state,,211236,,,,,,,庸州,庸州,0,,,,0,0,108.85798699999319,29.58149199999704,1,seat,,CHGIS V6,,,,
588,chgis_map_layer,state_seat,同時期CHGIS,state,,212658,,,,,,,扶州,扶州,0,,,,0,0,103.59583299719101,32.642104993519574,1,seat,,CHGIS V6,,,,
588,chgis_map_layer,state_seat,同時期CHGIS,state,,96563,,,,,,,渝州,渝州,0,,,,0,0,106.55699899956187,29.56045499975977,1,seat,,CHGIS V6,,,,
588,chgis_map_layer,state_seat,同時期CHGIS,state,,211271,,,,,,,合州,合州,0,,,,0,0,106.26662399936716,30.001687999634317,1,seat,,CHGIS V6,,,,
588,chgis_map_layer,state_seat,同時期CHGIS,state,,212669,,,,,,,隆州,隆州,0,,,,0,0,105.966964999109,31.578341999395565,1,seat,,CHGIS V6,,,,
588,chgis_map_layer,state_seat,同時期CHGIS,state,,212624,,,,,,,利州,利州,0,,,,0,0,105.8177189989781,32.43973499922722,1,seat,,CHGIS V6,,,,
588,chgis_map_layer,state_seat,同時期CHGIS,state,,212625,,,,,,,巴州,巴州,0,,,,0,0,106.76036799965082,31.853444999779256,1,seat,,CHGIS V6,,,,
588,chgis_map_layer,state_seat,同時期CHGIS,state,,211302,,,,,,,集州,集州,0,,,,0,0,106.9670709997357,32.07082699983353,1,seat,,CHGIS V6,,,,
588,chgis_map_layer,state_seat,同時期CHGIS,state,,212670,,,,,,,始州,始州,0,,,,0,0,105.46943899856826,31.953535998903845,1,seat,,CHGIS V6,,,,
588,chgis_map_layer,state_seat,同時期CHGIS,state,,211342,,,,,,,龍州,龍州,0,,,,0,0,104.83263399769572,32.201789997859635,1,seat,,CHGIS V6,,,,
588,chgis_map_layer,state_seat,同時期CHGIS,state,,212408,,,,,,,西寧州,西寧州,0,,,,0,0,102.26552599713087,27.8921509880953,1,seat,,CHGIS V6,,,,
588,chgis_map_layer,state_seat,同時期CHGIS,state,,211395,,,,,,,夏州,夏州,0,,,,0,0,108.85007499999203,37.99249999999404,1,seat,,CHGIS V6,,,,
588,chgis_map_layer,state_seat,同時期CHGIS,state,,211403,,,,,,,銀州,銀州,0,,,,0,0,109.82045699999966,37.96419899999984,1,seat,,CHGIS V6,,,,
588,chgis_map_layer,state_seat,同時期CHGIS,state,,212639,,,,,,,商州,商州,0,,,,0,0,109.93245999999984,33.869889999999934,1,seat,,CHGIS V6,,,,
588,chgis_map_layer,state_seat,同時期CHGIS,state,,211451,,,,,,,岐州,岐州,0,,,,0,0,107.38942699985863,34.52373899989549,1,seat,,CHGIS V6,,,,
588,chgis_map_layer,state_seat,同時期CHGIS,state,,212642,,,,,,,渭州,渭州,0,,,,0,0,104.63950799817192,34.98909299682423,1,seat,,CHGIS V6,,,,
588,chgis_map_layer,state_seat,同時期CHGIS,state,,211627,,,,,,,宜州,宜州,0,,,,0,0,108.98748199999426,34.91215699999677,1,seat,,CHGIS V6,,,,
588,chgis_map_layer,state_seat,同時期CHGIS,state,,212650,,,,,,,延州,延州,0,,,,0,0,109.81423899999966,36.70910299999984,1,seat,,CHGIS V6,,,,
588,chgis_map_layer,state_seat,同時期CHGIS,state,,212652,,,,,,,丹州,丹州,0,,,,0,0,110.20930499999996,36.15468199999999,1,seat,,CHGIS V6,,,,
588,chgis_map_layer,state_seat,同時期CHGIS,state,,211643,,,,,,,長州,長州,0,,,,0,0,108.18178599996564,37.585765999970526,1,seat,,CHGIS V6,,,,
588,chgis_map_layer,state_seat,同時期CHGIS,state,,212653,,,,,,,鹽州,鹽州,0,,,,0,0,107.60073799990595,37.592727999909286,1,seat,,CHGIS V6,,,,
588,chgis_map_layer,state_seat,同時期CHGIS,state,,211659,,,,,,,敷州,敷州,0,,,,0,0,109.2414759999972,35.4685199999985,1,seat,,CHGIS V6,,,,
588,chgis_map_layer,state_seat,同時期CHGIS,state,,211664,,,,,,,隴州,隴州,0,,,,0,0,106.8544309997028,34.89495799975379,1,seat,,CHGIS V6,,,,
588,chgis_map_layer,state_seat,同時期CHGIS,state,,211675,,,,,,,梁州,梁州,0,,,,0,0,107.03591899975993,33.072982999836874,1,seat,,CHGIS V6,,,,
588,chgis_map_layer,state_seat,同時期CHGIS,state,,211681,,,,,,,洋州,洋州,0,,,,0,0,107.77680299992444,33.002979999953205,1,seat,,CHGIS V6,,,,
588,chgis_map_layer,state_seat,同時期CHGIS,state,,212623,,,,,,,興州,興州,0,,,,0,0,106.15450999929314,33.32828499944494,1,seat,,CHGIS V6,,,,
588,chgis_map_layer,state_seat,同時期CHGIS,state,,212635,,,,,,,金州,金州,0,,,,0,0,109.1718139999967,32.53036499999852,1,seat,,CHGIS V6,,,,
588,chgis_map_layer,state_seat,同時期CHGIS,state,,211721,,,,,,,直州,直州,0,,,,0,0,108.26760799996998,32.98545599998268,1,seat,,CHGIS V6,,,,
588,chgis_map_layer,state_seat,同時期CHGIS,state,,212646,,,,,,,同州,同州,0,,,,0,0,109.93904999999981,34.79723999999993,1,seat,,CHGIS V6,,,,
588,chgis_map_layer,state_seat,同時期CHGIS,state,,211732,,,,,,,華州,華州,0,,,,0,0,109.76194799999959,34.51526299999983,1,seat,,CHGIS V6,,,,
588,chgis_map_layer,state_seat,同時期CHGIS,state,,212645,,,,,,,豳州,豳州,0,,,,0,0,108.03633599995264,34.96931799996693,1,seat,,CHGIS V6,,,,
588,chgis_map_layer,state_seat,同時期CHGIS,state,,211744,,,,,,,綏州,綏州,0,,,,0,0,110.25604999999999,37.50089599999999,1,seat,,CHGIS V6,,,,
588,chgis_map_layer,state_seat,同時期CHGIS,state,,211771,,,,,,,河州,河州,0,,,,0,0,103.09764300476327,35.511985988392425,1,seat,,CHGIS V6,,,,
588,chgis_map_layer,state_seat,同時期CHGIS,state,,212655,,,,,,,成州,成州,0,,,,0,0,105.27579099849044,33.97037599842248,1,seat,,CHGIS V6,,,,
588,chgis_map_layer,state_seat,同時期CHGIS,state,,211796,,,,,,,岷州,岷州,0,,,,0,0,104.03024999804607,34.43645999478566,1,seat,,CHGIS V6,,,,
588,chgis_map_layer,state_seat,同時期CHGIS,state,,212659,,,,,,,洮州,洮州,0,,,,0,0,103.54719999957527,34.66897999217908,1,seat,,CHGIS V6,,,,
588,chgis_map_layer,state_seat,同時期CHGIS,state,,212648,,,,,,,原州,原州,0,,,,0,0,106.28002199944923,36.00689299941932,1,seat,,CHGIS V6,,,,
588,chgis_map_layer,state_seat,同時期CHGIS,state,,211820,,,,,,,寧州,寧州,0,,,,0,0,107.92263799994207,35.501449999956854,1,seat,,CHGIS V6,,,,
588,chgis_map_layer,state_seat,同時期CHGIS,state,,212657,,,,,,,靈州,靈州,0,,,,0,0,106.17449199948102,38.00532899924204,1,seat,,CHGIS V6,,,,
588,chgis_map_layer,state_seat,同時期CHGIS,state,,212660,,,,,,,甘州,甘州,0,,,,0,0,100.33068937692944,38.992061929472506,1,seat,,CHGIS V6,,,,
588,chgis_map_layer,state_seat,同時期CHGIS,state,,211829,,,,,,,涼州,涼州,0,,,,0,0,102.63234702311672,37.92670098119597,1,seat,,CHGIS V6,,,,
588,chgis_map_layer,state_seat,同時期CHGIS,state,,211852,,,,,,,廓州,廓州,0,,,,0,0,101.41120208401466,36.04155096543717,1,seat,,CHGIS V6,,,,
588,chgis_map_layer,state_seat,同時期CHGIS,state,,211859,,,,,,,涇州,涇州,0,,,,0,0,107.35213499985267,35.35002099988166,1,seat,,CHGIS V6,,,,
588,chgis_map_layer,state_seat,同時期CHGIS,state,,212661,,,,,,,秦州,秦州,0,,,,0,0,105.71988699898063,34.581218998978386,1,seat,,CHGIS V6,,,,
588,chgis_map_layer,state_seat,同時期CHGIS,state,,211868,,,,,,,武州,武州,0,,,,0,0,104.94550799803102,33.38009099789658,1,seat,,CHGIS V6,,,,
588,chgis_map_layer,state_seat,同時期CHGIS,state,,211872,,,,,,,文州,文州,0,,,,0,0,104.66420699760572,32.94748299733826,1,seat,,CHGIS V6,,,,
588,chgis_map_layer,state_seat,同時期CHGIS,state,,211878,,,,,,,康州,康州,0,,,,0,0,105.72680699893837,33.741435999049344,1,seat,,CHGIS V6,,,,
588,chgis_map_layer,state_seat,同時期CHGIS,state,,211906,,,,,,,瓜州,瓜州,0,,,,0,0,94.52451635114427,40.05229086775604,1,seat,,CHGIS V6,,,,
588,chgis_map_layer,state_seat,同時期CHGIS,state,,99403,,,,,,,牂州,牂州,0,,,,0,0,107.57253999991555,27.172549999959706,1,seat,,CHGIS V6,,,,
588,chgis_map_layer,state_seat,同時期CHGIS,state,,80126,,,,,,,恭州,恭州,0,,,,0,0,103.71395899503372,27.339473996039107,1,seat,,CHGIS V6,,,,
588,chgis_map_layer,state_seat,同時期CHGIS,state,,80231,,,,,,,昆州,昆州,0,,,,0,0,102.66617599456484,25.0492289923101,1,seat,,CHGIS V6,,,,
588,chgis_map_layer,state_seat,同時期CHGIS,state,,211937,,,,,,,南寧州,南寧州,0,,,,0,0,103.73420699542793,25.52585799655434,1,seat,,CHGIS V6,,,,
588,chgis_map_layer,state_seat,同時期CHGIS,state,,80662,,,,,,,協州,協州,0,,,,0,0,104.05023999578815,27.629409996952727,1,seat,,CHGIS V6,,,,
588,chgis_map_layer,state_seat,同時期CHGIS,state,,80779,,,,,,,越析州,越析州,0,,,,0,0,100.57421904411886,25.82994497138089,1,seat,,CHGIS V6,,,,
588,chgis_map_layer,state_seat,同時期CHGIS,state,,34359,,,,,,,襄州,襄州,0,,,,0,0,112.15869900000031,32.0265239999999,1,seat,,CHGIS V6,,,,
588,chgis_map_layer,state_seat,同時期CHGIS,state,,34385,,,,,,,復州,復州,0,,,,0,0,113.16411600000768,30.65624999999653,1,seat,,CHGIS V6,,,,
588,chgis_map_layer,state_seat,同時期CHGIS,state,,34396,,,,,,,黃州,黃州,0,,,,0,0,114.79911800018547,30.84583899989537,1,seat,,CHGIS V6,,,,
588,chgis_map_layer,state_seat,同時期CHGIS,state,,34403,,,,,,,郢州,郢州,0,,,,0,0,112.58925600000148,31.169826999999433,1,seat,,CHGIS V6,,,,
588,chgis_map_layer,state_seat,同時期CHGIS,state,,34407,,,,,,,鄀州,鄀州,0,,,,0,0,112.26808200000045,31.297655999999854,1,seat,,CHGIS V6,,,,
588,chgis_map_layer,state_seat,同時期CHGIS,state,,34412,,,,,,,基州,基州,0,,,,0,0,112.54123700000122,30.88810299999953,1,seat,,CHGIS V6,,,,
588,chgis_map_layer,state_seat,同時期CHGIS,state,,34422,,,,,,,安州,安州,0,,,,0,0,113.68891900002639,31.263713999986436,1,seat,,CHGIS V6,,,,
588,chgis_map_layer,state_seat,同時期CHGIS,state,,34424,,,,,,,溫州,溫州,0,,,,0,0,113.11685200000692,31.024814999996856,1,seat,,CHGIS V6,,,,
588,chgis_map_layer,state_seat,同時期CHGIS,state,,34431,,,,,,,應州,應州,0,,,,0,0,113.81899200003474,31.618319999981416,1,seat,,CHGIS V6,,,,
588,chgis_map_layer,state_seat,同時期CHGIS,state,,34449,,,,,,,睦州,睦州,0,,,,0,0,111.19149800000001,30.474218,1,seat,,CHGIS V6,,,,
588,chgis_map_layer,state_seat,同時期CHGIS,state,,34450,,,,,,,玉州,玉州,0,,,,0,0,111.78711700000002,30.831510999999992,1,seat,,CHGIS V6,,,,
588,chgis_map_layer,state_seat,同時期CHGIS,state,,34463,,,,,,,硤州,硤州,0,,,,0,0,111.15432000000001,30.837853999999997,1,seat,,CHGIS V6,,,,
588,chgis_map_layer,state_seat,同時期CHGIS,state,,34474,,,,,,,亭州,亭州,0,,,,0,0,110.38929699999998,30.459165999999993,1,seat,,CHGIS V6,,,,
588,chgis_map_layer,state_seat,同時期CHGIS,state,,34476,,,,,,,江州,江州,0,,,,0,0,110.80169699999999,30.452593,1,seat,,CHGIS V6,,,,
588,chgis_map_layer,state_seat,同時期CHGIS,state,,34487,,,,,,,遷州,遷州,0,,,,0,0,110.72715,32.058971,1,seat,,CHGIS V6,,,,
588,chgis_map_layer,state_seat,同時期CHGIS,state,,34488,,,,,,,羅州,羅州,0,,,,0,0,110.22859899999997,32.22612799999999,1,seat,,CHGIS V6,,,,
588,chgis_map_layer,state_seat,同時期CHGIS,state,,34495,,,,,,,均州,均州,0,,,,0,0,111.16657900000003,32.681611999999994,1,seat,,CHGIS V6,,,,
588,chgis_map_layer,state_seat,同時期CHGIS,state,,34501,,,,,,,隋州,隋州,0,,,,0,0,113.36982000001325,31.715104999993397,1,seat,,CHGIS V6,,,,
588,chgis_map_layer,state_seat,同時期CHGIS,state,,34504,,,,,,,土州,土州,0,,,,0,0,113.44043500001565,31.872259999992018,1,seat,,CHGIS V6,,,,
588,chgis_map_layer,state_seat,同時期CHGIS,state,,34505,,,,,,,唐州,唐州,0,,,,0,0,113.1244890000073,31.986085999996504,1,seat,,CHGIS V6,,,,
588,chgis_map_layer,state_seat,同時期CHGIS,state,,34507,,,,,,,昌州,昌州,0,,,,0,0,112.75659900000262,32.13202299999886,1,seat,,CHGIS V6,,,,
588,chgis_map_layer,state_seat,同時期CHGIS,state,,34509,,,,,,,順州,順州,0,,,,0,0,113.27698600001077,32.16895199999459,1,seat,,CHGIS V6,,,,
588,chgis_map_layer,state_seat,同時期CHGIS,state,,34556,,,,,,,蘄州,蘄州,0,,,,0,0,115.47425000046414,30.304809999732626,1,seat,,CHGIS V6,,,,
588,chgis_map_layer,state_seat,同時期CHGIS,state,,32952,,,,,,,衡州,衡州,0,,,,0,0,110.16236899999996,29.392684999999997,1,seat,,CHGIS V6,,,,
588,chgis_map_layer,state_seat,同時期CHGIS,state,,33330,,,,,,,泗州,泗州,0,,,,0,0,118.46140700145756,33.80152599261064,1,seat,,CHGIS V6,,,,
588,chgis_map_layer,state_seat,同時期CHGIS,state,,33346,,,,,,,楚州,楚州,0,,,,0,0,118.93358599916549,33.53131498970533,1,seat,,CHGIS V6,,,,
588,chgis_map_layer,state_seat,同時期CHGIS,state,,33357,,,,,,,海州,海州,0,,,,0,0,119.1260119945653,34.582212987275014,1,seat,,CHGIS V6,,,,
588,chgis_map_layer,state_seat,同時期CHGIS,state,,33363,,,,,,,邳州,邳州,0,,,,0,0,117.88688400222755,34.11826499525007,1,seat,,CHGIS V6,,,,
588,chgis_map_layer,state_seat,同時期CHGIS,state,,33437,,,,,,,徐州,徐州,0,,,,0,0,117.18768300192748,34.26963399744008,1,seat,,CHGIS V6,,,,
588,chgis_map_layer,state_seat,同時期CHGIS,state,,33444,,,,,,,亳州,亳州,0,,,,0,0,115.77090500064159,33.87929199947173,1,seat,,CHGIS V6,,,,
588,chgis_map_layer,state_seat,同時期CHGIS,state,,33451,,,,,,,潁州,潁州,0,,,,0,0,115.80901300068666,32.90305699948724,1,seat,,CHGIS V6,,,,
588,chgis_map_layer,state_seat,同時期CHGIS,state,,33462,,,,,,,揚州,揚州,0,,,,0,0,116.77711500171348,32.57574799850527,1,seat,,CHGIS V6,,,,
588,chgis_map_layer,state_seat,同時期CHGIS,state,,33479,,,,,,,廬州,廬州,0,,,,0,0,117.27645900251953,31.864455997687568,1,seat,,CHGIS V6,,,,
588,chgis_map_layer,state_seat,同時期CHGIS,state,,33492,,,,,,,熙州,熙州,0,,,,0,0,116.56720000151651,30.630345998976907,1,seat,,CHGIS V6,,,,
588,chgis_map_layer,state_seat,同時期CHGIS,state,,33506,,,,,,,和州,和州,0,,,,0,0,118.361122003608,31.714223994161994,1,seat,,CHGIS V6,,,,
588,chgis_map_layer,state_seat,同時期CHGIS,state,,33513,,,,,,,濠州,濠州,0,,,,0,0,117.64022100273428,32.901633996501694,1,seat,,CHGIS V6,,,,
588,chgis_map_layer,state_seat,同時期CHGIS,state,,30026,,,,,,,豐州,豐州,0,,,,0,0,119.3215770201562,26.073953997614165,1,seat,,CHGIS V4,,,,
588,chgis_map_layer,state_seat,同時期CHGIS,state,,30060,,,,,,,揚州,揚州,0,,,,0,0,118.76899001418313,32.05256299926937,1,seat,,CHGIS V4,,,,
588,chgis_map_layer,state_seat,同時期CHGIS,state,,30108,,,,,,,東揚州,東揚州,0,,,,0,0,120.57826206632897,30.004514994669723,1,seat,,CHGIS V4,,,,
588,chgis_map_layer,state_seat,同時期CHGIS,state,,30061,,,,,,,南徐州,南徐州,0,,,,0,0,119.5149920277341,32.19528999847986,1,seat,,CHGIS V4,,,,
588,chgis_map_layer,state_seat,同時期CHGIS,state,,30066,,,,,,,南豫州,南豫州,0,,,,0,0,118.7425000138833,30.94694099917732,1,seat,,CHGIS V4,,,,
588,chgis_map_layer,state_seat,同時期CHGIS,state,,30127,,,,,,,江州,江州,0,,,,0,0,115.9436730005358,29.641568999975263,1,seat,,CHGIS V4,,,,
588,chgis_map_layer,state_seat,同時期CHGIS,state,,30267,,,,,,,荊州,荊州,0,,,,0,0,112.18909500000001,30.10425000000003,1,seat,,CHGIS V4,,,,
588,chgis_map_layer,state_seat,同時期CHGIS,state,,30303,,,,,,,湘州,湘州,0,,,,0,0,112.9781340000008,28.198197999999998,1,seat,,CHGIS V4,,,,
588,chgis_map_layer,state_seat,同時期CHGIS,state,,30274,,,,,,,西衡州,西衡州,0,,,,0,0,113.12419900000098,24.258880999999967,1,seat,,CHGIS V4,,,,
588,chgis_map_layer,state_seat,同時期CHGIS,state,,30276,,,,,,,東衡州,東衡州,0,,,,0,0,113.60341700000431,24.81020899999981,1,seat,,CHGIS V4,,,,
588,chgis_map_layer,state_seat,同時期CHGIS,state,,30270,,,,,,,沅州,沅州,0,,,,0,0,111.6913,29.03480700000002,1,seat,,CHGIS V4,,,,
588,chgis_map_layer,state_seat,同時期CHGIS,state,,30271,,,,,,,巴州,巴州,0,,,,0,0,113.09765600000122,29.371259999999992,1,seat,,CHGIS V4,,,,
588,chgis_map_layer,state_seat,同時期CHGIS,state,,30302,,,,,,,廣州,廣州,0,,,,0,0,113.25606600000127,23.134623999999928,1,seat,,CHGIS V4,,,,
588,chgis_map_layer,state_seat,同時期CHGIS,state,,30281,,,,,,,安州,安州,0,,,,0,0,108.71877499999887,22.07272299999993,1,seat,,CHGIS V4,,,,
588,chgis_map_layer,state_seat,同時期CHGIS,state,,30282,,,,,,,黃州,黃州,0,,,,0,0,108.05276399999387,21.54997699999934,1,seat,,CHGIS V4,,,,
588,chgis_map_layer,state_seat,同時期CHGIS,state,,30286,,,,,,,羅州,羅州,0,,,,0,0,110.63469400000001,21.667129000000013,1,seat,,CHGIS V4,,,,
588,chgis_map_layer,state_seat,同時期CHGIS,state,,30287,,,,,,,瀧州,瀧州,0,,,,0,0,111.43830899999999,22.547064000000013,1,seat,,CHGIS V4,,,,
588,chgis_map_layer,state_seat,同時期CHGIS,state,,30291,,,,,,,南合州,南合州,0,,,,0,0,110.15652600000003,20.261126000000015,1,seat,,CHGIS V4,,,,
588,chgis_map_layer,state_seat,同時期CHGIS,state,,30293,,,,,,,新州,新州,0,,,,0,0,112.22508200000001,22.702915000000008,1,seat,,CHGIS V4,,,,
588,chgis_map_layer,state_seat,同時期CHGIS,state,,30294,,,,,,,成州,成州,0,,,,0,0,111.50810200000001,23.445099000000017,1,seat,,CHGIS V4,,,,
588,chgis_map_layer,state_seat,同時期CHGIS,state,,30295,,,,,,,建州,建州,0,,,,0,0,111.721893,22.93551600000001,1,seat,,CHGIS V4,,,,
588,chgis_map_layer,state_seat,同時期CHGIS,state,,30297,,,,,,,崖州,崖州,0,,,,0,0,109.20698699999991,19.814141000000006,1,seat,,CHGIS V4,,,,
588,chgis_map_layer,state_seat,同時期CHGIS,state,,30296,,,,,,,高州,高州,0,,,,0,0,111.88704699999998,21.864986000000002,1,seat,,CHGIS V4,,,,
588,chgis_map_layer,state_seat,同時期CHGIS,state,,30285,,,,,,,越州,越州,0,,,,0,0,109.47006999999994,21.913258000000006,1,seat,,CHGIS V4,,,,
588,chgis_map_layer,prefecture_seat,同時期CHGIS,prefecture,,210456,,,,,,,濟北郡,濟北郡,0,,,,0,0,116.20731000083384,36.37847799892893,1,seat,,CHGIS V6,,,,
588,chgis_map_layer,prefecture_seat,同時期CHGIS,prefecture,,210502,,,,,,,齊郡,齊郡,0,,,,0,0,118.34416199810002,36.85125699163623,1,seat,,CHGIS V6,,,,
588,chgis_map_layer,prefecture_seat,同時期CHGIS,prefecture,,210527,,,,,,,高陽郡,高陽郡,0,,,,0,0,118.88754899272446,36.630487987601086,1,seat,,CHGIS V6,,,,
588,chgis_map_layer,prefecture_seat,同時期CHGIS,prefecture,,210630,,,,,,,東平郡,東平郡,0,,,,0,0,117.13185900138338,36.17790399721518,1,seat,,CHGIS V6,,,,
588,chgis_map_layer,prefecture_seat,同時期CHGIS,prefecture,,210853,,,,,,,弋陽郡,弋陽郡,0,,,,0,0,114.89857500021849,32.01226399986487,1,seat,,CHGIS V6,,,,
588,chgis_map_layer,prefecture_seat,同時期CHGIS,prefecture,,212294,,,,,,,南寧州總管府,南寧州總管府,0,,,,0,0,103.73420699542793,25.52585799655434,1,seat,,CHGIS V6,,,,
588,chgis_map_layer,prefecture_seat,同時期CHGIS,prefecture,,32035,,,,,,,建安郡,建安郡,0,,,,0,0,118.32378400502766,27.03886399599987,1,seat,,CHGIS V6,,,,
588,chgis_map_layer,prefecture_seat,同時期CHGIS,prefecture,,32057,,,,,,,晉安郡,晉安郡,0,,,,0,0,119.32157700574592,26.07395399194077,1,seat,,CHGIS V6,,,,
588,chgis_map_layer,prefecture_seat,同時期CHGIS,prefecture,,32078,,,,,,,南安郡,南安郡,0,,,,0,0,118.53784900490622,24.953763995837587,1,seat,,CHGIS V6,,,,
588,chgis_map_layer,prefecture_seat,同時期CHGIS,prefecture,,32256,,,,,,,臨海郡,臨海郡,0,,,,0,0,121.41879293276551,28.713874967845783,1,seat,,CHGIS V6,,,,
588,chgis_map_layer,prefecture_seat,同時期CHGIS,prefecture,,32265,,,,,,,新安郡,新安郡,0,,,,0,0,118.96516500465302,29.612286992121195,1,seat,,CHGIS V6,,,,
588,chgis_map_layer,prefecture_seat,同時期CHGIS,prefecture,,32267,,,,,,,東陽郡,東陽郡,0,,,,0,0,119.64991800169877,29.104711987812923,1,seat,,CHGIS V6,,,,
588,chgis_map_layer,prefecture_seat,同時期CHGIS,prefecture,,32276,,,,,,,永嘉郡,永嘉郡,0,,,,0,0,120.65322098422614,28.018290979093624,1,seat,,CHGIS V6,,,,
588,chgis_map_layer,prefecture_seat,同時期CHGIS,prefecture,,32280,,,,,,,會稽郡,會稽郡,0,,,,0,0,120.57826197632139,30.004514977397015,1,seat,,CHGIS V6,,,,
588,chgis_map_layer,prefecture_seat,同時期CHGIS,prefecture,,32351,,,,,,,義興郡,義興郡,0,,,,0,0,119.81562399310103,31.353705984153752,1,seat,,CHGIS V6,,,,
588,chgis_map_layer,prefecture_seat,同時期CHGIS,prefecture,,32356,,,,,,,錢塘郡,錢塘郡,0,,,,0,0,120.16862498905506,30.29412498176254,1,seat,,CHGIS V6,,,,
588,chgis_map_layer,prefecture_seat,同時期CHGIS,prefecture,,32358,,,,,,,吳興郡,吳興郡,0,,,,0,0,120.0993119883639,30.864963981797544,1,seat,,CHGIS V6,,,,
588,chgis_map_layer,prefecture_seat,同時期CHGIS,prefecture,,32364,,,,,,,丹陽尹,丹陽尹,0,,,,0,0,118.76899000250202,32.05256299181896,1,seat,,CHGIS V6,,,,
588,chgis_map_layer,prefecture_seat,同時期CHGIS,prefecture,,32371,,,,,,,東海郡,東海郡,0,,,,0,0,119.56985499540016,31.995801985805386,1,seat,,CHGIS V6,,,,
588,chgis_map_layer,prefecture_seat,同時期CHGIS,prefecture,,32372,,,,,,,建興郡,建興郡,0,,,,0,0,118.771347002485,32.05900199180074,1,seat,,CHGIS V6,,,,
588,chgis_map_layer,prefecture_seat,同時期CHGIS,prefecture,,32375,,,,,,,晉陵郡,晉陵郡,0,,,,0,0,119.95230098812527,31.7827839822241,1,seat,,CHGIS V6,,,,
588,chgis_map_layer,prefecture_seat,同時期CHGIS,prefecture,,32042,,,,,,,江陰郡,江陰郡,0,,,,0,0,120.26608997704696,31.90876997840655,1,seat,,CHGIS V6,,,,
588,chgis_map_layer,prefecture_seat,同時期CHGIS,prefecture,,32059,,,,,,,吳郡,吳郡,0,,,,0,0,120.61862196466318,31.31270997478973,1,seat,,CHGIS V6,,,,
588,chgis_map_layer,prefecture_seat,同時期CHGIS,prefecture,,32435,,,,,,,信义郡,信义郡,0,,,,0,0,120.70906795488551,31.792619972656723,1,seat,,CHGIS V6,,,,
588,chgis_map_layer,prefecture_seat,同時期CHGIS,prefecture,,32469,,,,,,,南陵郡,南陵郡,0,,,,0,0,118.0410000037838,31.171690995682347,1,seat,,CHGIS V6,,,,
588,chgis_map_layer,prefecture_seat,同時期CHGIS,prefecture,,32638,,,,,,,宣城郡,宣城郡,0,,,,0,0,118.74250000382364,30.94694099261783,1,seat,,CHGIS V6,,,,
588,chgis_map_layer,prefecture_seat,同時期CHGIS,prefecture,,32528,,,,,,,臨川郡,臨川郡,0,,,,0,0,116.33857700116478,27.985128999363035,1,seat,,CHGIS V6,,,,
588,chgis_map_layer,prefecture_seat,同時期CHGIS,prefecture,,32540,,,,,,,廬陵郡,廬陵郡,0,,,,0,0,115.13931400026073,27.33241499987153,1,seat,,CHGIS V6,,,,
588,chgis_map_layer,prefecture_seat,同時期CHGIS,prefecture,,32559,,,,,,,南康郡,南康郡,0,,,,0,0,114.93248000016875,25.846999999917596,1,seat,,CHGIS V6,,,,
588,chgis_map_layer,prefecture_seat,同時期CHGIS,prefecture,,32576,,,,,,,安成郡,安成郡,0,,,,0,0,114.60845200011644,27.38246199994388,1,seat,,CHGIS V6,,,,
588,chgis_map_layer,prefecture_seat,同時期CHGIS,prefecture,,32577,,,,,,,安樂郡,安樂郡,0,,,,0,0,113.98336800003695,27.067367999982775,1,seat,,CHGIS V6,,,,
588,chgis_map_layer,prefecture_seat,同時期CHGIS,prefecture,,32580,,,,,,,巴山郡,巴山郡,0,,,,0,0,115.86183800069406,28.133996999634114,1,seat,,CHGIS V6,,,,
588,chgis_map_layer,prefecture_seat,同時期CHGIS,prefecture,,32583,,,,,,,豫章郡,豫章郡,0,,,,0,0,115.89772000073947,28.674895999599205,1,seat,,CHGIS V6,,,,
588,chgis_map_layer,prefecture_seat,同時期CHGIS,prefecture,,32594,,,,,,,豫寧郡,豫寧郡,0,,,,0,0,115.00853100024014,29.252776999874413,1,seat,,CHGIS V6,,,,
588,chgis_map_layer,prefecture_seat,同時期CHGIS,prefecture,,32600,,,,,,,太原郡,太原郡,0,,,,0,0,116.23218600109044,29.584999999354505,1,seat,,CHGIS V6,,,,
588,chgis_map_layer,prefecture_seat,同時期CHGIS,prefecture,,32601,,,,,,,尋陽郡,尋陽郡,0,,,,0,0,115.94367300080019,29.641568999539228,1,seat,,CHGIS V6,,,,
588,chgis_map_layer,prefecture_seat,同時期CHGIS,prefecture,,32613,,,,,,,鄱陽郡,鄱陽郡,0,,,,0,0,116.6638330016466,28.994166999009447,1,seat,,CHGIS V6,,,,
588,chgis_map_layer,prefecture_seat,同時期CHGIS,prefecture,,32819,,,,,,,長沙郡,長沙郡,0,,,,0,0,112.97813400000393,28.198197999998392,1,seat,,CHGIS V6,,,,
588,chgis_map_layer,prefecture_seat,同時期CHGIS,prefecture,,32828,,,,,,,岳陽郡,岳陽郡,0,,,,0,0,113.0808410000055,28.811719999997692,1,seat,,CHGIS V6,,,,
588,chgis_map_layer,prefecture_seat,同時期CHGIS,prefecture,,32831,,,,,,,盧陽郡,盧陽郡,0,,,,0,0,113.67976500001627,25.545516999992206,1,seat,,CHGIS V6,,,,
588,chgis_map_layer,prefecture_seat,同時期CHGIS,prefecture,,32836,,,,,,,桂陽郡,桂陽郡,0,,,,0,0,113.02513900000332,25.80271899999853,1,seat,,CHGIS V6,,,,
588,chgis_map_layer,prefecture_seat,同時期CHGIS,prefecture,,32845,,,,,,,沅陵郡,沅陵郡,0,,,,0,0,110.396965,28.458191,1,seat,,CHGIS V6,,,,
588,chgis_map_layer,prefecture_seat,同時期CHGIS,prefecture,,32851,,,,,,,夜郎郡,夜郎郡,0,,,,0,0,109.77827399999971,28.19003299999991,1,seat,,CHGIS V6,,,,
588,chgis_map_layer,prefecture_seat,同時期CHGIS,prefecture,,32852,,,,,,,南陽郡,南陽郡,0,,,,0,0,110.18101699999997,28.139412,1,seat,,CHGIS V6,,,,
588,chgis_map_layer,prefecture_seat,同時期CHGIS,prefecture,,32862,,,,,,,湘東郡,湘東郡,0,,,,0,0,112.59703800000105,26.90161699999961,1,seat,,CHGIS V6,,,,
588,chgis_map_layer,prefecture_seat,同時期CHGIS,prefecture,,32875,,,,,,,武陵郡,武陵郡,0,,,,0,0,111.69130000000003,29.034806999999994,1,seat,,CHGIS V6,,,,
588,chgis_map_layer,prefecture_seat,同時期CHGIS,prefecture,,32883,,,,,,,藥山郡,藥山郡,0,,,,0,0,112.35051700000052,28.763648999999834,1,seat,,CHGIS V6,,,,
588,chgis_map_layer,prefecture_seat,同時期CHGIS,prefecture,,32886,,,,,,,零陵郡,零陵郡,0,,,,0,0,111.61256399999999,26.210339,1,seat,,CHGIS V6,,,,
588,chgis_map_layer,prefecture_seat,同時期CHGIS,prefecture,,32893,,,,,,,永陽郡,永陽郡,0,,,,0,0,111.620505,25.537297,1,seat,,CHGIS V6,,,,
588,chgis_map_layer,prefecture_seat,同時期CHGIS,prefecture,,32901,,,,,,,邵陵郡,邵陵郡,0,,,,0,0,111.474937,27.249315,1,seat,,CHGIS V6,,,,
588,chgis_map_layer,prefecture_seat,同時期CHGIS,prefecture,,32919,,,,,,,巴陵郡,巴陵郡,0,,,,0,0,113.09765600000601,29.37125999999744,1,seat,,CHGIS V6,,,,
588,chgis_map_layer,prefecture_seat,同時期CHGIS,prefecture,,32930,,,,,,,衡陽郡,衡陽郡,0,,,,0,0,113.02512800000413,27.407562999998287,1,seat,,CHGIS V6,,,,
588,chgis_map_layer,prefecture_seat,同時期CHGIS,prefecture,,32939,,,,,,,石門郡,石門郡,0,,,,0,0,111.373611,29.588543,1,seat,,CHGIS V6,,,,
588,chgis_map_layer,prefecture_seat,同時期CHGIS,prefecture,,32942,,,,,,,南平郡,南平郡,0,,,,0,0,111.9346310000001,30.00065299999999,1,seat,,CHGIS V6,,,,
588,chgis_map_layer,prefecture_seat,同時期CHGIS,prefecture,,34171,,,,,,,義安郡,義安郡,0,,,,0,0,116.63665800107718,23.667705999365698,1,seat,,CHGIS V6,,,,
588,chgis_map_layer,prefecture_seat,同時期CHGIS,prefecture,,34176,,,,,,,始興郡,始興郡,0,,,,0,0,113.60341700001209,24.810208999993897,1,seat,,CHGIS V6,,,,
588,chgis_map_layer,prefecture_seat,同時期CHGIS,prefecture,,34179,,,,,,,齊樂郡,齊樂郡,0,,,,0,0,112.17645300000012,24.694096999999946,1,seat,,CHGIS V6,,,,
588,chgis_map_layer,prefecture_seat,同時期CHGIS,prefecture,,34180,,,,,,,陽山郡,陽山郡,0,,,,0,0,113.12419900000317,24.258880999998308,1,seat,,CHGIS V6,,,,
588,chgis_map_layer,prefecture_seat,同時期CHGIS,prefecture,,34181,,,,,,,梁樂郡,梁樂郡,0,,,,0,0,112.55529800000049,24.09925999999975,1,seat,,CHGIS V6,,,,
588,chgis_map_layer,prefecture_seat,同時期CHGIS,prefecture,,34185,,,,,,,清遠郡,清遠郡,0,,,,0,0,114.08532200003191,24.480481999983382,1,seat,,CHGIS V6,,,,
588,chgis_map_layer,prefecture_seat,同時期CHGIS,prefecture,,34186,,,,,,,安遠郡,安遠郡,0,,,,0,0,114.5229260000811,25.274131999959952,1,seat,,CHGIS V6,,,,
588,chgis_map_layer,prefecture_seat,同時期CHGIS,prefecture,,34188,,,,,,,東官郡,東官郡,0,,,,0,0,113.86380300001585,23.411842999990416,1,seat,,CHGIS V6,,,,
588,chgis_map_layer,prefecture_seat,同時期CHGIS,prefecture,,34190,,,,,,,梁化郡,梁化郡,0,,,,0,0,114.67352300007143,23.113707999957082,1,seat,,CHGIS V6,,,,
588,chgis_map_layer,prefecture_seat,同時期CHGIS,prefecture,,34191,,,,,,,南海郡,南海郡,0,,,,0,0,113.25606600000322,23.134623999997807,1,seat,,CHGIS V6,,,,
588,chgis_map_layer,prefecture_seat,同時期CHGIS,prefecture,,34198,,,,,,,新會郡,新會郡,0,,,,0,0,113.01797900000126,22.634569999998934,1,seat,,CHGIS V6,,,,
588,chgis_map_layer,prefecture_seat,同時期CHGIS,prefecture,,34201,,,,,,,綏建郡,綏建郡,0,,,,0,0,112.42775300000024,23.49094399999985,1,seat,,CHGIS V6,,,,
588,chgis_map_layer,prefecture_seat,同時期CHGIS,prefecture,,34203,,,,,,,樂昌郡,樂昌郡,0,,,,0,0,112.69590000000065,23.468230999999594,1,seat,,CHGIS V6,,,,
588,chgis_map_layer,prefecture_seat,同時期CHGIS,prefecture,,34204,,,,,,,高要郡,高要郡,0,,,,0,0,112.45315500000022,23.056920999999846,1,seat,,CHGIS V6,,,,
588,chgis_map_layer,prefecture_seat,同時期CHGIS,prefecture,,34207,,,,,,,蒼梧郡,蒼梧郡,0,,,,0,0,111.30857100000001,23.486898000000004,1,seat,,CHGIS V6,,,,
588,chgis_map_layer,prefecture_seat,同時期CHGIS,prefecture,,34212,,,,,,,南靖郡,南靖郡,0,,,,0,0,111.80409200000003,23.75867999999999,1,seat,,CHGIS V6,,,,
588,chgis_map_layer,prefecture_seat,同時期CHGIS,prefecture,,34213,,,,,,,梁信郡,梁信郡,0,,,,0,0,111.508102,23.445099,1,seat,,CHGIS V6,,,,
588,chgis_map_layer,prefecture_seat,同時期CHGIS,prefecture,,34217,,,,,,,晉康郡,晉康郡,0,,,,0,0,111.77101900000001,23.146790999999993,1,seat,,CHGIS V6,,,,
588,chgis_map_layer,prefecture_seat,同時期CHGIS,prefecture,,34219,,,,,,,廣熙郡,廣熙郡,0,,,,0,0,111.721893,22.935515999999996,1,seat,,CHGIS V6,,,,
588,chgis_map_layer,prefecture_seat,同時期CHGIS,prefecture,,34220,,,,,,,平原郡,平原郡,0,,,,0,0,111.43830900000002,22.547064000000002,1,seat,,CHGIS V6,,,,
588,chgis_map_layer,prefecture_seat,同時期CHGIS,prefecture,,34221,,,,,,,開陽郡,開陽郡,0,,,,0,0,111.611732,22.597128,1,seat,,CHGIS V6,,,,
588,chgis_map_layer,prefecture_seat,同時期CHGIS,prefecture,,34222,,,,,,,羅陽郡,羅陽郡,0,,,,0,0,111.39912399999999,22.830919000000005,1,seat,,CHGIS V6,,,,
588,chgis_map_layer,prefecture_seat,同時期CHGIS,prefecture,,34223,,,,,,,梁德郡,梁德郡,0,,,,0,0,110.938805,22.363495,1,seat,,CHGIS V6,,,,
588,chgis_map_layer,prefecture_seat,同時期CHGIS,prefecture,,34227,,,,,,,新寧郡,新寧郡,0,,,,0,0,112.22508200000006,22.702914999999944,1,seat,,CHGIS V6,,,,
588,chgis_map_layer,prefecture_seat,同時期CHGIS,prefecture,,34230,,,,,,,宋熙郡,宋熙郡,0,,,,0,0,112.55898400000028,22.81990499999977,1,seat,,CHGIS V6,,,,
588,chgis_map_layer,prefecture_seat,同時期CHGIS,prefecture,,34231,,,,,,,梁泰郡,梁泰郡,0,,,,0,0,112.78802700000064,22.859243999999478,1,seat,,CHGIS V6,,,,
588,chgis_map_layer,prefecture_seat,同時期CHGIS,prefecture,,34237,,,,,,,合浦郡,合浦郡,0,,,,0,0,109.47006999999994,21.91325799999981,1,seat,,CHGIS V6,,,,
588,chgis_map_layer,prefecture_seat,同時期CHGIS,prefecture,,34241,,,,,,,高涼郡,高涼郡,0,,,,0,0,111.887047,21.864985999999995,1,seat,,CHGIS V6,,,,
588,chgis_map_layer,prefecture_seat,同時期CHGIS,prefecture,,34245,,,,,,,宋康郡,宋康郡,0,,,,0,0,111.67717000000002,21.956139,1,seat,,CHGIS V6,,,,
588,chgis_map_layer,prefecture_seat,同時期CHGIS,prefecture,,34246,,,,,,,海昌郡,海昌郡,0,,,,0,0,111.11791200000002,22.18585,1,seat,,CHGIS V6,,,,
588,chgis_map_layer,prefecture_seat,同時期CHGIS,prefecture,,34247,,,,,,,高興郡,高興郡,0,,,,0,0,110.62531299999999,21.654027999999997,1,seat,,CHGIS V6,,,,
588,chgis_map_layer,prefecture_seat,同時期CHGIS,prefecture,,34248,,,,,,,永寧郡,永寧郡,0,,,,0,0,111.577881,21.835007000000004,1,seat,,CHGIS V6,,,,
588,chgis_map_layer,prefecture_seat,同時期CHGIS,prefecture,,34249,,,,,,,齊安郡,齊安郡,0,,,,0,0,112.35194900000008,22.23813699999991,1,seat,,CHGIS V6,,,,
588,chgis_map_layer,prefecture_seat,同時期CHGIS,prefecture,,34250,,,,,,,杜陵郡,杜陵郡,0,,,,0,0,111.62740300000002,21.750427,1,seat,,CHGIS V6,,,,
588,chgis_map_layer,prefecture_seat,同時期CHGIS,prefecture,,34251,,,,,,,連江郡,連江郡,0,,,,0,0,111.34163700000002,21.493204,1,seat,,CHGIS V6,,,,
588,chgis_map_layer,prefecture_seat,同時期CHGIS,prefecture,,34252,,,,,,,南巴郡,南巴郡,0,,,,0,0,111.13141600000002,21.628096,1,seat,,CHGIS V6,,,,
588,chgis_map_layer,prefecture_seat,同時期CHGIS,prefecture,,34253,,,,,,,電白郡,電白郡,0,,,,0,0,111.00349900000002,22.016524000000004,1,seat,,CHGIS V6,,,,
588,chgis_map_layer,prefecture_seat,同時期CHGIS,prefecture,,34254,,,,,,,陽春郡,陽春郡,0,,,,0,0,111.776614,22.17913499999999,1,seat,,CHGIS V6,,,,
588,chgis_map_layer,prefecture_seat,同時期CHGIS,prefecture,,34255,,,,,,,石龍郡,石龍郡,0,,,,0,0,110.634694,21.667129,1,seat,,CHGIS V6,,,,
588,chgis_map_layer,prefecture_seat,同時期CHGIS,prefecture,,34258,,,,,,,宋壽郡,宋壽郡,0,,,,0,0,108.71877499999798,22.072722999997865,1,seat,,CHGIS V6,,,,
588,chgis_map_layer,prefecture_seat,同時期CHGIS,prefecture,,34259,,,,,,,安京郡,安京郡,0,,,,0,0,108.45258299999547,22.136643999995794,1,seat,,CHGIS V6,,,,
588,chgis_map_layer,prefecture_seat,同時期CHGIS,prefecture,,34263,,,,,,,龍蘇郡,龍蘇郡,0,,,,0,0,109.55055199999987,22.422095999999858,1,seat,,CHGIS V6,,,,
588,chgis_map_layer,prefecture_seat,同時期CHGIS,prefecture,,34267,,,,,,,齊康郡,齊康郡,0,,,,0,0,110.15652600000001,20.261125999999997,1,seat,,CHGIS V6,,,,
588,chgis_map_layer,prefecture_seat,同時期CHGIS,prefecture,,34268,,,,,,,宋廣郡,宋廣郡,0,,,,0,0,108.94867699999888,22.286605999998862,1,seat,,CHGIS V6,,,,
588,chgis_map_layer,prefecture_seat,同時期CHGIS,prefecture,,34269,,,,,,,寧海郡,寧海郡,0,,,,0,0,108.05276399999096,21.54997699999025,1,seat,,CHGIS V6,,,,
588,chgis_map_layer,prefecture_seat,同時期CHGIS,prefecture,,34274,,,,,,,珠崖郡,珠崖郡,0,,,,0,0,109.20698700000057,19.814140999999587,1,seat,,CHGIS V6,,,,
588,chgis_map_layer,prefecture_seat,同時期CHGIS,prefecture,,33535,,,,,,,淮南郡,淮南郡,0,,,,0,0,118.45684000376676,31.426514993843192,1,seat,,CHGIS V6,,,,
588,chgis_map_layer,prefecture_seat,同時期CHGIS,prefecture,,32332,,,,,,,陳留郡,陳留郡,0,,,,0,0,119.4201890002684,30.894685988127122,1,seat,,CHGIS V6,,,,
588,chgis_map_layer,prefecture_seat,同時期CHGIS,prefecture,,35068,,,,,,,安成郡,安成郡,0,,,,0,0,109.0633799999987,23.242642999999124,1,seat,,CHGIS V6,,,,
588,chgis_map_layer,prefecture_seat,同時期CHGIS,prefecture,,35066,,,,,,,領方郡,領方郡,0,,,,0,0,108.8396369999975,23.181713999998305,1,seat,,CHGIS V6,,,,
588,chgis_map_layer,prefecture_seat,同時期CHGIS,prefecture,,35105,,,,,,,寧海郡,寧海郡,0,,,,0,0,107.96950499998894,21.545766999988437,1,seat,,CHGIS V6,,,,
588,chgis_map_layer,prefecture_seat,同時期CHGIS,prefecture,,35064,,,,,,,郁林郡,郁林郡,0,,,,0,0,109.64443199999987,22.920840999999903,1,seat,,CHGIS V6,,,,
588,chgis_map_layer,prefecture_seat,同時期CHGIS,prefecture,,35065,,,,,,,郁林郡,郁林郡,0,,,,0,0,109.64443199999987,22.920840999999903,1,seat,,CHGIS V6,,,,
588,chgis_map_layer,prefecture_seat,同時期CHGIS,prefecture,,35077,,,,,,,始安郡,始安郡,0,,,,0,0,110.286262,25.28006,1,seat,,CHGIS V6,,,,
588,chgis_map_layer,prefecture_seat,同時期CHGIS,prefecture,,35067,,,,,,,桂平郡,桂平郡,0,,,,0,0,110.02782599999999,23.37969199999999,1,seat,,CHGIS V6,,,,
588,chgis_map_layer,prefecture_seat,同時期CHGIS,prefecture,,35109,,,,,,,百梁郡,百梁郡,0,,,,0,0,109.19003999999977,21.670144999999497,1,seat,,CHGIS V6,,,,
588,chgis_map_layer,prefecture_seat,同時期CHGIS,prefecture,,35111,,,,,,,安昌郡,安昌郡,0,,,,0,0,109.23375699999978,21.77269399999956,1,seat,,CHGIS V6,,,,
588,chgis_map_layer,prefecture_seat,同時期CHGIS,prefecture,,35113,,,,,,,鹽田郡,鹽田郡,0,,,,0,0,109.46730299999999,21.58036799999982,1,seat,,CHGIS V6,,,,
588,chgis_map_layer,prefecture_seat,同時期CHGIS,prefecture,,35081,,,,,,,綏越郡,綏越郡,0,,,,0,0,111.35530799999998,24.023087000000004,1,seat,,CHGIS V6,,,,
588,chgis_map_layer,prefecture_seat,同時期CHGIS,prefecture,,35080,,,,,,,臨賀 樂梁二郡,臨賀 樂梁二郡,0,,,,0,0,111.65885200000002,24.336819,1,seat,,CHGIS V6,,,,
588,chgis_map_layer,prefecture_seat,同時期CHGIS,prefecture,,35060,,,,,,,樂陽郡,樂陽郡,0,,,,0,0,109.41908799999973,22.73931399999976,1,seat,,CHGIS V6,,,,
588,chgis_map_layer,prefecture_seat,同時期CHGIS,prefecture,,35061,,,,,,,嶺山郡,嶺山郡,0,,,,0,0,108.98439799999878,22.62106299999894,1,seat,,CHGIS V6,,,,
588,chgis_map_layer,prefecture_seat,同時期CHGIS,prefecture,,35059,,,,,,,簡陽郡,簡陽郡,0,,,,0,0,109.05605299999904,22.645446999999148,1,seat,,CHGIS V6,,,,
588,chgis_map_layer,prefecture_seat,同時期CHGIS,prefecture,,35058,,,,,,,寧浦郡,寧浦郡,0,,,,0,0,109.25939899999949,22.67919499999956,1,seat,,CHGIS V6,,,,
588,chgis_map_layer,prefecture_seat,同時期CHGIS,prefecture,,35074,,,,,,,馬平郡,馬平郡,0,,,,0,0,109.4043959999994,24.309987999999702,1,seat,,CHGIS V6,,,,
588,chgis_map_layer,prefecture_seat,同時期CHGIS,prefecture,,35076,,,,,,,象郡,象郡,0,,,,0,0,109.60187499999974,24.26021399999987,1,seat,,CHGIS V6,,,,
588,chgis_map_layer,prefecture_seat,同時期CHGIS,prefecture,,35108,,,,,,,合浦郡,合浦郡,0,,,,0,0,109.47006999999994,21.91325799999981,1,seat,,CHGIS V6,,,,
588,chgis_map_layer,prefecture_seat,同時期CHGIS,prefecture,,35112,,,,,,,封山郡,封山郡,0,,,,0,0,109.33741799999973,22.22733699999968,1,seat,,CHGIS V6,,,,
588,chgis_map_layer,prefecture_seat,同時期CHGIS,prefecture,,35102,,,,,,,宋壽郡,宋壽郡,0,,,,0,0,108.71877499999798,22.072722999997865,1,seat,,CHGIS V6,,,,
588,chgis_map_layer,prefecture_seat,同時期CHGIS,prefecture,,35098,,,,,,,陰石郡,陰石郡,0,,,,0,0,110.55103299999999,22.863588,1,seat,,CHGIS V6,,,,
588,chgis_map_layer,prefecture_seat,同時期CHGIS,prefecture,,35072,,,,,,,齊熙郡,齊熙郡,0,,,,0,0,109.24854299999875,25.06544299999943,1,seat,,CHGIS V6,,,,
588,chgis_map_layer,prefecture_seat,同時期CHGIS,prefecture,,35090,,,,,,,建陵郡,建陵郡,0,,,,0,0,110.73590900000002,23.475642999999998,1,seat,,CHGIS V6,,,,
588,chgis_map_layer,prefecture_seat,同時期CHGIS,prefecture,,35089,,,,,,,永平郡,永平郡,0,,,,0,0,110.913522,23.378511,1,seat,,CHGIS V6,,,,
588,chgis_map_layer,prefecture_seat,同時期CHGIS,prefecture,,35087,,,,,,,蒼梧郡,蒼梧郡,0,,,,0,0,111.30857100000001,23.486898000000004,1,seat,,CHGIS V6,,,,
588,chgis_map_layer,prefecture_seat,同時期CHGIS,prefecture,,35054,,,,,,,晉興郡,晉興郡,0,,,,0,0,108.27629099998924,23.166766999993083,1,seat,,CHGIS V6,,,,
588,chgis_map_layer,prefecture_seat,同時期CHGIS,prefecture,,35075,,,,,,,韶陽郡,韶陽郡,0,,,,0,0,109.6824569999998,23.958055999999907,1,seat,,CHGIS V6,,,,
588,chgis_map_layer,prefecture_seat,同時期CHGIS,prefecture,,35071,,,,,,,桂林郡,桂林郡,0,,,,0,0,109.71842899999983,24.14619399999992,1,seat,,CHGIS V6,,,,
588,chgis_map_layer,prefecture_seat,同時期CHGIS,prefecture,,35078,,,,,,,梁化郡,梁化郡,0,,,,0,0,109.77741299999985,24.91650799999994,1,seat,,CHGIS V6,,,,
588,chgis_map_layer,prefecture_seat,同時期CHGIS,prefecture,,35069,,,,,,,石南郡,石南郡,0,,,,0,0,109.96424099999999,22.910993999999977,1,seat,,CHGIS V6,,,,
588,chgis_map_layer,prefecture_seat,同時期CHGIS,prefecture,,35095,,,,,,,定川郡,定川郡,0,,,,0,0,110.06289099999996,22.55125199999999,1,seat,,CHGIS V6,,,,
588,chgis_map_layer,prefecture_seat,同時期CHGIS,prefecture,,35082,,,,,,,梁壽 靜慰二郡,梁壽 靜慰二郡,0,,,,0,0,110.80361200000002,24.169123000000003,1,seat,,CHGIS V6,,,,
588,chgis_map_layer,prefecture_seat,同時期CHGIS,prefecture,,35083,,,,,,,開江郡,開江郡,0,,,,0,0,111.043701,23.889219,1,seat,,CHGIS V6,,,,
588,chgis_map_layer,prefecture_seat,同時期CHGIS,prefecture,,35085,,,,,,,武城 逍遙二郡,武城 逍遙二郡,0,,,,0,0,110.98642000000001,23.801371,1,seat,,CHGIS V6,,,,
588,chgis_map_layer,county_seat,同時期CHGIS,county,,95021,,,,,,,雲內縣,雲內縣,0,,,,0,0,113.15129200000753,40.0970009999932,1,seat,,CHGIS V6,,,,
588,chgis_map_layer,county_seat,同時期CHGIS,county,,95051,,,,,,,靈丘縣,靈丘縣,0,,,,0,0,114.26724600007023,39.42899399991983,1,seat,,CHGIS V6,,,,
588,chgis_map_layer,county_seat,同時期CHGIS,county,,95097,,,,,,,廣武縣,廣武縣,0,,,,0,0,112.9490430000046,39.06039099999645,1,seat,,CHGIS V6,,,,
588,chgis_map_layer,county_seat,同時期CHGIS,county,,95118,,,,,,,石城縣,石城縣,0,,,,0,0,112.75151800000265,38.88331999999816,1,seat,,CHGIS V6,,,,
588,chgis_map_layer,county_seat,同時期CHGIS,county,,95127,,,,,,,銅川縣,銅川縣,0,,,,0,0,112.98141500000507,38.71076199999617,1,seat,,CHGIS V6,,,,
588,chgis_map_layer,county_seat,同時期CHGIS,county,,95130,,,,,,,驢夷縣,驢夷縣,0,,,,0,0,113.25920900001019,38.71917699999158,1,seat,,CHGIS V6,,,,
588,chgis_map_layer,county_seat,同時期CHGIS,county,,95140,,,,,,,隰城縣,隰城縣,0,,,,0,0,111.77903000000006,37.26340499999999,1,seat,,CHGIS V6,,,,
588,chgis_map_layer,county_seat,同時期CHGIS,county,,95147,,,,,,,平昌縣,平昌縣,0,,,,0,0,111.91216300000009,37.02647399999997,1,seat,,CHGIS V6,,,,
588,chgis_map_layer,county_seat,同時期CHGIS,county,,95155,,,,,,,太和縣,太和縣,0,,,,0,0,111.052345,38.147018,1,seat,,CHGIS V6,,,,
588,chgis_map_layer,county_seat,同時期CHGIS,county,,95162,,,,,,,盧山縣,盧山縣,0,,,,0,0,111.23600900000001,37.874416000000004,1,seat,,CHGIS V6,,,,
588,chgis_map_layer,county_seat,同時期CHGIS,county,,95163,,,,,,,寧鄉縣,寧鄉縣,0,,,,0,0,111.36506099999998,37.31951300000001,1,seat,,CHGIS V6,,,,
588,chgis_map_layer,county_seat,同時期CHGIS,county,,95164,,,,,,,平夷縣,平夷縣,0,,,,0,0,111.18812499999999,37.339596,1,seat,,CHGIS V6,,,,
588,chgis_map_layer,county_seat,同時期CHGIS,county,,95174,,,,,,,平遙縣,平遙縣,0,,,,0,0,112.17759700000035,37.20725999999985,1,seat,,CHGIS V6,,,,
588,chgis_map_layer,county_seat,同時期CHGIS,county,,95177,,,,,,,新城縣,新城縣,0,,,,0,0,111.14715199999999,36.945014,1,seat,,CHGIS V6,,,,
588,chgis_map_layer,county_seat,同時期CHGIS,county,,95180,,,,,,,吐京縣,吐京縣,0,,,,0,0,110.82666799999997,36.995705,1,seat,,CHGIS V6,,,,
588,chgis_map_layer,county_seat,同時期CHGIS,county,,95185,,,,,,,永安縣,永安縣,0,,,,0,0,111.78276800000008,37.143233999999985,1,seat,,CHGIS V6,,,,
588,chgis_map_layer,county_seat,同時期CHGIS,county,,95195,,,,,,,離石縣,離石縣,0,,,,0,0,111.13517799999998,37.510105,1,seat,,CHGIS V6,,,,
588,chgis_map_layer,county_seat,同時期CHGIS,county,,95197,,,,,,,定胡縣,定胡縣,0,,,,0,0,110.80104000000001,37.55155200000001,1,seat,,CHGIS V6,,,,
588,chgis_map_layer,county_seat,同時期CHGIS,county,,95204,,,,,,,修化縣,修化縣,0,,,,0,0,111.23600900000001,37.874416000000004,1,seat,,CHGIS V6,,,,
588,chgis_map_layer,county_seat,同時期CHGIS,county,,95210,,,,,,,良泉縣,良泉縣,0,,,,0,0,111.32222,37.98961299999999,1,seat,,CHGIS V6,,,,
588,chgis_map_layer,county_seat,同時期CHGIS,county,,95219,,,,,,,永安縣,永安縣,0,,,,0,0,111.72808100000002,36.56382399999998,1,seat,,CHGIS V6,,,,
588,chgis_map_layer,county_seat,同時期CHGIS,county,,95231,,,,,,,龍門县,龍門县,0,,,,0,0,110.66239200000001,35.576092,1,seat,,CHGIS V6,,,,
588,chgis_map_layer,county_seat,同時期CHGIS,county,,95236,,,,,,,高涼縣,高涼縣,0,,,,0,0,110.91313299999999,35.579788,1,seat,,CHGIS V6,,,,
588,chgis_map_layer,county_seat,同時期CHGIS,county,,95239,,,,,,,絳縣,絳縣,0,,,,0,0,111.605877,35.47181799999999,1,seat,,CHGIS V6,,,,
588,chgis_map_layer,county_seat,同時期CHGIS,county,,95242,,,,,,,聞喜縣,聞喜縣,0,,,,0,0,111.154249,35.558538,1,seat,,CHGIS V6,,,,
588,chgis_map_layer,county_seat,同時期CHGIS,county,,95243,,,,,,,臨汾縣,臨汾縣,0,,,,0,0,111.219704,35.613621,1,seat,,CHGIS V6,,,,
588,chgis_map_layer,county_seat,同時期CHGIS,county,,95258,,,,,,,亳城縣,亳城縣,0,,,,0,0,111.87706000000009,35.09660699999998,1,seat,,CHGIS V6,,,,
588,chgis_map_layer,county_seat,同時期CHGIS,county,,95262,,,,,,,清廉縣,清廉縣,0,,,,0,0,111.71830900000002,35.14143599999999,1,seat,,CHGIS V6,,,,
588,chgis_map_layer,county_seat,同時期CHGIS,county,,95265,,,,,,,蒲原縣,蒲原縣,0,,,,0,0,111.87706000000009,35.09660699999998,1,seat,,CHGIS V6,,,,
588,chgis_map_layer,county_seat,同時期CHGIS,county,,95270,,,,,,,安邑縣,安邑縣,0,,,,0,0,111.04241899999998,35.062,1,seat,,CHGIS V6,,,,
588,chgis_map_layer,county_seat,同時期CHGIS,county,,95281,,,,,,,河北縣,河北縣,0,,,,0,0,111.11332400000002,34.80220299999999,1,seat,,CHGIS V6,,,,
588,chgis_map_layer,county_seat,同時期CHGIS,county,,95284,,,,,,,芮城縣,芮城縣,0,,,,0,0,110.688294,34.69730800000001,1,seat,,CHGIS V6,,,,
588,chgis_map_layer,county_seat,同時期CHGIS,county,,95294,,,,,,,夏縣,夏縣,0,,,,0,0,111.22005499999999,35.137451,1,seat,,CHGIS V6,,,,
588,chgis_map_layer,county_seat,同時期CHGIS,county,,95299,,,,,,,梁榆縣,梁榆縣,0,,,,0,0,113.55689000002046,37.33749699998383,1,seat,,CHGIS V6,,,,
588,chgis_map_layer,county_seat,同時期CHGIS,county,,95326,,,,,,,壺關縣,壺關縣,0,,,,0,0,113.16126100000841,36.121484999994586,1,seat,,CHGIS V6,,,,
588,chgis_map_layer,county_seat,同時期CHGIS,county,,95329,,,,,,,刈陵縣,刈陵縣,0,,,,0,0,113.36049700001348,36.52756899999053,1,seat,,CHGIS V6,,,,
588,chgis_map_layer,county_seat,同時期CHGIS,county,,95346,,,,,,,寄氏縣,寄氏縣,0,,,,0,0,112.69800000000231,36.2391559999987,1,seat,,CHGIS V6,,,,
588,chgis_map_layer,county_seat,同時期CHGIS,county,,95351,,,,,,,襄垣縣,襄垣縣,0,,,,0,0,113.0481340000063,36.53822299999595,1,seat,,CHGIS V6,,,,
588,chgis_map_layer,county_seat,同時期CHGIS,county,,95371,,,,,,,石艾縣,石艾縣,0,,,,0,0,113.62226900002318,37.80203599998059,1,seat,,CHGIS V6,,,,
588,chgis_map_layer,county_seat,同時期CHGIS,county,,95376,,,,,,,樂平縣,樂平縣,0,,,,0,0,113.57386000002107,37.59564999998288,1,seat,,CHGIS V6,,,,
588,chgis_map_layer,county_seat,同時期CHGIS,county,,95381,,,,,,,新城縣,新城縣,0,,,,0,0,111.35383600000002,36.72106899999999,1,seat,,CHGIS V6,,,,
588,chgis_map_layer,county_seat,同時期CHGIS,county,,95383,,,,,,,汾西縣,汾西縣,0,,,,0,0,111.58963,36.471546,1,seat,,CHGIS V6,,,,
588,chgis_map_layer,county_seat,同時期CHGIS,county,,95392,,,,,,,楊縣,楊縣,0,,,,0,0,111.71672100000004,36.22076799999999,1,seat,,CHGIS V6,,,,
588,chgis_map_layer,county_seat,同時期CHGIS,county,,95402,,,,,,,定陽縣,定陽縣,0,,,,0,0,110.67517100000002,36.095631000000004,1,seat,,CHGIS V6,,,,
588,chgis_map_layer,county_seat,同時期CHGIS,county,,95406,,,,,,,仵城縣,仵城縣,0,,,,0,0,110.76354400000001,36.240927,1,seat,,CHGIS V6,,,,
588,chgis_map_layer,county_seat,同時期CHGIS,county,,95412,,,,,,,西河縣,西河縣,0,,,,0,0,111.54445400000002,36.097346,1,seat,,CHGIS V6,,,,
588,chgis_map_layer,county_seat,同時期CHGIS,county,,95421,,,,,,,臨汾縣,臨汾縣,0,,,,0,0,111.51543400000003,36.078037,1,seat,,CHGIS V6,,,,
588,chgis_map_layer,county_seat,同時期CHGIS,county,,95430,,,,,,,太平縣,太平縣,0,,,,0,0,111.37010899999999,35.896526,1,seat,,CHGIS V6,,,,
588,chgis_map_layer,county_seat,同時期CHGIS,county,,95432,,,,,,,禽昌縣,禽昌縣,0,,,,0,0,111.577577,36.001038,1,seat,,CHGIS V6,,,,
588,chgis_map_layer,county_seat,同時期CHGIS,county,,95436,,,,,,,昌寧縣,昌寧縣,0,,,,0,0,110.79119499999999,35.98188199999999,1,seat,,CHGIS V6,,,,
588,chgis_map_layer,county_seat,同時期CHGIS,county,,95448,,,,,,,北絳縣,北絳縣,0,,,,0,0,111.79914400000006,35.67345999999998,1,seat,,CHGIS V6,,,,
588,chgis_map_layer,county_seat,同時期CHGIS,county,,95455,,,,,,,小鄉縣,小鄉縣,0,,,,0,0,111.61901900000001,35.65490799999999,1,seat,,CHGIS V6,,,,
588,chgis_map_layer,county_seat,同時期CHGIS,county,,95457,,,,,,,安澤縣,安澤縣,0,,,,0,0,111.91692300000008,36.28290199999997,1,seat,,CHGIS V6,,,,
588,chgis_map_layer,county_seat,同時期CHGIS,county,,95460,,,,,,,義寧縣,義寧縣,0,,,,0,0,112.23752600000046,36.2694509999998,1,seat,,CHGIS V6,,,,
588,chgis_map_layer,county_seat,同時期CHGIS,county,,95464,,,,,,,冀氏縣,冀氏縣,0,,,,0,0,112.29588300000057,36.033542999999746,1,seat,,CHGIS V6,,,,
588,chgis_map_layer,county_seat,同時期CHGIS,county,,95472,,,,,,,汾陰縣,汾陰縣,0,,,,0,0,110.48323500000001,35.312033,1,seat,,CHGIS V6,,,,
588,chgis_map_layer,county_seat,同時期CHGIS,county,,95480,,,,,,,猗氏縣,猗氏縣,0,,,,0,0,110.779715,35.053845,1,seat,,CHGIS V6,,,,
588,chgis_map_layer,county_seat,同時期CHGIS,county,,95486,,,,,,,虞鄉縣,虞鄉縣,0,,,,0,0,110.507553,34.952747,1,seat,,CHGIS V6,,,,
588,chgis_map_layer,county_seat,同時期CHGIS,county,,95495,,,,,,,蒲阪縣,蒲阪縣,0,,,,0,0,110.33230599999997,34.835129,1,seat,,CHGIS V6,,,,
588,chgis_map_layer,county_seat,同時期CHGIS,county,,95499,,,,,,,陽城縣,陽城縣,0,,,,0,0,112.68077900000218,36.92212699999873,1,seat,,CHGIS V6,,,,
588,chgis_map_layer,county_seat,同時期CHGIS,county,,95503,,,,,,,銅鞮縣,銅鞮縣,0,,,,0,0,112.69598400000228,36.5917509999987,1,seat,,CHGIS V6,,,,
588,chgis_map_layer,county_seat,同時期CHGIS,county,,95510,,,,,,,沁源縣,沁源縣,0,,,,0,0,112.32955900000064,36.4971159999997,1,seat,,CHGIS V6,,,,
588,chgis_map_layer,county_seat,同時期CHGIS,county,,95516,,,,,,,鄉縣,鄉縣,0,,,,0,0,112.91626700000441,36.82681699999723,1,seat,,CHGIS V6,,,,
588,chgis_map_layer,county_seat,同時期CHGIS,county,,95527,,,,,,,招遠縣,招遠縣,0,,,,0,0,112.4215240000009,39.30806699999945,1,seat,,CHGIS V6,,,,
588,chgis_map_layer,county_seat,同時期CHGIS,county,,95530,,,,,,,長寧縣,長寧縣,0,,,,0,0,112.19473300000037,39.0933949999998,1,seat,,CHGIS V6,,,,
588,chgis_map_layer,county_seat,同時期CHGIS,county,,95546,,,,,,,神武縣,神武縣,0,,,,0,0,112.76783700000277,39.211089999998,1,seat,,CHGIS V6,,,,
588,chgis_map_layer,county_seat,同時期CHGIS,county,,95579,,,,,,,秀容縣,秀容縣,0,,,,0,0,111.669304,38.26440000000001,1,seat,,CHGIS V6,,,,
588,chgis_map_layer,county_seat,同時期CHGIS,county,,95593,,,,,,,陽邑縣,陽邑縣,0,,,,0,0,112.55276500000143,37.425506999999186,1,seat,,CHGIS V6,,,,
588,chgis_map_layer,county_seat,同時期CHGIS,county,,95605,,,,,,,受陽縣,受陽縣,0,,,,0,0,112.07153300000023,37.42898599999992,1,seat,,CHGIS V6,,,,
588,chgis_map_layer,county_seat,同時期CHGIS,county,,95631,,,,,,,陽直縣,陽直縣,0,,,,0,0,112.73510700000257,38.06100799999834,1,seat,,CHGIS V6,,,,
588,chgis_map_layer,county_seat,同時期CHGIS,county,,95648,,,,,,,中都縣,中都縣,0,,,,0,0,112.74468200000263,37.67846699999833,1,seat,,CHGIS V6,,,,
588,chgis_map_layer,county_seat,同時期CHGIS,county,,95653,,,,,,,蒲子縣,蒲子縣,0,,,,0,0,111.051521,36.531527999999994,1,seat,,CHGIS V6,,,,
588,chgis_map_layer,county_seat,同時期CHGIS,county,,95664,,,,,,,長壽縣,長壽縣,0,,,,0,0,111.026703,36.830696,1,seat,,CHGIS V6,,,,
588,chgis_map_layer,county_seat,同時期CHGIS,county,,95680,,,,,,,平寇縣,平寇縣,0,,,,0,0,112.9437710000046,38.49269099999663,1,seat,,CHGIS V6,,,,
588,chgis_map_layer,county_seat,同時期CHGIS,county,,95685,,,,,,,岢嵐縣,岢嵐縣,0,,,,0,0,111.94010900000012,38.35765799999996,1,seat,,CHGIS V6,,,,
588,chgis_map_layer,county_seat,同時期CHGIS,county,,95700,,,,,,,高都縣,高都縣,0,,,,0,0,112.95327000000489,35.59227399999717,1,seat,,CHGIS V6,,,,
588,chgis_map_layer,county_seat,同時期CHGIS,county,,95712,,,,,,,高平縣,高平縣,0,,,,0,0,112.91958600000447,35.7920569999974,1,seat,,CHGIS V6,,,,
588,chgis_map_layer,county_seat,同時期CHGIS,county,,95718,,,,,,,端氏縣,端氏縣,0,,,,0,0,112.51991300000132,35.67518199999937,1,seat,,CHGIS V6,,,,
588,chgis_map_layer,county_seat,同時期CHGIS,county,,95720,,,,,,,永寧縣,永寧縣,0,,,,0,0,112.0564180000002,35.74614999999992,1,seat,,CHGIS V6,,,,
588,chgis_map_layer,county_seat,同時期CHGIS,county,,95721,,,,,,,沁水縣,沁水縣,0,,,,0,0,112.17012800000033,35.69039899999986,1,seat,,CHGIS V6,,,,
588,chgis_map_layer,county_seat,同時期CHGIS,county,,95725,,,,,,,濩澤縣,濩澤縣,0,,,,0,0,112.41799900000089,35.49059299999958,1,seat,,CHGIS V6,,,,
588,chgis_map_layer,county_seat,同時期CHGIS,county,,44928,,,,,,,高成縣,高成縣,0,,,,0,0,117.31308000056745,38.1893999962261,1,seat,,CHGIS V6,,,,
588,chgis_map_layer,county_seat,同時期CHGIS,county,,44937,,,,,,,長蘆縣,長蘆縣,0,,,,0,0,116.82185400079932,38.30759799764265,1,seat,,CHGIS V6,,,,
588,chgis_map_layer,county_seat,同時期CHGIS,county,,200012,,,,,,,文安縣,文安縣,0,,,,0,0,116.54331000066577,38.96082999816565,1,seat,,CHGIS V6,,,,
588,chgis_map_layer,county_seat,同時期CHGIS,county,,44744,,,,,,,永樂縣,永樂縣,0,,,,0,0,115.30381000028689,38.95786999959411,1,seat,,CHGIS V6,,,,
588,chgis_map_layer,county_seat,同時期CHGIS,county,,44763,,,,,,,望都縣,望都縣,0,,,,0,0,115.1334200002418,38.705269999686045,1,seat,,CHGIS V6,,,,
588,chgis_map_layer,county_seat,同時期CHGIS,county,,44779,,,,,,,義豐縣,義豐縣,0,,,,0,0,115.31682600030423,38.41166699960025,1,seat,,CHGIS V6,,,,
588,chgis_map_layer,county_seat,同時期CHGIS,county,,44790,,,,,,,逎縣,逎縣,0,,,,0,0,115.71915000041555,39.201149999286116,1,seat,,CHGIS V6,,,,
588,chgis_map_layer,county_seat,同時期CHGIS,county,,44800,,,,,,,貴鄉縣,貴鄉縣,0,,,,0,0,115.20560400030429,36.29636399970275,1,seat,,CHGIS V6,,,,
588,chgis_map_layer,county_seat,同時期CHGIS,county,,44817,,,,,,,鮮虞縣,鮮虞縣,0,,,,0,0,114.97504000020216,38.520059999754295,1,seat,,CHGIS V6,,,,
588,chgis_map_layer,county_seat,同時期CHGIS,county,,44820,,,,,,,恒陽縣,恒陽縣,0,,,,0,0,114.69605300013899,38.61977399984008,1,seat,,CHGIS V6,,,,
588,chgis_map_layer,county_seat,同時期CHGIS,county,,44823,,,,,,,深澤縣,深澤縣,0,,,,0,0,115.19209000026875,38.184899999669256,1,seat,,CHGIS V6,,,,
588,chgis_map_layer,county_seat,同時期CHGIS,county,,44827,,,,,,,邯鄲縣,邯鄲縣,0,,,,0,0,114.47742500010932,36.78289399990156,1,seat,,CHGIS V6,,,,
588,chgis_map_layer,county_seat,同時期CHGIS,county,,44831,,,,,,,洺水縣,洺水縣,0,,,,0,0,114.95921500021781,36.76767399978602,1,seat,,CHGIS V6,,,,
588,chgis_map_layer,county_seat,同時期CHGIS,county,,44832,,,,,,,曲周縣,曲周縣,0,,,,0,0,115.04548000024242,36.87361999975477,1,seat,,CHGIS V6,,,,
588,chgis_map_layer,county_seat,同時期CHGIS,county,,44848,,,,,,,清河縣,清河縣,0,,,,0,0,115.58614000044713,37.08366999947324,1,seat,,CHGIS V6,,,,
588,chgis_map_layer,county_seat,同時期CHGIS,county,,44856,,,,,,,經城縣,經城縣,0,,,,0,0,115.3238000003343,37.16455999962758,1,seat,,CHGIS V6,,,,
588,chgis_map_layer,county_seat,同時期CHGIS,county,,44900,,,,,,,平鄉縣,平鄉縣,0,,,,0,0,114.91238400020275,36.9821549997978,1,seat,,CHGIS V6,,,,
588,chgis_map_layer,county_seat,同時期CHGIS,county,,44905,,,,,,,巨鹿縣,巨鹿縣,0,,,,0,0,115.02564800023188,37.25780799975561,1,seat,,CHGIS V6,,,,
588,chgis_map_layer,county_seat,同時期CHGIS,county,,44949,,,,,,,宋子縣,宋子縣,0,,,,0,0,114.77468000016205,37.78009999982797,1,seat,,CHGIS V6,,,,
588,chgis_map_layer,county_seat,同時期CHGIS,county,,44960,,,,,,,房子縣,房子縣,0,,,,0,0,114.50006000011055,37.439829999893,1,seat,,CHGIS V6,,,,
588,chgis_map_layer,county_seat,同時期CHGIS,county,,44962,,,,,,,廮陶縣,廮陶縣,0,,,,0,0,114.91540000019732,37.62108999978802,1,seat,,CHGIS V6,,,,
588,chgis_map_layer,county_seat,同時期CHGIS,county,,44969,,,,,,,石邑縣,石邑縣,0,,,,0,0,114.44319900009897,38.020701999899266,1,seat,,CHGIS V6,,,,
588,chgis_map_layer,county_seat,同時期CHGIS,county,,44973,,,,,,,井陘縣,井陘縣,0,,,,0,0,114.05126000005168,38.187487999950655,1,seat,,CHGIS V6,,,,
588,chgis_map_layer,county_seat,同時期CHGIS,county,,44982,,,,,,,滋陽縣,滋陽縣,0,,,,0,0,114.40235000009086,38.51341999990327,1,seat,,CHGIS V6,,,,
588,chgis_map_layer,county_seat,同時期CHGIS,county,,44989,,,,,,,元氏縣,元氏縣,0,,,,0,0,114.50881000011063,37.75002999988916,1,seat,,CHGIS V6,,,,
588,chgis_map_layer,county_seat,同時期CHGIS,county,,45000,,,,,,,毋極縣,毋極縣,0,,,,0,0,114.97049000020539,38.17531599976117,1,seat,,CHGIS V6,,,,
588,chgis_map_layer,county_seat,同時期CHGIS,county,,45004,,,,,,,九門縣,九門縣,0,,,,0,0,114.73146000015014,38.106999999836034,1,seat,,CHGIS V6,,,,
588,chgis_map_layer,county_seat,同時期CHGIS,county,,82307,,,,,,,頓丘縣,頓丘縣,0,,,,0,0,115.03650000024996,35.86876999977449,1,seat,,CHGIS V6,,,,
588,chgis_map_layer,county_seat,同時期CHGIS,county,,85086,,,,,,,觀城縣,觀城縣,0,,,,0,0,115.09298500026884,35.879461999754724,1,seat,,CHGIS V6,,,,
588,chgis_map_layer,county_seat,同時期CHGIS,county,,85187,,,,,,,平恩縣,平恩縣,0,,,,0,0,115.09586200026054,36.69921499973905,1,seat,,CHGIS V6,,,,
588,chgis_map_layer,county_seat,同時期CHGIS,county,,85197,,,,,,,東陽縣,東陽縣,0,,,,0,0,116.12414000070557,37.38078999895871,1,seat,,CHGIS V6,,,,
588,chgis_map_layer,county_seat,同時期CHGIS,county,,87650,,,,,,,樂鄉縣,樂鄉縣,0,,,,0,0,115.50209000035466,38.855699999472,1,seat,,CHGIS V6,,,,
588,chgis_map_layer,county_seat,同時期CHGIS,county,,87734,,,,,,,晏城縣,晏城縣,0,,,,0,0,115.18002000026985,37.91142999968052,1,seat,,CHGIS V6,,,,
588,chgis_map_layer,county_seat,同時期CHGIS,county,,87781,,,,,,,魏縣,魏縣,0,,,,0,0,115.12156000027441,36.26757999973713,1,seat,,CHGIS V6,,,,
588,chgis_map_layer,county_seat,同時期CHGIS,county,,87839,,,,,,,洹水縣,洹水縣,0,,,,0,0,114.96709000022423,36.3201599997901,1,seat,,CHGIS V6,,,,
588,chgis_map_layer,county_seat,同時期CHGIS,county,,87840,,,,,,,繁水縣,繁水縣,0,,,,0,0,115.10580000027025,36.15931999974505,1,seat,,CHGIS V6,,,,
588,chgis_map_layer,county_seat,同時期CHGIS,county,,87929,,,,,,,成安縣,成安縣,0,,,,0,0,114.69406000015289,36.441349999861906,1,seat,,CHGIS V6,,,,
588,chgis_map_layer,county_seat,同時期CHGIS,county,,87978,,,,,,,滏陽縣,滏陽縣,0,,,,0,0,114.37451200009417,36.35855099992018,1,seat,,CHGIS V6,,,,
588,chgis_map_layer,county_seat,同時期CHGIS,county,,87979,,,,,,,臨水縣,臨水縣,0,,,,0,0,114.20747000007137,36.422279999940876,1,seat,,CHGIS V6,,,,
588,chgis_map_layer,county_seat,同時期CHGIS,county,,88003,,,,,,,河間縣,河間縣,0,,,,0,0,116.08553000060243,38.4356999989354,1,seat,,CHGIS V6,,,,
588,chgis_map_layer,county_seat,同時期CHGIS,county,,88044,,,,,,,蓨縣,蓨縣,0,,,,0,0,116.25810000074604,37.6880099987613,1,seat,,CHGIS V6,,,,
588,chgis_map_layer,county_seat,同時期CHGIS,county,,88075,,,,,,,長樂縣,長樂縣,0,,,,0,0,115.56381000042171,37.56597999947179,1,seat,,CHGIS V6,,,,
588,chgis_map_layer,county_seat,同時期CHGIS,county,,88082,,,,,,,南宮縣,南宮縣,0,,,,0,0,115.36700000034662,37.365629999599435,1,seat,,CHGIS V6,,,,
588,chgis_map_layer,county_seat,同時期CHGIS,county,,88087,,,,,,,棗強縣,棗強縣,0,,,,0,0,115.81654000054111,37.48813999927497,1,seat,,CHGIS V6,,,,
588,chgis_map_layer,county_seat,同時期CHGIS,county,,88093,,,,,,,武邑縣,武邑縣,0,,,,0,0,115.89066000055986,37.80598999918928,1,seat,,CHGIS V6,,,,
588,chgis_map_layer,county_seat,同時期CHGIS,county,,200022,,,,,,,襄國縣,襄國縣,0,,,,0,0,114.49426000011113,37.06635999989668,1,seat,,CHGIS V6,,,,
588,chgis_map_layer,county_seat,同時期CHGIS,county,,88167,,,,,,,栢仁縣,栢仁縣,0,,,,0,0,114.70132400014924,37.33861499985142,1,seat,,CHGIS V6,,,,
588,chgis_map_layer,county_seat,同時期CHGIS,county,,88340,,,,,,,平棘縣,平棘縣,0,,,,0,0,114.77218000016168,37.75292999982895,1,seat,,CHGIS V6,,,,
588,chgis_map_layer,county_seat,同時期CHGIS,county,,88352,,,,,,,高邑縣,高邑縣,0,,,,0,0,114.61153000012963,37.60474999986948,1,seat,,CHGIS V6,,,,
588,chgis_map_layer,county_seat,同時期CHGIS,county,,88410,,,,,,,真定縣,真定縣,0,,,,0,0,114.53077000011254,38.101199999882304,1,seat,,CHGIS V6,,,,
588,chgis_map_layer,county_seat,同時期CHGIS,county,,88478,,,,,,,高城縣,高城縣,0,,,,0,0,114.83412900017335,38.03044499980802,1,seat,,CHGIS V6,,,,
588,chgis_map_layer,county_seat,同時期CHGIS,county,,44890,,,,,,,饒陽縣,饒陽縣,0,,,,0,0,115.72472400046404,38.23599199932194,1,seat,,CHGIS V6,,,,
588,chgis_map_layer,county_seat,同時期CHGIS,county,,88113,,,,,,,下博縣,下博縣,0,,,,0,0,115.69095600046265,37.9418599993623,1,seat,,CHGIS V6,,,,
588,chgis_map_layer,county_seat,同時期CHGIS,county,,44797,,,,,,,元城縣,元城縣,0,,,,0,0,115.61448000049079,36.09492999948952,1,seat,,CHGIS V6,,,,
588,chgis_map_layer,county_seat,同時期CHGIS,county,,45022,,,,,,,曆城縣,曆城縣,0,,,,0,0,116.97635700121312,36.666038997525774,1,seat,,CHGIS V6,,,,
588,chgis_map_layer,county_seat,同時期CHGIS,county,,45040,,,,,,,平原縣,平原縣,0,,,,0,0,117.68445000061858,37.041859995097695,1,seat,,CHGIS V6,,,,
588,chgis_map_layer,county_seat,同時期CHGIS,county,,200028,,,,,,,亭山縣,亭山縣,0,,,,0,0,117.37567700117506,36.679614996373815,1,seat,,CHGIS V6,,,,
588,chgis_map_layer,county_seat,同時期CHGIS,county,,45060,,,,,,,逢山縣,逢山縣,0,,,,0,0,118.54162999706983,36.51024999047741,1,seat,,CHGIS V6,,,,
588,chgis_map_layer,county_seat,同時期CHGIS,county,,45066,,,,,,,武強縣,武強縣,0,,,,0,0,117.8649100003071,36.882379994332986,1,seat,,CHGIS V6,,,,
588,chgis_map_layer,county_seat,同時期CHGIS,county,,45089,,,,,,,高唐縣,高唐縣,0,,,,0,0,117.43060000104114,36.896589996130444,1,seat,,CHGIS V6,,,,
588,chgis_map_layer,county_seat,同時期CHGIS,county,,45096,,,,,,,臨邑縣,臨邑縣,0,,,,0,0,117.15695000115184,36.92729999699806,1,seat,,CHGIS V6,,,,
588,chgis_map_layer,county_seat,同時期CHGIS,county,,45099,,,,,,,盧縣,盧縣,0,,,,0,0,116.20731000083384,36.37847799892893,1,seat,,CHGIS V6,,,,
588,chgis_map_layer,county_seat,同時期CHGIS,county,,45101,,,,,,,平原縣,平原縣,0,,,,0,0,116.42786000088948,37.15673999855484,1,seat,,CHGIS V6,,,,
588,chgis_map_layer,county_seat,同時期CHGIS,county,,45110,,,,,,,平昌縣,平昌縣,0,,,,0,0,116.95788000100535,37.46347999743857,1,seat,,CHGIS V6,,,,
588,chgis_map_layer,county_seat,同時期CHGIS,county,,45129,,,,,,,山茌縣,山茌縣,0,,,,0,0,116.89212000123344,36.455349997757445,1,seat,,CHGIS V6,,,,
588,chgis_map_layer,county_seat,同時期CHGIS,county,,45134,,,,,,,廣川縣,廣川縣,0,,,,0,0,116.35113000081601,37.452599998645994,1,seat,,CHGIS V6,,,,
588,chgis_map_layer,county_seat,同時期CHGIS,county,,45166,,,,,,,貝丘縣,貝丘縣,0,,,,0,0,117.96056400021821,36.64609099395377,1,seat,,CHGIS V6,,,,
588,chgis_map_layer,county_seat,同時期CHGIS,county,,45181,,,,,,,汶陽縣,汶陽縣,0,,,,0,0,116.98052200146724,35.5975609976935,1,seat,,CHGIS V6,,,,
588,chgis_map_layer,county_seat,同時期CHGIS,county,,45193,,,,,,,鄒縣,鄒縣,0,,,,0,0,116.9672700015009,35.402759997755105,1,seat,,CHGIS V6,,,,
588,chgis_map_layer,county_seat,同時期CHGIS,county,,45203,,,,,,,蕃縣,蕃縣,0,,,,0,0,117.15503700169758,35.08401099736525,1,seat,,CHGIS V6,,,,
588,chgis_map_layer,county_seat,同時期CHGIS,county,,45213,,,,,,,昌慮縣,昌慮縣,0,,,,0,0,117.3078100018161,34.95961999698258,1,seat,,CHGIS V6,,,,
588,chgis_map_layer,county_seat,同時期CHGIS,county,,45221,,,,,,,蘭陵縣,蘭陵縣,0,,,,0,0,117.5836870019602,34.76423299617341,1,seat,,CHGIS V6,,,,
588,chgis_map_layer,county_seat,同時期CHGIS,county,,45224,,,,,,,承縣,承縣,0,,,,0,0,117.5836870019602,34.76423299617341,1,seat,,CHGIS V6,,,,
588,chgis_map_layer,county_seat,同時期CHGIS,county,,45245,,,,,,,樂平縣,樂平縣,0,,,,0,0,116.47342000107304,35.81908999861465,1,seat,,CHGIS V6,,,,
588,chgis_map_layer,county_seat,同時期CHGIS,county,,45262,,,,,,,壽張縣,壽張縣,0,,,,0,0,116.05174000076504,35.844839999138976,1,seat,,CHGIS V6,,,,
588,chgis_map_layer,county_seat,同時期CHGIS,county,,45278,,,,,,,平原縣,平原縣,0,,,,0,0,116.78884000131022,35.7633499980756,1,seat,,CHGIS V6,,,,
588,chgis_map_layer,county_seat,同時期CHGIS,county,,45303,,,,,,,東阿縣,東阿縣,0,,,,0,0,116.04670000074343,36.16053999912474,1,seat,,CHGIS V6,,,,
588,chgis_map_layer,county_seat,同時期CHGIS,county,,45311,,,,,,,聊城縣,聊城縣,0,,,,0,0,116.07823200074088,36.523646999068404,1,seat,,CHGIS V6,,,,
588,chgis_map_layer,county_seat,同時期CHGIS,county,,45326,,,,,,,博平縣,博平縣,0,,,,0,0,115.97182000066991,36.62889999917293,1,seat,,CHGIS V6,,,,
588,chgis_map_layer,county_seat,同時期CHGIS,county,,45334,,,,,,,茌平縣,茌平縣,0,,,,0,0,116.34055000090808,36.51962999874294,1,seat,,CHGIS V6,,,,
588,chgis_map_layer,county_seat,同時期CHGIS,county,,45343,,,,,,,清邑縣,清邑縣,0,,,,0,0,115.66508000051323,36.23670999944967,1,seat,,CHGIS V6,,,,
588,chgis_map_layer,county_seat,同時期CHGIS,county,,45347,,,,,,,冠氏縣,冠氏縣,0,,,,0,0,115.43501000039485,36.47209999958651,1,seat,,CHGIS V6,,,,
588,chgis_map_layer,county_seat,同時期CHGIS,county,,45350,,,,,,,館陶縣,館陶縣,0,,,,0,0,115.31587200034336,36.52609299964733,1,seat,,CHGIS V6,,,,
588,chgis_map_layer,county_seat,同時期CHGIS,county,,45352,,,,,,,祝阿縣,祝阿縣,0,,,,0,0,116.62648000102398,36.91957999823921,1,seat,,CHGIS V6,,,,
588,chgis_map_layer,county_seat,同時期CHGIS,county,,85003,,,,,,,乘氏縣,乘氏縣,0,,,,0,0,115.45041700042631,35.246512999613394,1,seat,,CHGIS V6,,,,
588,chgis_map_layer,county_seat,同時期CHGIS,county,,85014,,,,,,,冤句縣,冤句縣,0,,,,0,0,115.23864000033281,35.05328999971538,1,seat,,CHGIS V6,,,,
588,chgis_map_layer,county_seat,同時期CHGIS,county,,85026,,,,,,,單父縣,單父縣,0,,,,0,0,116.07925000084022,34.79789999917611,1,seat,,CHGIS V6,,,,
588,chgis_map_layer,county_seat,同時期CHGIS,county,,85049,,,,,,,楚丘縣,楚丘縣,0,,,,0,0,115.70169000057736,34.7045999994843,1,seat,,CHGIS V6,,,,
588,chgis_map_layer,county_seat,同時期CHGIS,county,,85051,,,,,,,黃縣,黃縣,0,,,,0,0,115.5631900004949,34.7347399995678,1,seat,,CHGIS V6,,,,
588,chgis_map_layer,county_seat,同時期CHGIS,county,,85056,,,,,,,濟陰縣,濟陰縣,0,,,,0,0,115.28286000035224,34.99094999969855,1,seat,,CHGIS V6,,,,
588,chgis_map_layer,county_seat,同時期CHGIS,county,,85058,,,,,,,定陶縣,定陶縣,0,,,,0,0,115.55242000048203,35.08946999956237,1,seat,,CHGIS V6,,,,
588,chgis_map_layer,county_seat,同時期CHGIS,county,,85066,,,,,,,鄄城縣,鄄城縣,0,,,,0,0,115.50486000044528,35.66804099957119,1,seat,,CHGIS V6,,,,
588,chgis_map_layer,county_seat,同時期CHGIS,county,,85075,,,,,,,廩丘縣,廩丘縣,0,,,,0,0,115.72617000056631,35.63646999943011,1,seat,,CHGIS V6,,,,
588,chgis_map_layer,county_seat,同時期CHGIS,county,,85079,,,,,,,臨黃縣,臨黃縣,0,,,,0,0,115.53623900045864,35.776724999549494,1,seat,,CHGIS V6,,,,
588,chgis_map_layer,county_seat,同時期CHGIS,county,,85095,,,,,,,武陽縣,武陽縣,0,,,,0,0,115.47488000042202,36.067379999576005,1,seat,,CHGIS V6,,,,
588,chgis_map_layer,county_seat,同時期CHGIS,county,,85118,,,,,,,成武縣,成武縣,0,,,,0,0,115.94444000073416,34.90912999929249,1,seat,,CHGIS V6,,,,
588,chgis_map_layer,county_seat,同時期CHGIS,county,,85122,,,,,,,萬安縣,萬安縣,0,,,,0,0,116.03914000076922,35.609689999165894,1,seat,,CHGIS V6,,,,
588,chgis_map_layer,county_seat,同時期CHGIS,county,,85156,,,,,,,任城縣,任城縣,0,,,,0,0,116.58907300121069,35.40844699847682,1,seat,,CHGIS V6,,,,
588,chgis_map_layer,county_seat,同時期CHGIS,county,,85159,,,,,,,金鄉縣,金鄉縣,0,,,,0,0,116.3045300010066,35.06815999891117,1,seat,,CHGIS V6,,,,
588,chgis_map_layer,county_seat,同時期CHGIS,county,,85162,,,,,,,臨清縣,臨清縣,0,,,,0,0,115.49031000041013,36.8586899995427,1,seat,,CHGIS V6,,,,
588,chgis_map_layer,county_seat,同時期CHGIS,county,,85166,,,,,,,清淵縣,清淵縣,0,,,,0,0,115.52473000043214,36.61898999952914,1,seat,,CHGIS V6,,,,
588,chgis_map_layer,county_seat,同時期CHGIS,county,,85171,,,,,,,武城縣,武城縣,0,,,,0,0,115.84629000057035,37.19821999926209,1,seat,,CHGIS V6,,,,
588,chgis_map_layer,county_seat,同時期CHGIS,county,,85190,,,,,,,離狐縣,離狐縣,0,,,,0,0,115.23366000032712,35.37644999971052,1,seat,,CHGIS V6,,,,
588,chgis_map_layer,county_seat,同時期CHGIS,county,,85203,,,,,,,堂邑縣,堂邑縣,0,,,,0,0,115.71284000052938,36.50973999940391,1,seat,,CHGIS V6,,,,
588,chgis_map_layer,county_seat,同時期CHGIS,county,,85207,,,,,,,貝丘縣,貝丘縣,0,,,,0,0,115.87389000060526,36.79151999925727,1,seat,,CHGIS V6,,,,
588,chgis_map_layer,county_seat,同時期CHGIS,county,,85224,,,,,,,高陽縣,高陽縣,0,,,,0,0,118.20506999884559,36.94795999246252,1,seat,,CHGIS V6,,,,
588,chgis_map_layer,county_seat,同時期CHGIS,county,,85227,,,,,,,長樂縣,長樂縣,0,,,,0,0,117.95949999981954,37.09428999377627,1,seat,,CHGIS V6,,,,
588,chgis_map_layer,county_seat,同時期CHGIS,county,,85242,,,,,,,樂安縣,樂安縣,0,,,,0,0,118.20643999864376,37.10772999237429,1,seat,,CHGIS V6,,,,
588,chgis_map_layer,county_seat,同時期CHGIS,county,,85258,,,,,,,千乘縣,千乘縣,0,,,,0,0,118.40030999739102,37.049799991145576,1,seat,,CHGIS V6,,,,
588,chgis_map_layer,county_seat,同時期CHGIS,county,,85269,,,,,,,壽光縣,壽光縣,0,,,,0,0,118.7385099942273,36.879799988689506,1,seat,,CHGIS V6,,,,
588,chgis_map_layer,county_seat,同時期CHGIS,county,,85282,,,,,,,益都縣,益都縣,0,,,,0,0,118.47826999732122,36.687919990818706,1,seat,,CHGIS V6,,,,
588,chgis_map_layer,county_seat,同時期CHGIS,county,,85307,,,,,,,般陽縣,般陽縣,0,,,,0,0,118.67729999582247,36.46171998948868,1,seat,,CHGIS V6,,,,
588,chgis_map_layer,county_seat,同時期CHGIS,county,,85309,,,,,,,都昌縣,都昌縣,0,,,,0,0,118.94624999148107,36.746989986968025,1,seat,,CHGIS V6,,,,
588,chgis_map_layer,county_seat,同時期CHGIS,county,,85312,,,,,,,昌安縣,昌安縣,0,,,,0,0,119.35333998401192,36.362009983186,1,seat,,CHGIS V6,,,,
588,chgis_map_layer,county_seat,同時期CHGIS,county,,85330,,,,,,,琅邪縣,琅邪縣,0,,,,0,0,118.93625999283952,36.29445998744839,1,seat,,CHGIS V6,,,,
588,chgis_map_layer,county_seat,同時期CHGIS,county,,85337,,,,,,,東武縣,東武縣,0,,,,0,0,119.39501198438533,35.9954069831399,1,seat,,CHGIS V6,,,,
588,chgis_map_layer,county_seat,同時期CHGIS,county,,85345,,,,,,,琅邪縣,琅邪縣,0,,,,0,0,118.93625999283952,36.29445998744839,1,seat,,CHGIS V6,,,,
588,chgis_map_layer,county_seat,同時期CHGIS,county,,85372,,,,,,,黃縣,黃縣,0,,,,0,0,120.48266990609078,37.659419963651565,1,seat,,CHGIS V6,,,,
588,chgis_map_layer,county_seat,同時期CHGIS,county,,85382,,,,,,,昌陽縣,昌陽縣,0,,,,0,0,120.77049988221934,36.921459959631534,1,seat,,CHGIS V6,,,,
588,chgis_map_layer,county_seat,同時期CHGIS,county,,85390,,,,,,,長廣縣,長廣縣,0,,,,0,0,119.94827995769548,36.78822997476054,1,seat,,CHGIS V6,,,,
588,chgis_map_layer,county_seat,同時期CHGIS,county,,85403,,,,,,,牟平縣,牟平縣,0,,,,0,0,120.85192985796219,37.6619599557997,1,seat,,CHGIS V6,,,,
588,chgis_map_layer,county_seat,同時期CHGIS,county,,85428,,,,,,,文登縣,文登縣,0,,,,0,0,122.0566895505046,37.1930599269584,1,seat,,CHGIS V6,,,,
588,chgis_map_layer,county_seat,同時期CHGIS,county,,200036,,,,,,,掖縣,掖縣,0,,,,0,0,119.93799995537277,37.17542997426697,1,seat,,CHGIS V6,,,,
588,chgis_map_layer,county_seat,同時期CHGIS,county,,85469,,,,,,,下密縣,下密縣,0,,,,0,0,119.10649998861724,36.70270998545646,1,seat,,CHGIS V6,,,,
588,chgis_map_layer,county_seat,同時期CHGIS,county,,85482,,,,,,,黔陬縣,黔陬縣,0,,,,0,0,119.70117997358048,36.15748997922609,1,seat,,CHGIS V6,,,,
588,chgis_map_layer,county_seat,同時期CHGIS,county,,85497,,,,,,,高密縣,高密縣,0,,,,0,0,119.74744997089877,36.29348997841641,1,seat,,CHGIS V6,,,,
588,chgis_map_layer,county_seat,同時期CHGIS,county,,85533,,,,,,,陽信縣,陽信縣,0,,,,0,0,117.5649070004881,37.616125995420965,1,seat,,CHGIS V6,,,,
588,chgis_map_layer,county_seat,同時期CHGIS,county,,85554,,,,,,,樂陵縣,樂陵縣,0,,,,0,0,117.27127000079824,37.74737999647042,1,seat,,CHGIS V6,,,,
588,chgis_map_layer,county_seat,同時期CHGIS,county,,85578,,,,,,,即丘縣,即丘縣,0,,,,0,0,118.2402900008032,35.08120999318335,1,seat,,CHGIS V6,,,,
588,chgis_map_layer,county_seat,同時期CHGIS,county,,85611,,,,,,,武陽縣,武陽縣,0,,,,0,0,117.62941000158808,35.5058899957963,1,seat,,CHGIS V6,,,,
588,chgis_map_layer,county_seat,同時期CHGIS,county,,85619,,,,,,,莒縣,莒縣,0,,,,0,0,118.8344199958958,35.58188998889389,1,seat,,CHGIS V6,,,,
588,chgis_map_layer,county_seat,同時期CHGIS,county,,85635,,,,,,,東安縣,東安縣,0,,,,0,0,118.62394999759539,35.79102999035285,1,seat,,CHGIS V6,,,,
588,chgis_map_layer,county_seat,同時期CHGIS,county,,85650,,,,,,,郯縣,郯縣,0,,,,0,0,118.33996900093378,34.63707299285449,1,seat,,CHGIS V6,,,,
588,chgis_map_layer,county_seat,同時期CHGIS,county,,85654,,,,,,,博平縣,博平縣,0,,,,0,0,117.19949000141733,36.10760999704348,1,seat,,CHGIS V6,,,,
588,chgis_map_layer,county_seat,同時期CHGIS,county,,85663,,,,,,,費縣,費縣,0,,,,0,0,118.18736000076575,35.289839993369114,1,seat,,CHGIS V6,,,,
588,chgis_map_layer,county_seat,同時期CHGIS,county,,85668,,,,,,,梁父縣,梁父縣,0,,,,0,0,117.24698000147355,35.95452999694027,1,seat,,CHGIS V6,,,,
588,chgis_map_layer,county_seat,同時期CHGIS,county,,85671,,,,,,,蛇丘縣,蛇丘縣,0,,,,0,0,116.92899000133413,36.072119997734,1,seat,,CHGIS V6,,,,
588,chgis_map_layer,county_seat,同時期CHGIS,county,,85674,,,,,,,新泰縣,新泰縣,0,,,,0,0,117.75588000123172,35.90965999516949,1,seat,,CHGIS V6,,,,
588,chgis_map_layer,county_seat,同時期CHGIS,county,,85678,,,,,,,嬴縣,嬴縣,0,,,,0,0,117.79966000088949,36.31232999484233,1,seat,,CHGIS V6,,,,
588,chgis_map_layer,county_seat,同時期CHGIS,county,,85686,,,,,,,須昌縣,須昌縣,0,,,,0,0,116.42073000102309,35.92290999868243,1,seat,,CHGIS V6,,,,
588,chgis_map_layer,county_seat,同時期CHGIS,county,,85699,,,,,,,岱山縣,岱山縣,0,,,,0,0,117.26770000149516,35.89765999689238,1,seat,,CHGIS V6,,,,
588,chgis_map_layer,county_seat,同時期CHGIS,county,,85702,,,,,,,肥城縣,肥城縣,0,,,,0,0,116.76548000122175,36.18496299806469,1,seat,,CHGIS V6,,,,
588,chgis_map_layer,county_seat,同時期CHGIS,county,,85706,,,,,,,安德縣,安德縣,0,,,,0,0,116.72070000100395,37.2671899980116,1,seat,,CHGIS V6,,,,
588,chgis_map_layer,county_seat,同時期CHGIS,county,,43667,,,,,,,東隨縣,東隨縣,0,,,,0,0,114.01486000005096,31.77082999997179,1,seat,,CHGIS V6,,,,
588,chgis_map_layer,county_seat,同時期CHGIS,county,,44313,,,,,,,浚儀縣,浚儀縣,0,,,,0,0,114.34618400009268,34.79006199993241,1,seat,,CHGIS V6,,,,
588,chgis_map_layer,county_seat,同時期CHGIS,county,,44322,,,,,,,開封縣,開封縣,0,,,,0,0,114.29403000008517,34.595169999939415,1,seat,,CHGIS V6,,,,
588,chgis_map_layer,county_seat,同時期CHGIS,county,,44326,,,,,,,雍丘縣,雍丘縣,0,,,,0,0,114.77569600018062,34.54926299986307,1,seat,,CHGIS V6,,,,
588,chgis_map_layer,county_seat,同時期CHGIS,county,,44336,,,,,,,外黃縣,外黃縣,0,,,,0,0,114.96721000023545,34.756289999812815,1,seat,,CHGIS V6,,,,
588,chgis_map_layer,county_seat,同時期CHGIS,county,,44345,,,,,,,圉城縣,圉城縣,0,,,,0,0,114.7044900001632,34.33804999987983,1,seat,,CHGIS V6,,,,
588,chgis_map_layer,county_seat,同時期CHGIS,county,,44355,,,,,,,鄢陵縣,鄢陵縣,0,,,,0,0,114.19534000007216,34.107429999951414,1,seat,,CHGIS V6,,,,
588,chgis_map_layer,county_seat,同時期CHGIS,county,,44359,,,,,,,內牟縣,內牟縣,0,,,,0,0,113.96046000004718,34.71933999996777,1,seat,,CHGIS V6,,,,
588,chgis_map_layer,county_seat,同時期CHGIS,county,,44379,,,,,,,濟陽縣,濟陽縣,0,,,,0,0,114.95262000022969,34.96235999981401,1,seat,,CHGIS V6,,,,
588,chgis_map_layer,county_seat,同時期CHGIS,county,,44386,,,,,,,滎陽縣,滎陽縣,0,,,,0,0,113.34740000001321,34.78310999999195,1,seat,,CHGIS V6,,,,
588,chgis_map_layer,county_seat,同時期CHGIS,county,,82015,,,,,,,汝陽縣,汝陽縣,0,,,,0,0,114.46083000011262,33.5946099999247,1,seat,,CHGIS V6,,,,
588,chgis_map_layer,county_seat,同時期CHGIS,county,,82033,,,,,,,長平縣,長平縣,0,,,,0,0,114.52445000012455,33.79305999991465,1,seat,,CHGIS V6,,,,
588,chgis_map_layer,county_seat,同時期CHGIS,county,,82041,,,,,,,和城縣,和城縣,0,,,,0,0,114.83670000019988,33.444229999861825,1,seat,,CHGIS V6,,,,
588,chgis_map_layer,county_seat,同時期CHGIS,county,,82049,,,,,,,項城縣,項城縣,0,,,,0,0,115.06371000027463,33.397489999805636,1,seat,,CHGIS V6,,,,
588,chgis_map_layer,county_seat,同時期CHGIS,county,,82055,,,,,,,太康縣,太康縣,0,,,,0,0,114.85638000020434,34.06386999985031,1,seat,,CHGIS V6,,,,
588,chgis_map_layer,county_seat,同時期CHGIS,county,,82060,,,,,,,扶溝縣,扶溝縣,0,,,,0,0,114.38760400009981,34.056594999931285,1,seat,,CHGIS V6,,,,
588,chgis_map_layer,county_seat,同時期CHGIS,county,,82072,,,,,,,睢陽縣,睢陽縣,0,,,,0,0,115.64607000054878,34.44765999952902,1,seat,,CHGIS V6,,,,
588,chgis_map_layer,county_seat,同時期CHGIS,county,,82086,,,,,,,寧陵縣,寧陵縣,0,,,,0,0,115.31537000037278,34.44597999969736,1,seat,,CHGIS V6,,,,
588,chgis_map_layer,county_seat,同時期CHGIS,county,,82093,,,,,,,谷陽縣,谷陽縣,0,,,,0,0,115.4813600004626,33.86076999963743,1,seat,,CHGIS V6,,,,
588,chgis_map_layer,county_seat,同時期CHGIS,county,,82100,,,,,,,鄲縣,鄲縣,0,,,,0,0,115.18975000032357,33.644599999761866,1,seat,,CHGIS V6,,,,
588,chgis_map_layer,county_seat,同時期CHGIS,county,,82105,,,,,,,武平縣,武平縣,0,,,,0,0,115.28152000036181,33.939419999722446,1,seat,,CHGIS V6,,,,
588,chgis_map_layer,county_seat,同時期CHGIS,county,,82111,,,,,,,下邑縣,下邑縣,0,,,,0,0,116.12141000090077,34.23798999917032,1,seat,,CHGIS V6,,,,
588,chgis_map_layer,county_seat,同時期CHGIS,county,,82188,,,,,,,鄴縣,鄴縣,0,,,,0,0,114.34571900009044,36.10132999992557,1,seat,,CHGIS V6,,,,
588,chgis_map_layer,county_seat,同時期CHGIS,county,,82191,,,,,,,靈泉縣,靈泉縣,0,,,,0,0,114.18162600006883,36.0616039999451,1,seat,,CHGIS V6,,,,
588,chgis_map_layer,county_seat,同時期CHGIS,county,,82192,,,,,,,相縣,相縣,0,,,,0,0,114.26583000007929,36.1034999999356,1,seat,,CHGIS V6,,,,
588,chgis_map_layer,county_seat,同時期CHGIS,county,,82199,,,,,,,靈芝縣,靈芝縣,0,,,,0,0,114.39254000009727,36.21645999991843,1,seat,,CHGIS V6,,,,
588,chgis_map_layer,county_seat,同時期CHGIS,county,,82203,,,,,,,臨漳縣,臨漳縣,0,,,,0,0,114.5404200001224,36.25667999989434,1,seat,,CHGIS V6,,,,
588,chgis_map_layer,county_seat,同時期CHGIS,county,,82208,,,,,,,湯陰縣,湯陰縣,0,,,,0,0,114.47862000011217,35.95401999990697,1,seat,,CHGIS V6,,,,
588,chgis_map_layer,county_seat,同時期CHGIS,county,,82217,,,,,,,林慮縣,林慮縣,0,,,,0,0,113.81457500003528,36.06261799997368,1,seat,,CHGIS V6,,,,
588,chgis_map_layer,county_seat,同時期CHGIS,county,,82225,,,,,,,淇陽縣,淇陽縣,0,,,,0,0,113.84439000003752,35.776239999972546,1,seat,,CHGIS V6,,,,
588,chgis_map_layer,county_seat,同時期CHGIS,county,,82228,,,,,,,武安縣,武安縣,0,,,,0,0,113.95383000004539,36.63714999996338,1,seat,,CHGIS V6,,,,
588,chgis_map_layer,county_seat,同時期CHGIS,county,,82245,,,,,,,內黃縣,內黃縣,0,,,,0,0,114.74588000016753,35.92183999985533,1,seat,,CHGIS V6,,,,
588,chgis_map_layer,county_seat,同時期CHGIS,county,,82256,,,,,,,汲縣,汲縣,0,,,,0,0,114.06877900005715,35.41599999995784,1,seat,,CHGIS V6,,,,
588,chgis_map_layer,county_seat,同時期CHGIS,county,,82257,,,,,,,隋興縣,隋興縣,0,,,,0,0,114.12129000006261,35.493349999953054,1,seat,,CHGIS V6,,,,
588,chgis_map_layer,county_seat,同時期CHGIS,county,,82263,,,,,,,獲嘉縣,獲嘉縣,0,,,,0,0,113.66022000002611,35.26812999998231,1,seat,,CHGIS V6,,,,
588,chgis_map_layer,county_seat,同時期CHGIS,county,,82265,,,,,,,修武縣,修武縣,0,,,,0,0,113.66022000002611,35.26812999998231,1,seat,,CHGIS V6,,,,
588,chgis_map_layer,county_seat,同時期CHGIS,county,,82270,,,,,,,朝歌縣,朝歌縣,0,,,,0,0,114.29176000008364,35.60870999993485,1,seat,,CHGIS V6,,,,
588,chgis_map_layer,county_seat,同時期CHGIS,county,,82276,,,,,,,共城縣,共城縣,0,,,,0,0,113.79414000003416,35.45867999997591,1,seat,,CHGIS V6,,,,
588,chgis_map_layer,county_seat,同時期CHGIS,county,,82284,,,,,,,酸棗縣,酸棗縣,0,,,,0,0,114.09719000006028,35.164449999956275,1,seat,,CHGIS V6,,,,
588,chgis_map_layer,county_seat,同時期CHGIS,county,,82290,,,,,,,東燕縣,東燕縣,0,,,,0,0,114.35148000009289,35.24675999992936,1,seat,,CHGIS V6,,,,
588,chgis_map_layer,county_seat,同時期CHGIS,county,,82317,,,,,,,黎陽縣,黎陽縣,0,,,,0,0,114.54432000012505,35.66838999989807,1,seat,,CHGIS V6,,,,
588,chgis_map_layer,county_seat,同時期CHGIS,county,,82320,,,,,,,白馬縣,白馬縣,0,,,,0,0,114.70915000016055,35.53509999986741,1,seat,,CHGIS V6,,,,
588,chgis_map_layer,county_seat,同時期CHGIS,county,,82333,,,,,,,城安縣,城安縣,0,,,,0,0,115.19367000031797,34.68143999974041,1,seat,,CHGIS V6,,,,
588,chgis_map_layer,county_seat,同時期CHGIS,county,,82345,,,,,,,韋城縣,韋城縣,0,,,,0,0,114.77003000017585,35.41839999985508,1,seat,,CHGIS V6,,,,
588,chgis_map_layer,county_seat,同時期CHGIS,county,,82435,,,,,,,廣武縣,廣武縣,0,,,,0,0,113.53338000002002,34.89629999998717,1,seat,,CHGIS V6,,,,
588,chgis_map_layer,county_seat,同時期CHGIS,county,,82441,,,,,,,成皋縣,成皋縣,0,,,,0,0,113.19088000000912,34.85168999999466,1,seat,,CHGIS V6,,,,
588,chgis_map_layer,county_seat,同時期CHGIS,county,,82455,,,,,,,陽翟縣,陽翟縣,0,,,,0,0,113.46706000001731,34.16248999998967,1,seat,,CHGIS V6,,,,
588,chgis_map_layer,county_seat,同時期CHGIS,county,,82456,,,,,,,康城縣,康城縣,0,,,,0,0,113.33841000001289,34.270529999992455,1,seat,,CHGIS V6,,,,
588,chgis_map_layer,county_seat,同時期CHGIS,county,,82459,,,,,,,密縣,密縣,0,,,,0,0,113.5878900000225,34.51129999998585,1,seat,,CHGIS V6,,,,
588,chgis_map_layer,county_seat,同時期CHGIS,county,,82465,,,,,,,苑陵縣,苑陵縣,0,,,,0,0,113.84439000003788,34.462399999975155,1,seat,,CHGIS V6,,,,
588,chgis_map_layer,county_seat,同時期CHGIS,county,,82473,,,,,,,黃台縣,黃台縣,0,,,,0,0,113.60159000002314,34.13976999998583,1,seat,,CHGIS V6,,,,
588,chgis_map_layer,county_seat,同時期CHGIS,county,,82480,,,,,,,修武縣,修武縣,0,,,,0,0,113.43484000001611,35.23119999998963,1,seat,,CHGIS V6,,,,
588,chgis_map_layer,county_seat,同時期CHGIS,county,,82487,,,,,,,野王縣,野王縣,0,,,,0,0,112.93699000000467,35.0892999999974,1,seat,,CHGIS V6,,,,
588,chgis_map_layer,county_seat,同時期CHGIS,county,,82489,,,,,,,州縣,州縣,0,,,,0,0,113.14046000000803,35.030949999995286,1,seat,,CHGIS V6,,,,
588,chgis_map_layer,county_seat,同時期CHGIS,county,,82494,,,,,,,軹縣,軹縣,0,,,,0,0,112.58481000000164,35.04503999999922,1,seat,,CHGIS V6,,,,
588,chgis_map_layer,county_seat,同時期CHGIS,county,,82498,,,,,,,王屋縣,王屋縣,0,,,,0,0,112.2526800000005,35.1385799999998,1,seat,,CHGIS V6,,,,
588,chgis_map_layer,county_seat,同時期CHGIS,county,,82506,,,,,,,懷縣,懷縣,0,,,,0,0,113.32951000001265,35.090439999992135,1,seat,,CHGIS V6,,,,
588,chgis_map_layer,county_seat,同時期CHGIS,county,,82514,,,,,,,河陽縣,河陽縣,0,,,,0,0,112.78572000000304,34.84086999999843,1,seat,,CHGIS V6,,,,
588,chgis_map_layer,county_seat,同時期CHGIS,county,,82522,,,,,,,溫縣,溫縣,0,,,,0,0,113.0754600000068,34.938119999996104,1,seat,,CHGIS V6,,,,
588,chgis_map_layer,county_seat,同時期CHGIS,county,,82527,,,,,,,陽武縣,陽武縣,0,,,,0,0,114.09830000006048,34.98308999995677,1,seat,,CHGIS V6,,,,
588,chgis_map_layer,county_seat,同時期CHGIS,county,,82555,,,,,,,定城縣,定城縣,0,,,,0,0,115.04458000026868,32.13029999982977,1,seat,,CHGIS V6,,,,
588,chgis_map_layer,county_seat,同時期CHGIS,county,,82564,,,,,,,樂安縣,樂安縣,0,,,,0,0,114.65347000015164,32.07838999990803,1,seat,,CHGIS V6,,,,
588,chgis_map_layer,county_seat,同時期CHGIS,county,,82583,,,,,,,固始縣,固始縣,0,,,,0,0,115.67110000059434,32.18353999959388,1,seat,,CHGIS V6,,,,
588,chgis_map_layer,county_seat,同時期CHGIS,county,,82589,,,,,,,新息縣,新息縣,0,,,,0,0,114.72909000017056,32.342429999893646,1,seat,,CHGIS V6,,,,
588,chgis_map_layer,county_seat,同時期CHGIS,county,,82591,,,,,,,長陵縣,長陵縣,0,,,,0,0,115.09973000028991,32.377449999811475,1,seat,,CHGIS V6,,,,
588,chgis_map_layer,county_seat,同時期CHGIS,county,,82595,,,,,,,苞信縣,苞信縣,0,,,,0,0,114.98543000024769,32.555969999838545,1,seat,,CHGIS V6,,,,
588,chgis_map_layer,county_seat,同時期CHGIS,county,,82601,,,,,,,殷城縣,殷城縣,0,,,,0,0,115.40706000043289,31.803519999722567,1,seat,,CHGIS V6,,,,
588,chgis_map_layer,county_seat,同時期CHGIS,county,,82615,,,,,,,南陽縣,南陽縣,0,,,,0,0,112.53547000000134,33.00167999999946,1,seat,,CHGIS V6,,,,
588,chgis_map_layer,county_seat,同時期CHGIS,county,,82626,,,,,,,武川縣,武川縣,0,,,,0,0,112.71275000000239,33.44531999999891,1,seat,,CHGIS V6,,,,
588,chgis_map_layer,county_seat,同時期CHGIS,county,,82637,,,,,,,向城縣,向城縣,0,,,,0,0,112.63516000000186,33.25561999999919,1,seat,,CHGIS V6,,,,
588,chgis_map_layer,county_seat,同時期CHGIS,county,,82640,,,,,,,上馬縣,上馬縣,0,,,,0,0,112.83252000000337,32.697709999998466,1,seat,,CHGIS V6,,,,
588,chgis_map_layer,county_seat,同時期CHGIS,county,,82645,,,,,,,湖陽縣,湖陽縣,0,,,,0,0,112.74500000000256,32.40852999999889,1,seat,,CHGIS V6,,,,
588,chgis_map_layer,county_seat,同時期CHGIS,county,,82648,,,,,,,昭越縣,昭越縣,0,,,,0,0,113.55081000002042,32.765409999988755,1,seat,,CHGIS V6,,,,
588,chgis_map_layer,county_seat,同時期CHGIS,county,,82652,,,,,,,饒良縣,饒良縣,0,,,,0,0,113.31919000001207,32.72316999999368,1,seat,,CHGIS V6,,,,
588,chgis_map_layer,county_seat,同時期CHGIS,county,,82659,,,,,,,顯岡縣,顯岡縣,0,,,,0,0,113.19347000000893,32.95992999999538,1,seat,,CHGIS V6,,,,
588,chgis_map_layer,county_seat,同時期CHGIS,county,,82661,,,,,,,臨舞縣,臨舞縣,0,,,,0,0,113.17642000000858,32.9518199999956,1,seat,,CHGIS V6,,,,
588,chgis_map_layer,county_seat,同時期CHGIS,county,,82664,,,,,,,江夏縣,江夏縣,0,,,,0,0,113.4700000000172,32.976139999990565,1,seat,,CHGIS V6,,,,
588,chgis_map_layer,county_seat,同時期CHGIS,county,,82667,,,,,,,義鄉縣,義鄉縣,0,,,,0,0,113.63535000002432,32.421129999986704,1,seat,,CHGIS V6,,,,
588,chgis_map_layer,county_seat,同時期CHGIS,county,,82678,,,,,,,義陽縣,義陽縣,0,,,,0,0,114.07165500005702,32.12803299996746,1,seat,,CHGIS V6,,,,
588,chgis_map_layer,county_seat,同時期CHGIS,county,,82684,,,,,,,平氏縣,平氏縣,0,,,,0,0,113.07872000000661,32.53160999999678,1,seat,,CHGIS V6,,,,
588,chgis_map_layer,county_seat,同時期CHGIS,county,,82693,,,,,,,課陽縣,課陽縣,0,,,,0,0,112.2826200000005,32.849869999999825,1,seat,,CHGIS V6,,,,
588,chgis_map_layer,county_seat,同時期CHGIS,county,,82696,,,,,,,穰縣,穰縣,0,,,,0,0,112.08096000000022,32.684829999999934,1,seat,,CHGIS V6,,,,
588,chgis_map_layer,county_seat,同時期CHGIS,county,,82708,,,,,,,冠軍縣,冠軍縣,0,,,,0,0,111.92220000000009,32.80204999999997,1,seat,,CHGIS V6,,,,
588,chgis_map_layer,county_seat,同時期CHGIS,county,,82709,,,,,,,新成侯國,新成侯國,0,,,,0,0,111.89103000000007,32.93040999999999,1,seat,,CHGIS V6,,,,
588,chgis_map_layer,county_seat,同時期CHGIS,county,,82712,,,,,,,新城縣,新城縣,0,,,,0,0,111.89103000000007,32.93040999999999,1,seat,,CHGIS V6,,,,
588,chgis_map_layer,county_seat,同時期CHGIS,county,,82752,,,,,,,新野縣,新野縣,0,,,,0,0,112.3584300000007,32.52486999999975,1,seat,,CHGIS V6,,,,
588,chgis_map_layer,county_seat,同時期CHGIS,county,,82766,,,,,,,內鄉縣,內鄉縣,0,,,,0,0,111.47452,33.30071000000001,1,seat,,CHGIS V6,,,,
588,chgis_map_layer,county_seat,同時期CHGIS,county,,82775,,,,,,,菊潭縣,菊潭縣,0,,,,0,0,111.79439000000005,33.12247999999999,1,seat,,CHGIS V6,,,,
588,chgis_map_layer,county_seat,同時期CHGIS,county,,82777,,,,,,,方城縣,方城縣,0,,,,0,0,112.99251000000532,33.26007999999734,1,seat,,CHGIS V6,,,,
588,chgis_map_layer,county_seat,同時期CHGIS,county,,82784,,,,,,,北平縣,北平縣,0,,,,0,0,113.07580000000667,33.18002999999663,1,seat,,CHGIS V6,,,,
588,chgis_map_layer,county_seat,同時期CHGIS,county,,82804,,,,,,,北舞陽縣,北舞陽縣,0,,,,0,0,113.68587000002748,33.61923999998353,1,seat,,CHGIS V6,,,,
588,chgis_map_layer,county_seat,同時期CHGIS,county,,82811,,,,,,,葉縣,葉縣,0,,,,0,0,113.30023000001171,33.500149999993575,1,seat,,CHGIS V6,,,,
588,chgis_map_layer,county_seat,同時期CHGIS,county,,82813,,,,,,,汝墳縣,汝墳縣,0,,,,0,0,113.38548000001434,33.686259999991876,1,seat,,CHGIS V6,,,,
588,chgis_map_layer,county_seat,同時期CHGIS,county,,82816,,,,,,,鐘離縣,鐘離縣,0,,,,0,0,112.7594000000027,32.90325999999878,1,seat,,CHGIS V6,,,,
588,chgis_map_layer,county_seat,同時期CHGIS,county,,82818,,,,,,,柘林縣,柘林縣,0,,,,0,0,112.7838700000029,32.53116999999871,1,seat,,CHGIS V6,,,,
588,chgis_map_layer,county_seat,同時期CHGIS,county,,82820,,,,,,,淮南縣,淮南縣,0,,,,0,0,113.57342000002126,32.350669999988554,1,seat,,CHGIS V6,,,,
588,chgis_map_layer,county_seat,同時期CHGIS,county,,82824,,,,,,,河山縣,河山縣,0,,,,0,0,113.29912000001171,33.70507999999348,1,seat,,CHGIS V6,,,,
588,chgis_map_layer,county_seat,同時期CHGIS,county,,82829,,,,,,,洛陽縣,洛陽縣,0,,,,0,0,112.59630000000168,34.73156999999921,1,seat,,CHGIS V6,,,,
588,chgis_map_layer,county_seat,同時期CHGIS,county,,82832,,,,,,,河南縣,河南縣,0,,,,0,0,112.42357000000092,34.649809999999604,1,seat,,CHGIS V6,,,,
588,chgis_map_layer,county_seat,同時期CHGIS,county,,82841,,,,,,,新成縣,新成縣,0,,,,0,0,112.39502000000086,34.39770999999965,1,seat,,CHGIS V6,,,,
588,chgis_map_layer,county_seat,同時期CHGIS,county,,82854,,,,,,,緱氏縣,緱氏縣,0,,,,0,0,112.76862000000288,34.65887999999855,1,seat,,CHGIS V6,,,,
588,chgis_map_layer,county_seat,同時期CHGIS,county,,82859,,,,,,,甘棠縣,甘棠縣,0,,,,0,0,112.16522000000036,34.512719999999874,1,seat,,CHGIS V6,,,,
588,chgis_map_layer,county_seat,同時期CHGIS,county,,82871,,,,,,,宜陽縣,宜陽縣,0,,,,0,0,112.9298500000046,34.76675999999752,1,seat,,CHGIS V6,,,,
588,chgis_map_layer,county_seat,同時期CHGIS,county,,82873,,,,,,,東垣縣,東垣縣,0,,,,0,0,113.05100000000635,34.78510999999642,1,seat,,CHGIS V6,,,,
588,chgis_map_layer,county_seat,同時期CHGIS,county,,82882,,,,,,,河陰縣,河陰縣,0,,,,0,0,112.94898000000484,34.81824999999735,1,seat,,CHGIS V6,,,,
588,chgis_map_layer,county_seat,同時期CHGIS,county,,82894,,,,,,,陽城縣,陽城縣,0,,,,0,0,113.14677000000812,34.400439999995434,1,seat,,CHGIS V6,,,,
588,chgis_map_layer,county_seat,同時期CHGIS,county,,82904,,,,,,,武林縣,武林縣,0,,,,0,0,112.74514000000269,34.42053999999868,1,seat,,CHGIS V6,,,,
588,chgis_map_layer,county_seat,同時期CHGIS,county,,82916,,,,,,,新安縣,新安縣,0,,,,0,0,111.71260000000001,34.76645,1,seat,,CHGIS V6,,,,
588,chgis_map_layer,county_seat,同時期CHGIS,county,,82926,,,,,,,澠池縣,澠池縣,0,,,,0,0,111.76631000000006,34.76519999999999,1,seat,,CHGIS V6,,,,
588,chgis_map_layer,county_seat,同時期CHGIS,county,,82937,,,,,,,北陸渾,北陸渾,0,,,,0,0,112.18930000000034,34.219479999999876,1,seat,,CHGIS V6,,,,
588,chgis_map_layer,county_seat,同時期CHGIS,county,,82939,,,,,,,伏流縣,伏流縣,0,,,,0,0,112.42468000000092,34.64371999999961,1,seat,,CHGIS V6,,,,
588,chgis_map_layer,county_seat,同時期CHGIS,county,,82944,,,,,,,昌洛縣,昌洛縣,0,,,,0,0,111.46053,34.344680000000004,1,seat,,CHGIS V6,,,,
588,chgis_map_layer,county_seat,同時期CHGIS,county,,82947,,,,,,,長淵縣,長淵縣,0,,,,0,0,111.32635,34.645689999999995,1,seat,,CHGIS V6,,,,
588,chgis_map_layer,county_seat,同時期CHGIS,county,,82949,,,,,,,崤縣,崤縣,0,,,,0,0,111.36268000000001,34.65606,1,seat,,CHGIS V6,,,,
588,chgis_map_layer,county_seat,同時期CHGIS,county,,82979,,,,,,,汝南縣,汝南縣,0,,,,0,0,113.2034100000093,33.972049999994844,1,seat,,CHGIS V6,,,,
588,chgis_map_layer,county_seat,同時期CHGIS,county,,82986,,,,,,,南陽縣,南陽縣,0,,,,0,0,113.06117000000647,33.87112999999656,1,seat,,CHGIS V6,,,,
588,chgis_map_layer,county_seat,同時期CHGIS,county,,82996,,,,,,,雉陽縣,雉陽縣,0,,,,0,0,113.26946000001091,33.750709999993944,1,seat,,CHGIS V6,,,,
588,chgis_map_layer,county_seat,同時期CHGIS,county,,82999,,,,,,,滍陽縣,滍陽縣,0,,,,0,0,113.00442000000558,33.98120999999707,1,seat,,CHGIS V6,,,,
588,chgis_map_layer,county_seat,同時期CHGIS,county,,83013,,,,,,,許昌縣,許昌縣,0,,,,0,0,113.58825000002248,33.97407999998644,1,seat,,CHGIS V6,,,,
588,chgis_map_layer,county_seat,同時期CHGIS,county,,83014,,,,,,,許田縣,許田縣,0,,,,0,0,113.58825000002248,33.97407999998644,1,seat,,CHGIS V6,,,,
588,chgis_map_layer,county_seat,同時期CHGIS,county,,83024,,,,,,,臨潁縣,臨潁縣,0,,,,0,0,113.47237000001743,33.85368999998979,1,seat,,CHGIS V6,,,,
588,chgis_map_layer,county_seat,同時期CHGIS,county,,83026,,,,,,,繁昌縣,繁昌縣,0,,,,0,0,113.47237000001743,33.85368999998979,1,seat,,CHGIS V6,,,,
588,chgis_map_layer,county_seat,同時期CHGIS,county,,83031,,,,,,,襄城縣,襄城縣,0,,,,0,0,114.31552000008871,33.51610999994216,1,seat,,CHGIS V6,,,,
588,chgis_map_layer,county_seat,同時期CHGIS,county,,83033,,,,,,,邵陵縣,邵陵縣,0,,,,0,0,114.01806500005253,33.570781999966975,1,seat,,CHGIS V6,,,,
588,chgis_map_layer,county_seat,同時期CHGIS,county,,83037,,,,,,,郾城縣,郾城縣,0,,,,0,0,113.8197500000361,34.03138999997721,1,seat,,CHGIS V6,,,,
588,chgis_map_layer,county_seat,同時期CHGIS,county,,83040,,,,,,,長社縣,長社縣,0,,,,0,0,113.85049000003833,34.229899999975295,1,seat,,CHGIS V6,,,,
588,chgis_map_layer,county_seat,同時期CHGIS,county,,83043,,,,,,,長葛縣,長葛縣,0,,,,0,0,111.145027,34.796077999999994,1,seat,,CHGIS V6,,,,
588,chgis_map_layer,county_seat,同時期CHGIS,county,,83048,,,,,,,陝縣,陝縣,0,,,,0,0,110.94149,34.684619999999995,1,seat,,CHGIS V6,,,,
588,chgis_map_layer,county_seat,同時期CHGIS,county,,83055,,,,,,,弘農縣,弘農縣,0,,,,0,0,110.86538,34.52751,1,seat,,CHGIS V6,,,,
588,chgis_map_layer,county_seat,同時期CHGIS,county,,83061,,,,,,,邑陽縣,邑陽縣,0,,,,0,0,110.8845,33.96489,1,seat,,CHGIS V6,,,,
588,chgis_map_layer,county_seat,同時期CHGIS,county,,83064,,,,,,,朱陽縣,朱陽縣,0,,,,0,0,110.71086000000001,34.32937,1,seat,,CHGIS V6,,,,
588,chgis_map_layer,county_seat,同時期CHGIS,county,,83065,,,,,,,朱陽縣,朱陽縣,0,,,,0,0,110.73206,34.591429999999995,1,seat,,CHGIS V6,,,,
588,chgis_map_layer,county_seat,同時期CHGIS,county,,83070,,,,,,,湖城縣,湖城縣,0,,,,0,0,110.73206,34.591429999999995,1,seat,,CHGIS V6,,,,
588,chgis_map_layer,county_seat,同時期CHGIS,county,,83081,,,,,,,汝原縣,汝原縣,0,,,,0,0,114.37146000009709,32.7804899999398,1,seat,,CHGIS V6,,,,
588,chgis_map_layer,county_seat,同時期CHGIS,county,,83102,,,,,,,上蔡縣,上蔡縣,0,,,,0,0,114.08030000005773,31.95305999996739,1,seat,,CHGIS V6,,,,
588,chgis_map_layer,county_seat,同時期CHGIS,county,,83106,,,,,,,安陽縣,安陽縣,0,,,,0,0,113.8896200000406,32.35076999997702,1,seat,,CHGIS V6,,,,
588,chgis_map_layer,county_seat,同時期CHGIS,county,,83111,,,,,,,保城縣,保城縣,0,,,,0,0,113.97188900004808,33.154947999970894,1,seat,,CHGIS V6,,,,
588,chgis_map_layer,county_seat,同時期CHGIS,county,,83113,,,,,,,武陽縣,武陽縣,0,,,,0,0,114.34219000009122,31.766799999947587,1,seat,,CHGIS V6,,,,
588,chgis_map_layer,county_seat,同時期CHGIS,county,,83117,,,,,,,東隨縣,東隨縣,0,,,,0,0,114.18869000007051,32.24095999995886,1,seat,,CHGIS V6,,,,
588,chgis_map_layer,county_seat,同時期CHGIS,county,,83118,,,,,,,樂寧縣,樂寧縣,0,,,,0,0,114.04666000005507,32.88196999996697,1,seat,,CHGIS V6,,,,
588,chgis_map_layer,county_seat,同時期CHGIS,county,,83127,,,,,,,廣寧縣,廣寧縣,0,,,,0,0,113.8896200000406,32.35076999997702,1,seat,,CHGIS V6,,,,
588,chgis_map_layer,county_seat,同時期CHGIS,county,,83128,,,,,,,澺水縣,澺水縣,0,,,,0,0,114.60328000014067,32.38161999991317,1,seat,,CHGIS V6,,,,
588,chgis_map_layer,county_seat,同時期CHGIS,county,,83130,,,,,,,慕化縣,慕化縣,0,,,,0,0,114.0199000000524,32.807669999968866,1,seat,,CHGIS V6,,,,
588,chgis_map_layer,county_seat,同時期CHGIS,county,,83131,,,,,,,淮川縣,淮川縣,0,,,,0,0,114.14755000006538,32.07892999996246,1,seat,,CHGIS V6,,,,
588,chgis_map_layer,county_seat,同時期CHGIS,county,,83132,,,,,,,灈陽縣,灈陽縣,0,,,,0,0,114.34219000009122,31.766799999947587,1,seat,,CHGIS V6,,,,
588,chgis_map_layer,county_seat,同時期CHGIS,county,,83133,,,,,,,安昌縣,安昌縣,0,,,,0,0,114.02268200005264,32.80190299996871,1,seat,,CHGIS V6,,,,
588,chgis_map_layer,county_seat,同時期CHGIS,county,,83134,,,,,,,鐘山縣,鐘山縣,0,,,,0,0,114.22667000007615,33.264839999951874,1,seat,,CHGIS V6,,,,
588,chgis_map_layer,county_seat,同時期CHGIS,county,,83167,,,,,,,西平縣,西平縣,0,,,,0,0,113.75432000003127,32.74714999998218,1,seat,,CHGIS V6,,,,
588,chgis_map_layer,county_seat,同時期CHGIS,county,,83180,,,,,,,盧氏縣,盧氏縣,0,,,,0,0,113.6168900000235,36.61032999998232,1,seat,,CHGIS V6,,,,
588,chgis_map_layer,county_seat,同時期CHGIS,county,,70191,,,,,,,汧源縣,汧源縣,0,,,,0,0,106.8544309997028,34.89495799975379,1,seat,,CHGIS V6,,,,
588,chgis_map_layer,county_seat,同時期CHGIS,county,,70206,,,,,,,新平縣,新平縣,0,,,,0,0,108.0779899999562,35.039659999969466,1,seat,,CHGIS V6,,,,
588,chgis_map_layer,county_seat,同時期CHGIS,county,,70209,,,,,,,三水縣,三水縣,0,,,,0,0,108.3290399999733,35.19015999998199,1,seat,,CHGIS V6,,,,
588,chgis_map_layer,county_seat,同時期CHGIS,county,,70216,,,,,,,雲陽縣,雲陽縣,0,,,,0,0,108.81561999999107,34.638499999994835,1,seat,,CHGIS V6,,,,
588,chgis_map_layer,county_seat,同時期CHGIS,county,,70222,,,,,,,中部縣,中部縣,0,,,,0,0,109.23938999999719,35.59463999999848,1,seat,,CHGIS V6,,,,
588,chgis_map_layer,county_seat,同時期CHGIS,county,,70227,,,,,,,洛川縣,洛川縣,0,,,,0,0,109.55884999999904,35.86715999999954,1,seat,,CHGIS V6,,,,
588,chgis_map_layer,county_seat,同時期CHGIS,county,,70230,,,,,,,宜君縣,宜君縣,0,,,,0,0,108.8915799999926,35.3277799999956,1,seat,,CHGIS V6,,,,
588,chgis_map_layer,county_seat,同時期CHGIS,county,,70233,,,,,,,洛交縣,洛交縣,0,,,,0,0,109.26161999999736,35.80484999999857,1,seat,,CHGIS V6,,,,
588,chgis_map_layer,county_seat,同時期CHGIS,county,,70235,,,,,,,三川縣,三川縣,0,,,,0,0,109.00660999999452,35.95812999999671,1,seat,,CHGIS V6,,,,
588,chgis_map_layer,county_seat,同時期CHGIS,county,,70239,,,,,,,敷城縣,敷城縣,0,,,,0,0,109.61325999999919,35.57101999999963,1,seat,,CHGIS V6,,,,
588,chgis_map_layer,county_seat,同時期CHGIS,county,,70250,,,,,,,武功縣,武功縣,0,,,,0,0,108.10509999995828,34.33204999997266,1,seat,,CHGIS V6,,,,
588,chgis_map_layer,county_seat,同時期CHGIS,county,,70263,,,,,,,莫西縣,莫西縣,0,,,,0,0,108.0429399999531,34.555959999968394,1,seat,,CHGIS V6,,,,
588,chgis_map_layer,county_seat,同時期CHGIS,county,,70269,,,,,,,上縣,上縣,0,,,,0,0,110.25406999999997,37.500979999999984,1,seat,,CHGIS V6,,,,
588,chgis_map_layer,county_seat,同時期CHGIS,county,,70276,,,,,,,延福縣,延福縣,0,,,,0,0,110.23369999999994,37.483339999999984,1,seat,,CHGIS V6,,,,
588,chgis_map_layer,county_seat,同時期CHGIS,county,,70281,,,,,,,綏德縣,綏德縣,0,,,,0,0,110.25406999999997,37.500979999999984,1,seat,,CHGIS V6,,,,
588,chgis_map_layer,county_seat,同時期CHGIS,county,,70285,,,,,,,城平縣,城平縣,0,,,,0,0,110.0497899999999,37.094099999999955,1,seat,,CHGIS V6,,,,
588,chgis_map_layer,county_seat,同時期CHGIS,county,,70286,,,,,,,魏平縣,魏平縣,0,,,,0,0,110.0497899999999,37.094099999999955,1,seat,,CHGIS V6,,,,
588,chgis_map_layer,county_seat,同時期CHGIS,county,,70300,,,,,,,武鄉縣,武鄉縣,0,,,,0,0,109.93904999999981,34.79723999999993,1,seat,,CHGIS V6,,,,
588,chgis_map_layer,county_seat,同時期CHGIS,county,,70304,,,,,,,朝邑縣,朝邑縣,0,,,,0,0,110.17912999999993,34.789259999999985,1,seat,,CHGIS V6,,,,
588,chgis_map_layer,county_seat,同時期CHGIS,county,,70307,,,,,,,郃陽縣,郃陽縣,0,,,,0,0,110.15101999999996,35.24257999999997,1,seat,,CHGIS V6,,,,
588,chgis_map_layer,county_seat,同時期CHGIS,county,,70310,,,,,,,澄城縣,澄城縣,0,,,,0,0,110.42111000000001,35.38499,1,seat,,CHGIS V6,,,,
588,chgis_map_layer,county_seat,同時期CHGIS,county,,70322,,,,,,,鄭縣,鄭縣,0,,,,0,0,109.75512199999957,34.52469399999982,1,seat,,CHGIS V6,,,,
588,chgis_map_layer,county_seat,同時期CHGIS,county,,70324,,,,,,,華陰縣,華陰縣,0,,,,0,0,110.0893599999999,34.56830999999996,1,seat,,CHGIS V6,,,,
588,chgis_map_layer,county_seat,同時期CHGIS,county,,70335,,,,,,,蒲城縣,蒲城縣,0,,,,0,0,109.58511999999912,34.9559399999996,1,seat,,CHGIS V6,,,,
588,chgis_map_layer,county_seat,同時期CHGIS,county,,70341,,,,,,,白水縣,白水縣,0,,,,0,0,109.58705999999911,35.18161999999961,1,seat,,CHGIS V6,,,,
588,chgis_map_layer,county_seat,同時期CHGIS,county,,70357,,,,,,,姚穀縣,姚穀縣,0,,,,0,0,110.34014,35.30010999999999,1,seat,,CHGIS V6,,,,
588,chgis_map_layer,county_seat,同時期CHGIS,county,,70362,,,,,,,廣洛縣,廣洛縣,0,,,,0,0,109.31752999999782,36.90359999999872,1,seat,,CHGIS V6,,,,
588,chgis_map_layer,county_seat,同時期CHGIS,county,,70372,,,,,,,義川縣,義川縣,0,,,,0,0,110.16487999999994,36.045169999999985,1,seat,,CHGIS V6,,,,
588,chgis_map_layer,county_seat,同時期CHGIS,county,,70375,,,,,,,文安縣,文安縣,0,,,,0,0,110.01519999999988,36.47753999999995,1,seat,,CHGIS V6,,,,
588,chgis_map_layer,county_seat,同時期CHGIS,county,,70377,,,,,,,廣安縣,廣安縣,0,,,,0,0,110.01519999999988,36.47753999999995,1,seat,,CHGIS V6,,,,
588,chgis_map_layer,county_seat,同時期CHGIS,county,,70387,,,,,,,長澤縣,長澤縣,0,,,,0,0,108.91804999999323,37.5987199999952,1,seat,,CHGIS V6,,,,
588,chgis_map_layer,county_seat,同時期CHGIS,county,,70408,,,,,,,真鄉縣,真鄉縣,0,,,,0,0,110.29740999999996,38.312439999999995,1,seat,,CHGIS V6,,,,
588,chgis_map_layer,county_seat,同時期CHGIS,county,,70409,,,,,,,開光縣,開光縣,0,,,,0,0,109.8601499999997,38.22433999999986,1,seat,,CHGIS V6,,,,
588,chgis_map_layer,county_seat,同時期CHGIS,county,,70410,,,,,,,寧朔縣,寧朔縣,0,,,,0,0,109.8601499999997,38.22433999999986,1,seat,,CHGIS V6,,,,
588,chgis_map_layer,county_seat,同時期CHGIS,county,,70533,,,,,,,建安縣,建安縣,0,,,,0,0,106.69403999970886,38.81059999959649,1,seat,,CHGIS V6,,,,
588,chgis_map_layer,county_seat,同時期CHGIS,county,,70624,,,,,,,長安縣,長安縣,0,,,,0,0,108.90697999999294,34.24641999999613,1,seat,,CHGIS V6,,,,
588,chgis_map_layer,county_seat,同時期CHGIS,county,,70650,,,,,,,大興縣,大興縣,0,,,,0,0,108.93718999999348,34.31798999999643,1,seat,,CHGIS V6,,,,
588,chgis_map_layer,county_seat,同時期CHGIS,county,,70695,,,,,,,涇陽縣,涇陽縣,0,,,,0,0,108.83755999999156,34.53333999999518,1,seat,,CHGIS V6,,,,
588,chgis_map_layer,county_seat,同時期CHGIS,county,,70719,,,,,,,始平縣,始平縣,0,,,,0,0,108.48260999998065,34.29871999998822,1,seat,,CHGIS V6,,,,
588,chgis_map_layer,county_seat,同時期CHGIS,county,,70727,,,,,,,新豐縣,新豐縣,0,,,,0,0,109.25640999999736,34.425489999998696,1,seat,,CHGIS V6,,,,
588,chgis_map_layer,county_seat,同時期CHGIS,county,,70742,,,,,,,高陸縣,高陸縣,0,,,,0,0,109.08533499999562,34.53801299999768,1,seat,,CHGIS V6,,,,
588,chgis_map_layer,county_seat,同時期CHGIS,county,,70747,,,,,,,鄠縣,鄠縣,0,,,,0,0,109.14696999999633,34.239269999998136,1,seat,,CHGIS V6,,,,
588,chgis_map_layer,county_seat,同時期CHGIS,county,,70753,,,,,,,藍田縣,藍田縣,0,,,,0,0,109.31664299999781,34.15273699999896,1,seat,,CHGIS V6,,,,
588,chgis_map_layer,county_seat,同時期CHGIS,county,,70765,,,,,,,雲陽縣,雲陽縣,0,,,,0,0,108.75476999998962,34.59551999999392,1,seat,,CHGIS V6,,,,
588,chgis_map_layer,county_seat,同時期CHGIS,county,,70772,,,,,,,涇陽縣,涇陽縣,0,,,,0,0,108.83755999999156,34.53333999999518,1,seat,,CHGIS V6,,,,
588,chgis_map_layer,county_seat,同時期CHGIS,county,,70776,,,,,,,三原縣,三原縣,0,,,,0,0,108.7988099999907,34.79442999999452,1,seat,,CHGIS V6,,,,
588,chgis_map_layer,county_seat,同時期CHGIS,county,,70787,,,,,,,盩厔縣,盩厔縣,0,,,,0,0,108.21198999996611,34.17113999997847,1,seat,,CHGIS V6,,,,
588,chgis_map_layer,county_seat,同時期CHGIS,county,,70794,,,,,,,渭南縣,渭南縣,0,,,,0,0,109.67983999999939,34.62461999999975,1,seat,,CHGIS V6,,,,
588,chgis_map_layer,county_seat,同時期CHGIS,county,,70798,,,,,,,夏封縣,夏封縣,0,,,,0,0,109.59221999999914,34.646529999999636,1,seat,,CHGIS V6,,,,
588,chgis_map_layer,county_seat,同時期CHGIS,county,,70809,,,,,,,富平縣,富平縣,0,,,,0,0,108.41656999997771,34.48996999998603,1,seat,,CHGIS V6,,,,
588,chgis_map_layer,county_seat,同時期CHGIS,county,,70835,,,,,,,土門縣,土門縣,0,,,,0,0,109.04047999999507,33.7958199999975,1,seat,,CHGIS V6,,,,
588,chgis_map_layer,county_seat,同時期CHGIS,county,,70900,,,,,,,三龍縣,三龍縣,0,,,,0,0,107.62591999990259,34.40100999993106,1,seat,,CHGIS V6,,,,
588,chgis_map_layer,county_seat,同時期CHGIS,county,,70934,,,,,,,周城縣,周城縣,0,,,,0,0,107.52284999988504,34.471049999916964,1,seat,,CHGIS V6,,,,
588,chgis_map_layer,county_seat,同時期CHGIS,county,,70953,,,,,,,汧陽縣,汧陽縣,0,,,,0,0,107.03675999976522,34.64517999981552,1,seat,,CHGIS V6,,,,
588,chgis_map_layer,county_seat,同時期CHGIS,county,,70974,,,,,,,長蛇縣,長蛇縣,0,,,,0,0,107.07943999977812,34.527529999828666,1,seat,,CHGIS V6,,,,
588,chgis_map_layer,county_seat,同時期CHGIS,county,,70981,,,,,,,南由縣,南由縣,0,,,,0,0,107.03591899975993,33.072982999836874,1,seat,,CHGIS V6,,,,
588,chgis_map_layer,county_seat,同時期CHGIS,county,,200046,,,,,,,南鄭縣,南鄭縣,0,,,,0,0,107.03591899975993,33.072982999836874,1,seat,,CHGIS V6,,,,
588,chgis_map_layer,county_seat,同時期CHGIS,county,,200051,,,,,,,城固縣,城固縣,0,,,,0,0,107.33838999984565,33.15646999989803,1,seat,,CHGIS V6,,,,
588,chgis_map_layer,county_seat,同時期CHGIS,county,,200055,,,,,,,興勢縣,興勢縣,0,,,,0,0,107.59104099989648,33.225035999933255,1,seat,,CHGIS V6,,,,
588,chgis_map_layer,county_seat,同時期CHGIS,county,,71052,,,,,,,黃金縣,黃金縣,0,,,,0,0,107.87337199993615,33.26515999996017,1,seat,,CHGIS V6,,,,
588,chgis_map_layer,county_seat,同時期CHGIS,county,,71076,,,,,,,梁泉縣,梁泉縣,0,,,,0,0,106.64717499960489,33.96441799969296,1,seat,,CHGIS V6,,,,
588,chgis_map_layer,county_seat,同時期CHGIS,county,,71103,,,,,,,嶓塚縣,嶓塚縣,0,,,,0,0,106.58852399956878,33.148280999688204,1,seat,,CHGIS V6,,,,
588,chgis_map_layer,county_seat,同時期CHGIS,county,,200065,,,,,,,廣長縣,廣長縣,0,,,,0,0,105.9253079991111,33.51451899925733,1,seat,,CHGIS V6,,,,
588,chgis_map_layer,county_seat,同時期CHGIS,county,,71124,,,,,,,漢曲縣,漢曲縣,0,,,,0,0,106.15450999929314,33.32828499944494,1,seat,,CHGIS V6,,,,
588,chgis_map_layer,county_seat,同時期CHGIS,county,,71149,,,,,,,吉安縣,吉安縣,0,,,,0,0,109.02197299999494,32.69929099999758,1,seat,,CHGIS V6,,,,
588,chgis_map_layer,county_seat,同時期CHGIS,county,,200076,,,,,,,洵陽縣,洵陽縣,0,,,,0,0,109.37429799999823,32.83242399999924,1,seat,,CHGIS V6,,,,
588,chgis_map_layer,county_seat,同時期CHGIS,county,,71217,,,,,,,石泉縣,石泉縣,0,,,,0,0,108.24736799996867,33.039126999981825,1,seat,,CHGIS V6,,,,
588,chgis_map_layer,county_seat,同時期CHGIS,county,,71230,,,,,,,寧都縣,寧都縣,0,,,,0,0,108.26760799996998,32.98545599998268,1,seat,,CHGIS V6,,,,
588,chgis_map_layer,county_seat,同時期CHGIS,county,,71247,,,,,,,商洛縣,商洛縣,0,,,,0,0,110.29140500000001,33.69643,1,seat,,CHGIS V6,,,,
588,chgis_map_layer,county_seat,同時期CHGIS,county,,200094,,,,,,,上洛縣,上洛縣,0,,,,0,0,109.93245999999984,33.869889999999934,1,seat,,CHGIS V6,,,,
588,chgis_map_layer,county_seat,同時期CHGIS,county,,70004,,,,,,,武陽縣,武陽縣,0,,,,0,0,104.63560999817676,35.007139996808576,1,seat,,CHGIS V6,,,,
588,chgis_map_layer,county_seat,同時期CHGIS,county,,70005,,,,,,,襄武縣,襄武縣,0,,,,0,0,104.65987999817783,34.98359999688494,1,seat,,CHGIS V6,,,,
588,chgis_map_layer,county_seat,同時期CHGIS,county,,70030,,,,,,,障縣,障縣,0,,,,0,0,104.44969999807273,34.83722999626614,1,seat,,CHGIS V6,,,,
588,chgis_map_layer,county_seat,同時期CHGIS,county,,70043,,,,,,,黃瓜縣,黃瓜縣,0,,,,0,0,105.50059999878158,34.59456999869688,1,seat,,CHGIS V6,,,,
588,chgis_map_layer,county_seat,同時期CHGIS,county,,70056,,,,,,,漢陽縣,漢陽縣,0,,,,0,0,105.2621299984868,34.0641999983885,1,seat,,CHGIS V6,,,,
588,chgis_map_layer,county_seat,同時期CHGIS,county,,70074,,,,,,,基城縣,基城縣,0,,,,0,0,104.30418999788404,34.423009995879426,1,seat,,CHGIS V6,,,,
588,chgis_map_layer,county_seat,同時期CHGIS,county,,70075,,,,,,,溢樂縣,溢樂縣,0,,,,0,0,104.03024999804607,34.43645999478566,1,seat,,CHGIS V6,,,,
588,chgis_map_layer,county_seat,同時期CHGIS,county,,70078,,,,,,,當夷縣,當夷縣,0,,,,0,0,103.9902999980954,34.437869994608505,1,seat,,CHGIS V6,,,,
588,chgis_map_layer,county_seat,同時期CHGIS,county,,70086,,,,,,,美相縣,美相縣,0,,,,0,0,103.54719999957527,34.66897999217908,1,seat,,CHGIS V6,,,,
588,chgis_map_layer,county_seat,同時期CHGIS,county,,70096,,,,,,,五泉縣,五泉縣,0,,,,0,0,103.84713999989054,36.04702999320036,1,seat,,CHGIS V6,,,,
588,chgis_map_layer,county_seat,同時期CHGIS,county,,70108,,,,,,,狄道縣,狄道縣,0,,,,0,0,103.85793999917867,35.37914999356718,1,seat,,CHGIS V6,,,,
588,chgis_map_layer,county_seat,同時期CHGIS,county,,70116,,,,,,,渭源縣,渭源縣,0,,,,0,0,104.21016999832493,35.13948999528964,1,seat,,CHGIS V6,,,,
588,chgis_map_layer,county_seat,同時期CHGIS,county,,70126,,,,,,,枹罕縣,枹罕縣,0,,,,0,0,102.98101000631955,35.49666998740198,1,seat,,CHGIS V6,,,,
588,chgis_map_layer,county_seat,同時期CHGIS,county,,70130,,,,,,,永固縣,永固縣,0,,,,0,0,102.98101000631955,35.49666998740198,1,seat,,CHGIS V6,,,,
588,chgis_map_layer,county_seat,同時期CHGIS,county,,70165,,,,,,,平涼縣,平涼縣,0,,,,0,0,106.55419999958123,35.54063999960739,1,seat,,CHGIS V6,,,,
588,chgis_map_layer,county_seat,同時期CHGIS,county,,70176,,,,,,,長城縣,長城縣,0,,,,0,0,106.41951999951935,35.80891999952147,1,seat,,CHGIS V6,,,,
588,chgis_map_layer,county_seat,同時期CHGIS,county,,70180,,,,,,,朝那縣,朝那縣,0,,,,0,0,106.47066999954659,35.851839999551174,1,seat,,CHGIS V6,,,,
588,chgis_map_layer,county_seat,同時期CHGIS,county,,70440,,,,,,,鳴沙縣,鳴沙縣,0,,,,0,0,94.62011696274001,40.13911078324092,1,seat,,CHGIS V6,,,,
588,chgis_map_layer,county_seat,同時期CHGIS,county,,70453,,,,,,,常樂縣,常樂縣,0,,,,0,0,96.23748999504598,40.240550006977514,1,seat,,CHGIS V6,,,,
588,chgis_map_layer,county_seat,同時期CHGIS,county,,70460,,,,,,,會稽縣,會稽縣,0,,,,0,0,97.51650404916583,39.823079873994885,1,seat,,CHGIS V6,,,,
588,chgis_map_layer,county_seat,同時期CHGIS,county,,70490,,,,,,,永平縣,永平縣,0,,,,0,0,100.40263035098116,38.96340993173546,1,seat,,CHGIS V6,,,,
588,chgis_map_layer,county_seat,同時期CHGIS,county,,70504,,,,,,,山丹縣,山丹縣,0,,,,0,0,101.0879601733605,38.78109995107313,1,seat,,CHGIS V6,,,,
588,chgis_map_layer,county_seat,同時期CHGIS,county,,70509,,,,,,,蘭池縣,蘭池縣,0,,,,0,0,101.0879601733605,38.78109995107313,1,seat,,CHGIS V6,,,,
588,chgis_map_layer,county_seat,同時期CHGIS,county,,70510,,,,,,,萬歲縣,萬歲縣,0,,,,0,0,101.0879601733605,38.78109995107313,1,seat,,CHGIS V6,,,,
588,chgis_map_layer,county_seat,同時期CHGIS,county,,70511,,,,,,,仙提縣,仙提縣,0,,,,0,0,101.1480801626857,38.77963995255112,1,seat,,CHGIS V6,,,,
588,chgis_map_layer,county_seat,同時期CHGIS,county,,70512,,,,,,,力乾縣,力乾縣,0,,,,0,0,101.76319007621751,38.231829967162696,1,seat,,CHGIS V6,,,,
588,chgis_map_layer,county_seat,同時期CHGIS,county,,70515,,,,,,,番禾縣,番禾縣,0,,,,0,0,101.84153006955374,38.247899968585614,1,seat,,CHGIS V6,,,,
588,chgis_map_layer,county_seat,同時期CHGIS,county,,70530,,,,,,,懷遠縣,懷遠縣,0,,,,0,0,106.34756999957892,38.5527099993693,1,seat,,CHGIS V6,,,,
588,chgis_map_layer,county_seat,同時期CHGIS,county,,70531,,,,,,,回樂縣,回樂縣,0,,,,0,0,106.28982999953247,38.021209999343256,1,seat,,CHGIS V6,,,,
588,chgis_map_layer,county_seat,同時期CHGIS,county,,70571,,,,,,,西都縣,西都縣,0,,,,0,0,102.39441002455754,36.48723998000698,1,seat,,CHGIS V6,,,,
588,chgis_map_layer,county_seat,同時期CHGIS,county,,70609,,,,,,,顯美縣,顯美縣,0,,,,0,0,106.27313999954711,38.49311999930917,1,seat,,CHGIS V6,,,,
588,chgis_map_layer,county_seat,同時期CHGIS,county,,70915,,,,,,,洛邑縣,洛邑縣,0,,,,0,0,104.91335999799523,33.39462999782708,1,seat,,CHGIS V6,,,,
588,chgis_map_layer,county_seat,同時期CHGIS,county,,71125,,,,,,,仇池縣,仇池縣,0,,,,0,0,105.78283999899348,33.78717999910489,1,seat,,CHGIS V6,,,,
588,chgis_map_layer,county_seat,同時期CHGIS,county,,44394,,,,,,,成都縣,成都縣,0,,,,0,0,104.07540099619543,30.66605899623678,1,seat,,CHGIS V6,,,,
588,chgis_map_layer,county_seat,同時期CHGIS,county,,44398,,,,,,,郫縣,郫縣,0,,,,0,0,103.88876999599533,30.80706999555064,1,seat,,CHGIS V6,,,,
588,chgis_map_layer,county_seat,同時期CHGIS,county,,44402,,,,,,,廣都縣,廣都縣,0,,,,0,0,103.91915899594578,30.57627499573802,1,seat,,CHGIS V6,,,,
588,chgis_map_layer,county_seat,同時期CHGIS,county,,44413,,,,,,,晉原縣,晉原縣,0,,,,0,0,103.67157699572881,30.62978699476447,1,seat,,CHGIS V6,,,,
588,chgis_map_layer,county_seat,同時期CHGIS,county,,44415,,,,,,,新津縣,新津縣,0,,,,0,0,103.81093999575761,30.423539995395167,1,seat,,CHGIS V6,,,,
588,chgis_map_layer,county_seat,同時期CHGIS,county,,44416,,,,,,,新都縣,新都縣,0,,,,0,0,104.17056999638804,30.832339996486525,1,seat,,CHGIS V6,,,,
588,chgis_map_layer,county_seat,同時期CHGIS,county,,44428,,,,,,,雒縣,雒縣,0,,,,0,0,104.28610399661268,30.994144996782815,1,seat,,CHGIS V6,,,,
588,chgis_map_layer,county_seat,同時期CHGIS,county,,44439,,,,,,,九隴縣,九隴縣,0,,,,0,0,103.91873599610292,30.99549699559586,1,seat,,CHGIS V6,,,,
588,chgis_map_layer,county_seat,同時期CHGIS,county,,44447,,,,,,,臨邛縣,臨邛縣,0,,,,0,0,103.45568099555163,30.412869993898916,1,seat,,CHGIS V6,,,,
588,chgis_map_layer,county_seat,同時期CHGIS,county,,44450,,,,,,,新繁縣,新繁縣,0,,,,0,0,104.01597999617564,30.876559995977047,1,seat,,CHGIS V6,,,,
588,chgis_map_layer,county_seat,同時期CHGIS,county,,44459,,,,,,,金淵縣,金淵縣,0,,,,0,0,104.59503899710845,30.741820997614955,1,seat,,CHGIS V6,,,,
588,chgis_map_layer,county_seat,同時期CHGIS,county,,44465,,,,,,,汶山縣,汶山縣,0,,,,0,0,103.62081099592072,31.001607994391904,1,seat,,CHGIS V6,,,,
588,chgis_map_layer,county_seat,同時期CHGIS,county,,44471,,,,,,,陽安縣,陽安縣,0,,,,0,0,104.56374299701119,30.39383899761207,1,seat,,CHGIS V6,,,,
588,chgis_map_layer,county_seat,同時期CHGIS,county,,44475,,,,,,,婆閏縣,婆閏縣,0,,,,0,0,104.70175999725404,30.166529997939257,1,seat,,CHGIS V6,,,,
588,chgis_map_layer,county_seat,同時期CHGIS,county,,44477,,,,,,,貴平縣,貴平縣,0,,,,0,0,104.36454799660675,30.195092997182567,1,seat,,CHGIS V6,,,,
588,chgis_map_layer,county_seat,同時期CHGIS,county,,44487,,,,,,,民複縣,民複縣,0,,,,0,0,109.57103699999917,31.0416369999997,1,seat,,CHGIS V6,,,,
588,chgis_map_layer,county_seat,同時期CHGIS,county,,44495,,,,,,,巫山縣,巫山縣,0,,,,0,0,109.88220199999978,31.073638999999925,1,seat,,CHGIS V6,,,,
588,chgis_map_layer,county_seat,同時期CHGIS,county,,44497,,,,,,,雲安縣,雲安縣,0,,,,0,0,108.89286799999329,30.95788399999696,1,seat,,CHGIS V6,,,,
588,chgis_map_layer,county_seat,同時期CHGIS,county,,44500,,,,,,,大昌縣,大昌縣,0,,,,0,0,109.79694999999967,31.273739999999897,1,seat,,CHGIS V6,,,,
588,chgis_map_layer,county_seat,同時期CHGIS,county,,44506,,,,,,,永寧縣,永寧縣,0,,,,0,0,108.41447399997888,31.18907399998936,1,seat,,CHGIS V6,,,,
588,chgis_map_layer,county_seat,同時期CHGIS,county,,44517,,,,,,,安鄉縣,安鄉縣,0,,,,0,0,108.3763959999774,30.813468999988768,1,seat,,CHGIS V6,,,,
588,chgis_map_layer,county_seat,同時期CHGIS,county,,44521,,,,,,,新浦縣,新浦縣,0,,,,0,0,108.1483799999635,31.091639999980988,1,seat,,CHGIS V6,,,,
588,chgis_map_layer,county_seat,同時期CHGIS,county,,44524,,,,,,,西流縣,西流縣,0,,,,0,0,108.01159999995205,31.357879999974198,1,seat,,CHGIS V6,,,,
588,chgis_map_layer,county_seat,同時期CHGIS,county,,44526,,,,,,,萬世縣,萬世縣,0,,,,0,0,108.48921999998193,31.467118999990863,1,seat,,CHGIS V6,,,,
588,chgis_map_layer,county_seat,同時期CHGIS,county,,44532,,,,,,,武寧縣,武寧縣,0,,,,0,0,108.25395699997114,30.505870999985618,1,seat,,CHGIS V6,,,,
588,chgis_map_layer,county_seat,同時期CHGIS,county,,44533,,,,,,,梁山縣,梁山縣,0,,,,0,0,107.77396999992749,30.667459999961537,1,seat,,CHGIS V6,,,,
588,chgis_map_layer,county_seat,同時期CHGIS,county,,44537,,,,,,,臨江縣,臨江縣,0,,,,0,0,108.03157999995551,30.29857999997745,1,seat,,CHGIS V6,,,,
588,chgis_map_layer,county_seat,同時期CHGIS,county,,44544,,,,,,,魏安縣,魏安縣,0,,,,0,0,107.34881599985422,30.33427399992127,1,seat,,CHGIS V6,,,,
588,chgis_map_layer,county_seat,同時期CHGIS,county,,44555,,,,,,,安漢縣,安漢縣,0,,,,0,0,106.11008599923566,30.809053999523456,1,seat,,CHGIS V6,,,,
588,chgis_map_layer,county_seat,同時期CHGIS,county,,44559,,,,,,,閬內縣,閬內縣,0,,,,0,0,105.966964999109,31.578341999395565,1,seat,,CHGIS V6,,,,
588,chgis_map_layer,county_seat,同時期CHGIS,county,,44568,,,,,,,晉城縣,晉城縣,0,,,,0,0,105.7515339988892,31.48587199922879,1,seat,,CHGIS V6,,,,
588,chgis_map_layer,county_seat,同時期CHGIS,county,,44572,,,,,,,南部縣,南部縣,0,,,,0,0,106.06285899919472,31.352796999471494,1,seat,,CHGIS V6,,,,
588,chgis_map_layer,county_seat,同時期CHGIS,county,,44577,,,,,,,西水縣,西水縣,0,,,,0,0,105.58945999870585,31.63784999906306,1,seat,,CHGIS V6,,,,
588,chgis_map_layer,county_seat,同時期CHGIS,county,,44579,,,,,,,奉國縣,奉國縣,0,,,,0,0,106.1824199992957,31.77116999952763,1,seat,,CHGIS V6,,,,
588,chgis_map_layer,county_seat,同時期CHGIS,county,,44580,,,,,,,漢昌縣,漢昌縣,0,,,,0,0,105.9330399990785,31.74309999936208,1,seat,,CHGIS V6,,,,
588,chgis_map_layer,county_seat,同時期CHGIS,county,,44584,,,,,,,岐坪縣,岐坪縣,0,,,,0,0,106.15673999927597,31.890759999507456,1,seat,,CHGIS V6,,,,
588,chgis_map_layer,county_seat,同時期CHGIS,county,,44589,,,,,,,興安縣,興安縣,0,,,,0,0,105.8177189989781,32.43973499922722,1,seat,,CHGIS V6,,,,
588,chgis_map_layer,county_seat,同時期CHGIS,county,,44595,,,,,,,益昌縣,益昌縣,0,,,,0,0,105.70658999885936,32.33170999913027,1,seat,,CHGIS V6,,,,
588,chgis_map_layer,county_seat,同時期CHGIS,county,,44603,,,,,,,義城縣,義城縣,0,,,,0,0,106.2449199993451,32.076779999552016,1,seat,,CHGIS V6,,,,
588,chgis_map_layer,county_seat,同時期CHGIS,county,,44609,,,,,,,嘉川縣,嘉川縣,0,,,,0,0,106.21547699932401,32.20900299953003,1,seat,,CHGIS V6,,,,
588,chgis_map_layer,county_seat,同時期CHGIS,county,,44619,,,,,,,白石縣,白石縣,0,,,,0,0,107.56861999989358,32.09201999993685,1,seat,,CHGIS V6,,,,
588,chgis_map_layer,county_seat,同時期CHGIS,county,,44623,,,,,,,化成縣,化成縣,0,,,,0,0,106.76036799965082,31.853444999779256,1,seat,,CHGIS V6,,,,
588,chgis_map_layer,county_seat,同時期CHGIS,county,,44627,,,,,,,清化縣,清化縣,0,,,,0,0,106.52208699952756,32.113192999686675,1,seat,,CHGIS V6,,,,
588,chgis_map_layer,county_seat,同時期CHGIS,county,,44629,,,,,,,曾口縣,曾口縣,0,,,,0,0,106.8706699996988,31.780829999812767,1,seat,,CHGIS V6,,,,
588,chgis_map_layer,county_seat,同時期CHGIS,county,,44630,,,,,,,其章縣,其章縣,0,,,,0,0,106.94098699972626,31.87671699982975,1,seat,,CHGIS V6,,,,
588,chgis_map_layer,county_seat,同時期CHGIS,county,,44632,,,,,,,始寧縣,始寧縣,0,,,,0,0,106.9621599997342,31.858409999835285,1,seat,,CHGIS V6,,,,
588,chgis_map_layer,county_seat,同時期CHGIS,county,,44633,,,,,,,義陽縣,義陽縣,0,,,,0,0,106.62559499958459,31.79168699973497,1,seat,,CHGIS V6,,,,
588,chgis_map_layer,county_seat,同時期CHGIS,county,,44637,,,,,,,盤道縣,盤道縣,0,,,,0,0,106.71933699963151,32.06767299976187,1,seat,,CHGIS V6,,,,
588,chgis_map_layer,county_seat,同時期CHGIS,county,,44642,,,,,,,同昌縣,同昌縣,0,,,,0,0,107.10964999978508,31.57363999987146,1,seat,,CHGIS V6,,,,
588,chgis_map_layer,county_seat,同時期CHGIS,county,,44644,,,,,,,符陽縣,符陽縣,0,,,,0,0,107.16371199980036,32.05796799987688,1,seat,,CHGIS V6,,,,
588,chgis_map_layer,county_seat,同時期CHGIS,county,,44645,,,,,,,曲細縣,曲細縣,0,,,,0,0,106.65713999960089,32.16541999973818,1,seat,,CHGIS V6,,,,
588,chgis_map_layer,county_seat,同時期CHGIS,county,,44648,,,,,,,臨津縣,臨津縣,0,,,,0,0,105.70814999884482,31.69273999917588,1,seat,,CHGIS V6,,,,
588,chgis_map_layer,county_seat,同時期CHGIS,county,,44650,,,,,,,普安縣,普安縣,0,,,,0,0,105.46331999856396,32.033399998889415,1,seat,,CHGIS V6,,,,
588,chgis_map_layer,county_seat,同時期CHGIS,county,,44652,,,,,,,黃安縣,黃安縣,0,,,,0,0,105.48312999857514,31.674159998944234,1,seat,,CHGIS V6,,,,
588,chgis_map_layer,county_seat,同時期CHGIS,county,,44654,,,,,,,武連縣,武連縣,0,,,,0,0,105.27657299830973,31.887366998662007,1,seat,,CHGIS V6,,,,
588,chgis_map_layer,county_seat,同時期CHGIS,county,,44656,,,,,,,晉安縣,晉安縣,0,,,,0,0,105.71324999886002,32.10273999915269,1,seat,,CHGIS V6,,,,
588,chgis_map_layer,county_seat,同時期CHGIS,county,,44664,,,,,,,江陽縣,江陽縣,0,,,,0,0,106.37927999945724,29.27298999970312,1,seat,,CHGIS V6,,,,
588,chgis_map_layer,county_seat,同時期CHGIS,county,,44668,,,,,,,巴縣,巴縣,0,,,,0,0,106.55699899956187,29.56045499975977,1,seat,,CHGIS V6,,,,
588,chgis_map_layer,county_seat,同時期CHGIS,county,,44674,,,,,,,漢平縣,漢平縣,0,,,,0,0,107.39443199986735,29.710481999930977,1,seat,,CHGIS V6,,,,
588,chgis_map_layer,county_seat,同時期CHGIS,county,,44680,,,,,,,石鏡縣,石鏡縣,0,,,,0,0,106.26662399936716,30.001687999634317,1,seat,,CHGIS V6,,,,
588,chgis_map_layer,county_seat,同時期CHGIS,county,,44689,,,,,,,赤水縣,赤水縣,0,,,,0,0,105.94200999908786,29.962789999456465,1,seat,,CHGIS V6,,,,
588,chgis_map_layer,county_seat,同時期CHGIS,county,,99045,,,,,,,牂柯縣,牂柯縣,0,,,,0,0,107.57253999991555,27.172549999959706,1,seat,,CHGIS V6,,,,
588,chgis_map_layer,county_seat,同時期CHGIS,county,,99096,,,,,,,賓化縣,賓化縣,0,,,,0,0,107.51250999991028,26.701209999957126,1,seat,,CHGIS V6,,,,
588,chgis_map_layer,county_seat,同時期CHGIS,county,,99278,,,,,,,涪川縣,涪川縣,0,,,,0,0,108.24182999997468,27.940149999988364,1,seat,,CHGIS V6,,,,
588,chgis_map_layer,county_seat,同時期CHGIS,county,,45463,,,,,,,東安縣,東安縣,0,,,,0,0,104.05023999578815,27.629409996952727,1,seat,,CHGIS V6,,,,
588,chgis_map_layer,county_seat,同時期CHGIS,county,,45465,,,,,,,西安縣,西安縣,0,,,,0,0,103.98903999564101,27.715129996767832,1,seat,,CHGIS V6,,,,
588,chgis_map_layer,county_seat,同時期CHGIS,county,,45467,,,,,,,湖津縣,湖津縣,0,,,,0,0,103.98355999562479,27.842289996722037,1,seat,,CHGIS V6,,,,
588,chgis_map_layer,county_seat,同時期CHGIS,county,,45516,,,,,,,同樂縣,同樂縣,0,,,,0,0,103.66151999546213,25.018099996452936,1,seat,,CHGIS V6,,,,
588,chgis_map_layer,county_seat,同時期CHGIS,county,,45526,,,,,,,味縣,味縣,0,,,,0,0,103.73243999542223,25.531079996548083,1,seat,,CHGIS V6,,,,
588,chgis_map_layer,county_seat,同時期CHGIS,county,,43424,,,,,,,鄂縣,鄂縣,0,,,,0,0,114.87339000020485,30.395819999886985,1,seat,,CHGIS V6,,,,
588,chgis_map_layer,county_seat,同時期CHGIS,county,,43425,,,,,,,武昌縣,武昌縣,0,,,,0,0,114.87991000020689,30.402719999885765,1,seat,,CHGIS V6,,,,
588,chgis_map_layer,county_seat,同時期CHGIS,county,,43428,,,,,,,蒲圻縣,蒲圻縣,0,,,,0,0,113.70489000002581,29.92630999998754,1,seat,,CHGIS V6,,,,
588,chgis_map_layer,county_seat,同時期CHGIS,county,,43441,,,,,,,下雋縣,下雋縣,0,,,,0,0,113.79510000003,29.267069999985722,1,seat,,CHGIS V6,,,,
588,chgis_map_layer,county_seat,同時期CHGIS,county,,43447,,,,,,,陽新縣,陽新縣,0,,,,0,0,114.86875000019887,29.681109999894698,1,seat,,CHGIS V6,,,,
588,chgis_map_layer,county_seat,同時期CHGIS,county,,43449,,,,,,,永興縣,永興縣,0,,,,0,0,115.30312000036996,30.031189999793614,1,seat,,CHGIS V6,,,,
588,chgis_map_layer,county_seat,同時期CHGIS,county,,43456,,,,,,,安昌縣,安昌縣,0,,,,0,0,115.04298000025948,30.07302999985778,1,seat,,CHGIS V6,,,,
588,chgis_map_layer,county_seat,同時期CHGIS,county,,43457,,,,,,,樂化縣,樂化縣,0,,,,0,0,113.9169500000382,29.22507999998161,1,seat,,CHGIS V6,,,,
588,chgis_map_layer,county_seat,同時期CHGIS,county,,43465,,,,,,,甑山縣,甑山縣,0,,,,0,0,113.86505000003687,30.617959999981256,1,seat,,CHGIS V6,,,,
588,chgis_map_layer,county_seat,同時期CHGIS,county,,43473,,,,,,,孝昌縣,孝昌縣,0,,,,0,0,113.93995000004362,31.280159999976767,1,seat,,CHGIS V6,,,,
588,chgis_map_layer,county_seat,同時期CHGIS,county,,43479,,,,,,,黃陂縣,黃陂縣,0,,,,0,0,114.36565000009301,30.886569999949373,1,seat,,CHGIS V6,,,,
588,chgis_map_layer,county_seat,同時期CHGIS,county,,43484,,,,,,,建興縣,建興縣,0,,,,0,0,113.23660000000899,30.189539999995933,1,seat,,CHGIS V6,,,,
588,chgis_map_layer,county_seat,同時期CHGIS,county,,43504,,,,,,,西陵縣,西陵縣,0,,,,0,0,115.08959000027808,30.212709999845718,1,seat,,CHGIS V6,,,,
588,chgis_map_layer,county_seat,同時期CHGIS,county,,43505,,,,,,,西陽縣,西陽縣,0,,,,0,0,115.00715000024887,30.417849999861055,1,seat,,CHGIS V6,,,,
588,chgis_map_layer,county_seat,同時期CHGIS,county,,43507,,,,,,,齊安縣,齊安縣,0,,,,0,0,114.73906000016999,31.01267999990355,1,seat,,CHGIS V6,,,,
588,chgis_map_layer,county_seat,同時期CHGIS,county,,43508,,,,,,,南安縣,南安縣,0,,,,0,0,114.79912000018548,30.845839999895368,1,seat,,CHGIS V6,,,,
588,chgis_map_layer,county_seat,同時期CHGIS,county,,43512,,,,,,,梁安縣,梁安縣,0,,,,0,0,114.36078000009272,31.088379999948913,1,seat,,CHGIS V6,,,,
588,chgis_map_layer,county_seat,同時期CHGIS,county,,43517,,,,,,,浠水縣,浠水縣,0,,,,0,0,115.2520400003491,30.458689999800647,1,seat,,CHGIS V6,,,,
588,chgis_map_layer,county_seat,同時期CHGIS,county,,43521,,,,,,,蘄水縣,蘄水縣,0,,,,0,0,115.42464000043705,30.448979999746868,1,seat,,CHGIS V6,,,,
588,chgis_map_layer,county_seat,同時期CHGIS,county,,43524,,,,,,,羅田縣,羅田縣,0,,,,0,0,115.59943000054555,30.802639999670486,1,seat,,CHGIS V6,,,,
588,chgis_map_layer,county_seat,同時期CHGIS,county,,43528,,,,,,,信安縣,信安縣,0,,,,0,0,115.10857000029122,31.216589999826894,1,seat,,CHGIS V6,,,,
588,chgis_map_layer,county_seat,同時期CHGIS,county,,43546,,,,,,,齊昌縣,齊昌縣,0,,,,0,0,115.47425000046414,30.304809999732626,1,seat,,CHGIS V6,,,,
588,chgis_map_layer,county_seat,同時期CHGIS,county,,43555,,,,,,,永興縣,永興縣,0,,,,0,0,115.85098000072644,30.100049999572438,1,seat,,CHGIS V6,,,,
588,chgis_map_layer,county_seat,同時期CHGIS,county,,43564,,,,,,,角陵縣,角陵縣,0,,,,0,0,113.11685000000692,31.024809999996847,1,seat,,CHGIS V6,,,,
588,chgis_map_layer,county_seat,同時期CHGIS,county,,43565,,,,,,,盤陂縣,盤陂縣,0,,,,0,0,112.74361000000243,30.97688999999902,1,seat,,CHGIS V6,,,,
588,chgis_map_layer,county_seat,同時期CHGIS,county,,43570,,,,,,,長壽縣,長壽縣,0,,,,0,0,112.58926000000146,31.169829999999436,1,seat,,CHGIS V6,,,,
588,chgis_map_layer,county_seat,同時期CHGIS,county,,43574,,,,,,,藍水縣,藍水縣,0,,,,0,0,112.4519300000009,31.303849999999656,1,seat,,CHGIS V6,,,,
588,chgis_map_layer,county_seat,同時期CHGIS,county,,43577,,,,,,,滶水縣,滶水縣,0,,,,0,0,112.57552000000142,31.190839999999454,1,seat,,CHGIS V6,,,,
588,chgis_map_layer,county_seat,同時期CHGIS,county,,43578,,,,,,,[艸汾]川縣,[艸汾]川縣,0,,,,0,0,112.6492700000018,31.289649999999277,1,seat,,CHGIS V6,,,,
588,chgis_map_layer,county_seat,同時期CHGIS,county,,43579,,,,,,,上蔡縣,上蔡縣,0,,,,0,0,112.48383000000105,31.43332999999961,1,seat,,CHGIS V6,,,,
588,chgis_map_layer,county_seat,同時期CHGIS,county,,43581,,,,,,,豐鄉縣,豐鄉縣,0,,,,0,0,112.54124000000125,30.88809999999953,1,seat,,CHGIS V6,,,,
588,chgis_map_layer,county_seat,同時期CHGIS,county,,43586,,,,,,,富水縣,富水縣,0,,,,0,0,113.35157000001243,31.13005999999402,1,seat,,CHGIS V6,,,,
588,chgis_map_layer,county_seat,同時期CHGIS,county,,43597,,,,,,,竟陵縣,竟陵縣,0,,,,0,0,113.1641200000077,30.656249999996522,1,seat,,CHGIS V6,,,,
588,chgis_map_layer,county_seat,同時期CHGIS,county,,43603,,,,,,,安陸縣,安陸縣,0,,,,0,0,113.68892000002639,31.263709999986443,1,seat,,CHGIS V6,,,,
588,chgis_map_layer,county_seat,同時期CHGIS,county,,43605,,,,,,,雲夢縣,雲夢縣,0,,,,0,0,113.74640000002945,31.02581999998492,1,seat,,CHGIS V6,,,,
588,chgis_map_layer,county_seat,同時期CHGIS,county,,43611,,,,,,,應城縣,應城縣,0,,,,0,0,113.56968000002023,30.94599999998997,1,seat,,CHGIS V6,,,,
588,chgis_map_layer,county_seat,同時期CHGIS,county,,43621,,,,,,,隋縣,隋縣,0,,,,0,0,113.36982000001325,31.715109999993405,1,seat,,CHGIS V6,,,,
588,chgis_map_layer,county_seat,同時期CHGIS,county,,43625,,,,,,,下溠縣,下溠縣,0,,,,0,0,113.12449000000733,31.9860899999965,1,seat,,CHGIS V6,,,,
588,chgis_map_layer,county_seat,同時期CHGIS,county,,43632,,,,,,,[氵厥]西縣,[氵厥]西縣,0,,,,0,0,113.35007000001269,31.879059999993633,1,seat,,CHGIS V6,,,,
588,chgis_map_layer,county_seat,同時期CHGIS,county,,43633,,,,,,,順義縣,順義縣,0,,,,0,0,113.29293000001115,32.059109999994426,1,seat,,CHGIS V6,,,,
588,chgis_map_layer,county_seat,同時期CHGIS,county,,43634,,,,,,,厲城縣,厲城縣,0,,,,0,0,113.27699000001074,32.1689499999946,1,seat,,CHGIS V6,,,,
588,chgis_map_layer,county_seat,同時期CHGIS,county,,43637,,,,,,,安貴縣,安貴縣,0,,,,0,0,113.20403000000888,31.749979999995713,1,seat,,CHGIS V6,,,,
588,chgis_map_layer,county_seat,同時期CHGIS,county,,43640,,,,,,,光化縣,光化縣,0,,,,0,0,113.4644200000164,31.6402999999917,1,seat,,CHGIS V6,,,,
588,chgis_map_layer,county_seat,同時期CHGIS,county,,43641,,,,,,,安化縣,安化縣,0,,,,0,0,113.25572000001021,32.13724999999491,1,seat,,CHGIS V6,,,,
588,chgis_map_layer,county_seat,同時期CHGIS,county,,43645,,,,,,,平林縣,平林縣,0,,,,0,0,113.50555000001822,32.0455199999905,1,seat,,CHGIS V6,,,,
588,chgis_map_layer,county_seat,同時期CHGIS,county,,43646,,,,,,,洛平縣,洛平縣,0,,,,0,0,113.7101900000283,32.24255999998451,1,seat,,CHGIS V6,,,,
588,chgis_map_layer,county_seat,同時期CHGIS,county,,43649,,,,,,,左陽縣,左陽縣,0,,,,0,0,113.44044000001564,31.87225999999201,1,seat,,CHGIS V6,,,,
588,chgis_map_layer,county_seat,同時期CHGIS,county,,43652,,,,,,,石武縣,石武縣,0,,,,0,0,113.49890000001788,31.87791999999079,1,seat,,CHGIS V6,,,,
588,chgis_map_layer,county_seat,同時期CHGIS,county,,43655,,,,,,,漳川縣,漳川縣,0,,,,0,0,113.50422000001807,31.834889999990708,1,seat,,CHGIS V6,,,,
588,chgis_map_layer,county_seat,同時期CHGIS,county,,43657,,,,,,,橫山縣,橫山縣,0,,,,0,0,113.22118000000927,31.7997899999955,1,seat,,CHGIS V6,,,,
588,chgis_map_layer,county_seat,同時期CHGIS,county,,43659,,,,,,,清騰縣,清騰縣,0,,,,0,0,113.25572000001,31.439679999995207,1,seat,,CHGIS V6,,,,
588,chgis_map_layer,county_seat,同時期CHGIS,county,,43661,,,,,,,永陽縣,永陽縣,0,,,,0,0,113.81899000003474,31.618319999981416,1,seat,,CHGIS V6,,,,
588,chgis_map_layer,county_seat,同時期CHGIS,county,,43666,,,,,,,樂寧縣,樂寧縣,0,,,,0,0,113.84042000003635,31.69220999998042,1,seat,,CHGIS V6,,,,
588,chgis_map_layer,county_seat,同時期CHGIS,county,,43670,,,,,,,平靖縣,平靖縣,0,,,,0,0,113.84470000003672,31.75180999998014,1,seat,,CHGIS V6,,,,
588,chgis_map_layer,county_seat,同時期CHGIS,county,,43672,,,,,,,京池縣,京池縣,0,,,,0,0,113.92281000004238,31.406839999977322,1,seat,,CHGIS V6,,,,
588,chgis_map_layer,county_seat,同時期CHGIS,county,,43676,,,,,,,江陵縣,江陵縣,0,,,,0,0,112.19077000000028,30.350439999999903,1,seat,,CHGIS V6,,,,
588,chgis_map_layer,county_seat,同時期CHGIS,county,,43678,,,,,,,廣牧縣,廣牧縣,0,,,,0,0,112.3587500000006,30.36275999999979,1,seat,,CHGIS V6,,,,
588,chgis_map_layer,county_seat,同時期CHGIS,county,,43682,,,,,,,定襄縣,定襄縣,0,,,,0,0,112.22719000000036,30.398999999999894,1,seat,,CHGIS V6,,,,
588,chgis_map_layer,county_seat,同時期CHGIS,county,,43684,,,,,,,紫陵縣,紫陵縣,0,,,,0,0,112.45177000000089,30.397869999999692,1,seat,,CHGIS V6,,,,
588,chgis_map_layer,county_seat,同時期CHGIS,county,,43687,,,,,,,公安縣,公安縣,0,,,,0,0,112.22649000000035,30.05752999999989,1,seat,,CHGIS V6,,,,
588,chgis_map_layer,county_seat,同時期CHGIS,county,,43697,,,,,,,孱陵縣,孱陵縣,0,,,,0,0,112.13749000000026,30.07347999999993,1,seat,,CHGIS V6,,,,
588,chgis_map_layer,county_seat,同時期CHGIS,county,,43705,,,,,,,監利縣,監利縣,0,,,,0,0,112.9574000000043,30.05145999999819,1,seat,,CHGIS V6,,,,
588,chgis_map_layer,county_seat,同時期CHGIS,county,,43717,,,,,,,松滋縣,松滋縣,0,,,,0,0,111.71407000000004,30.3457,1,seat,,CHGIS V6,,,,
588,chgis_map_layer,county_seat,同時期CHGIS,county,,43721,,,,,,,枝江縣,枝江縣,0,,,,0,0,111.69465000000001,30.37009,1,seat,,CHGIS V6,,,,
588,chgis_map_layer,county_seat,同時期CHGIS,county,,43732,,,,,,,夷道縣,夷道縣,0,,,,0,0,111.45792,30.392389999999995,1,seat,,CHGIS V6,,,,
588,chgis_map_layer,county_seat,同時期CHGIS,county,,43733,,,,,,,宜都縣,宜都縣,0,,,,0,0,111.45792,30.392389999999995,1,seat,,CHGIS V6,,,,
588,chgis_map_layer,county_seat,同時期CHGIS,county,,45651,,,,,,,襄陽縣,襄陽縣,0,,,,0,0,112.15870000000028,32.026519999999906,1,seat,,CHGIS V6,,,,
588,chgis_map_layer,county_seat,同時期CHGIS,county,,45655,,,,,,,安養縣,安養縣,0,,,,0,0,112.15051000000027,32.045169999999914,1,seat,,CHGIS V6,,,,
588,chgis_map_layer,county_seat,同時期CHGIS,county,,45665,,,,,,,常平縣,常平縣,0,,,,0,0,112.06400000000016,32.028139999999944,1,seat,,CHGIS V6,,,,
588,chgis_map_layer,county_seat,同時期CHGIS,county,,45666,,,,,,,旱停縣,旱停縣,0,,,,0,0,112.04739000000018,31.97555999999996,1,seat,,CHGIS V6,,,,
588,chgis_map_layer,county_seat,同時期CHGIS,county,,45672,,,,,,,率道縣,率道縣,0,,,,0,0,112.17672000000032,31.80448999999989,1,seat,,CHGIS V6,,,,
588,chgis_map_layer,county_seat,同時期CHGIS,county,,45680,,,,,,,漢南縣,漢南縣,0,,,,0,0,112.26013000000046,31.710699999999854,1,seat,,CHGIS V6,,,,
588,chgis_map_layer,county_seat,同時期CHGIS,county,,45682,,,,,,,上洪縣,上洪縣,0,,,,0,0,112.32003000000056,31.720069999999804,1,seat,,CHGIS V6,,,,
588,chgis_map_layer,county_seat,同時期CHGIS,county,,45687,,,,,,,思安縣,思安縣,0,,,,0,0,111.84473000000007,31.781879999999987,1,seat,,CHGIS V6,,,,
588,chgis_map_layer,county_seat,同時期CHGIS,county,,45699,,,,,,,義清縣,義清縣,0,,,,0,0,112.02380000000014,31.915449999999947,1,seat,,CHGIS V6,,,,
588,chgis_map_layer,county_seat,同時期CHGIS,county,,45703,,,,,,,廣昌縣,廣昌縣,0,,,,0,0,112.75660000000265,32.13201999999887,1,seat,,CHGIS V6,,,,
588,chgis_map_layer,county_seat,同時期CHGIS,county,,45710,,,,,,,蔡陽縣,蔡陽縣,0,,,,0,0,112.51083000000116,32.08643999999954,1,seat,,CHGIS V6,,,,
588,chgis_map_layer,county_seat,同時期CHGIS,county,,45715,,,,,,,舂陵縣,舂陵縣,0,,,,0,0,112.77004000000275,31.999209999998822,1,seat,,CHGIS V6,,,,
588,chgis_map_layer,county_seat,同時期CHGIS,county,,45716,,,,,,,清潭縣,清潭縣,0,,,,0,0,112.8156900000031,31.78693999999865,1,seat,,CHGIS V6,,,,
588,chgis_map_layer,county_seat,同時期CHGIS,county,,45717,,,,,,,豐良縣,豐良縣,0,,,,0,0,112.79626000000293,31.935559999998727,1,seat,,CHGIS V6,,,,
588,chgis_map_layer,county_seat,同時期CHGIS,county,,45718,,,,,,,瀴源縣,瀴源縣,0,,,,0,0,112.64621000000186,31.80945999999926,1,seat,,CHGIS V6,,,,
588,chgis_map_layer,county_seat,同時期CHGIS,county,,45720,,,,,,,雙泉縣,雙泉縣,0,,,,0,0,112.90199000000403,32.05694999999818,1,seat,,CHGIS V6,,,,
588,chgis_map_layer,county_seat,同時期CHGIS,county,,45731,,,,,,,義成縣,義成縣,0,,,,0,0,111.66466000000001,32.26756999999999,1,seat,,CHGIS V6,,,,
588,chgis_map_layer,county_seat,同時期CHGIS,county,,45752,,,,,,,陰城縣,陰城縣,0,,,,0,0,111.62382000000002,32.462709999999994,1,seat,,CHGIS V6,,,,
588,chgis_map_layer,county_seat,同時期CHGIS,county,,45755,,,,,,,武當縣,武當縣,0,,,,0,0,111.16658000000001,32.68161,1,seat,,CHGIS V6,,,,
588,chgis_map_layer,county_seat,同時期CHGIS,county,,45759,,,,,,,均陽縣,均陽縣,0,,,,0,0,111.49931,32.607690000000005,1,seat,,CHGIS V6,,,,
588,chgis_map_layer,county_seat,同時期CHGIS,county,,45760,,,,,,,廣福縣,廣福縣,0,,,,0,0,110.83472,32.758449999999996,1,seat,,CHGIS V6,,,,
588,chgis_map_layer,county_seat,同時期CHGIS,county,,45766,,,,,,,長寧縣,長寧縣,0,,,,0,0,112.02467000000014,31.085799999999963,1,seat,,CHGIS V6,,,,
588,chgis_map_layer,county_seat,同時期CHGIS,county,,45771,,,,,,,長林縣,長林縣,0,,,,0,0,112.19842000000034,31.028729999999893,1,seat,,CHGIS V6,,,,
588,chgis_map_layer,county_seat,同時期CHGIS,county,,45773,,,,,,,樂鄉縣,樂鄉縣,0,,,,0,0,112.26808000000047,31.29765999999985,1,seat,,CHGIS V6,,,,
588,chgis_map_layer,county_seat,同時期CHGIS,county,,45774,,,,,,,綠麻縣,綠麻縣,0,,,,0,0,112.58973000000144,30.710379999999446,1,seat,,CHGIS V6,,,,
588,chgis_map_layer,county_seat,同時期CHGIS,county,,45777,,,,,,,當陽縣,當陽縣,0,,,,0,0,111.78712000000006,30.831509999999994,1,seat,,CHGIS V6,,,,
588,chgis_map_layer,county_seat,同時期CHGIS,county,,45783,,,,,,,臨沮縣,臨沮縣,0,,,,0,0,111.69106000000004,30.915389999999988,1,seat,,CHGIS V6,,,,
588,chgis_map_layer,county_seat,同時期CHGIS,county,,45786,,,,,,,遠安縣,遠安縣,0,,,,0,0,111.60779000000002,31.12078000000001,1,seat,,CHGIS V6,,,,
588,chgis_map_layer,county_seat,同時期CHGIS,county,,45789,,,,,,,安居縣,安居縣,0,,,,0,0,111.99052000000013,30.941159999999957,1,seat,,CHGIS V6,,,,
588,chgis_map_layer,county_seat,同時期CHGIS,county,,45799,,,,,,,夷陵縣,夷陵縣,0,,,,0,0,111.15431999999998,30.83785,1,seat,,CHGIS V6,,,,
588,chgis_map_layer,county_seat,同時期CHGIS,county,,45808,,,,,,,宜昌縣,宜昌縣,0,,,,0,0,111.03435999999999,30.819029999999998,1,seat,,CHGIS V6,,,,
588,chgis_map_layer,county_seat,同時期CHGIS,county,,45811,,,,,,,秭歸縣,秭歸縣,0,,,,0,0,110.69416000000001,30.999619999999997,1,seat,,CHGIS V6,,,,
588,chgis_map_layer,county_seat,同時期CHGIS,county,,45823,,,,,,,長楊縣,長楊縣,0,,,,0,0,111.1915,30.474219999999995,1,seat,,CHGIS V6,,,,
588,chgis_map_layer,county_seat,同時期CHGIS,county,,45825,,,,,,,鹽水縣,鹽水縣,0,,,,0,0,110.38929999999998,30.459169999999997,1,seat,,CHGIS V6,,,,
588,chgis_map_layer,county_seat,同時期CHGIS,county,,45826,,,,,,,巴山縣,巴山縣,0,,,,0,0,110.80169999999998,30.45259,1,seat,,CHGIS V6,,,,
588,chgis_map_layer,county_seat,同時期CHGIS,county,,45838,,,,,,,樂鄉縣,樂鄉縣,0,,,,0,0,110.40453,31.030020000000007,1,seat,,CHGIS V6,,,,
588,chgis_map_layer,county_seat,同時期CHGIS,county,,45855,,,,,,,清江縣,清江縣,0,,,,0,0,109.47860999999888,30.272259999999598,1,seat,,CHGIS V6,,,,
588,chgis_map_layer,county_seat,同時期CHGIS,county,,45914,,,,,,,建始縣,建始縣,0,,,,0,0,109.88731999999978,30.61212999999993,1,seat,,CHGIS V6,,,,
588,chgis_map_layer,county_seat,同時期CHGIS,county,,45917,,,,,,,開夷縣,開夷縣,0,,,,0,0,109.45477999999879,30.559349999999544,1,seat,,CHGIS V6,,,,
588,chgis_map_layer,county_seat,同時期CHGIS,county,,45918,,,,,,,鄖鄉縣,鄖鄉縣,0,,,,0,0,110.81399000000002,32.833740000000006,1,seat,,CHGIS V6,,,,
588,chgis_map_layer,county_seat,同時期CHGIS,county,,45922,,,,,,,光遷縣,光遷縣,0,,,,0,0,110.72715,32.058969999999995,1,seat,,CHGIS V6,,,,
588,chgis_map_layer,county_seat,同時期CHGIS,county,,45937,,,,,,,竹山縣,竹山縣,0,,,,0,0,110.22859999999997,32.22612999999999,1,seat,,CHGIS V6,,,,
588,chgis_map_layer,county_seat,同時期CHGIS,county,,200172,,,,,,,上庸縣,上庸縣,0,,,,0,0,109.94072999999983,32.18866999999995,1,seat,,CHGIS V6,,,,
588,chgis_map_layer,county_seat,同時期CHGIS,county,,45954,,,,,,,永清縣,永清縣,0,,,,0,0,111.00284000000002,31.946570000000005,1,seat,,CHGIS V6,,,,
588,chgis_map_layer,county_seat,同時期CHGIS,county,,45965,,,,,,,上津縣,上津縣,0,,,,0,0,110.04037499999987,33.143561999999974,1,seat,,CHGIS V6,,,,
588,chgis_map_layer,county_seat,同時期CHGIS,county,,45984,,,,,,,京山縣,京山縣,0,,,,0,0,113.29560000001074,30.88538999999493,1,seat,,CHGIS V6,,,,
588,chgis_map_layer,county_seat,同時期CHGIS,county,,45986,,,,,,,滶陂縣,滶陂縣,0,,,,0,0,112.72391000000232,31.36999999999906,1,seat,,CHGIS V6,,,,
588,chgis_map_layer,county_seat,同時期CHGIS,county,,45989,,,,,,,武山縣,武山縣,0,,,,0,0,112.36967000000068,31.289749999999774,1,seat,,CHGIS V6,,,,
588,chgis_map_layer,county_seat,同時期CHGIS,county,,46003,,,,,,,清嘉縣,清嘉縣,0,,,,0,0,113.23782000000969,31.907679999995242,1,seat,,CHGIS V6,,,,
588,chgis_map_layer,county_seat,同時期CHGIS,county,,46007,,,,,,,汝南縣,汝南縣,0,,,,0,0,114.1354100000609,30.342889999968516,1,seat,,CHGIS V6,,,,
588,chgis_map_layer,county_seat,同時期CHGIS,county,,200177,,,,,,,石城縣,石城縣,0,,,,0,0,108.85798699999319,29.58149199999704,1,seat,,CHGIS V6,,,,
588,chgis_map_layer,county_seat,同時期CHGIS,county,,96285,,,,,,,鹽亭縣,鹽亭縣,0,,,,0,0,105.38626899843219,31.225324998870608,1,seat,,CHGIS V6,,,,
588,chgis_map_layer,county_seat,同時期CHGIS,county,,96291,,,,,,,玄武縣,玄武縣,0,,,,0,0,104.67384299728464,31.04058999773063,1,seat,,CHGIS V6,,,,
588,chgis_map_layer,county_seat,同時期CHGIS,county,,200186,,,,,,,射洪縣,射洪縣,0,,,,0,0,105.28322599827827,30.990922998764717,1,seat,,CHGIS V6,,,,
588,chgis_map_layer,county_seat,同時期CHGIS,county,,96299,,,,,,,通泉縣,通泉縣,0,,,,0,0,105.44238499849881,30.780305998974793,1,seat,,CHGIS V6,,,,
588,chgis_map_layer,county_seat,同時期CHGIS,county,,96307,,,,,,,高渠縣,高渠縣,0,,,,0,0,105.34639299837612,31.206148998823604,1,seat,,CHGIS V6,,,,
588,chgis_map_layer,county_seat,同時期CHGIS,county,,96311,,,,,,,方義縣,方義縣,0,,,,0,0,105.5748599986708,30.509244999132633,1,seat,,CHGIS V6,,,,
588,chgis_map_layer,county_seat,同時期CHGIS,county,,96314,,,,,,,長江縣,長江縣,0,,,,0,0,105.7079239988333,30.778466999235796,1,seat,,CHGIS V6,,,,
588,chgis_map_layer,county_seat,同時期CHGIS,county,,96323,,,,,,,柔剛縣,柔剛縣,0,,,,0,0,105.45487999851142,30.348727999024064,1,seat,,CHGIS V6,,,,
588,chgis_map_layer,county_seat,同時期CHGIS,county,,96325,,,,,,,多業縣,多業縣,0,,,,0,0,105.21672799815974,30.27406499875183,1,seat,,CHGIS V6,,,,
588,chgis_map_layer,county_seat,同時期CHGIS,county,,96329,,,,,,,始興縣,始興縣,0,,,,0,0,105.77625299891095,30.32462899931955,1,seat,,CHGIS V6,,,,
588,chgis_map_layer,county_seat,同時期CHGIS,county,,96333,,,,,,,安嶽縣,安嶽縣,0,,,,0,0,105.33315299833612,30.1032429989106,1,seat,,CHGIS V6,,,,
588,chgis_map_layer,county_seat,同時期CHGIS,county,,96336,,,,,,,永康縣,永康縣,0,,,,0,0,105.08673899794422,30.038920998601252,1,seat,,CHGIS V6,,,,
588,chgis_map_layer,county_seat,同時期CHGIS,county,,96343,,,,,,,昌城縣,昌城縣,0,,,,0,0,105.0891339979701,30.76613799851922,1,seat,,CHGIS V6,,,,
588,chgis_map_layer,county_seat,同時期CHGIS,county,,200190,,,,,,,儀隆縣,儀隆縣,0,,,,0,0,106.40127599945274,31.519668999650158,1,seat,,CHGIS V6,,,,
588,chgis_map_layer,county_seat,同時期CHGIS,county,,96199,,,,,,,鄰水縣,鄰水縣,0,,,,0,0,106.90544899971819,30.472384999841015,1,seat,,CHGIS V6,,,,
588,chgis_map_layer,county_seat,同時期CHGIS,county,,96206,,,,,,,相如縣,相如縣,0,,,,0,0,106.37735799943795,31.032853999653636,1,seat,,CHGIS V6,,,,
588,chgis_map_layer,county_seat,同時期CHGIS,county,,96217,,,,,,,綏安縣,綏安縣,0,,,,0,0,106.74749799964627,31.279523999785887,1,seat,,CHGIS V6,,,,
588,chgis_map_layer,county_seat,同時期CHGIS,county,,96220,,,,,,,大寅縣,大寅縣,0,,,,0,0,106.63787099959184,31.36056699974874,1,seat,,CHGIS V6,,,,
588,chgis_map_layer,county_seat,同時期CHGIS,county,,96233,,,,,,,始安縣,始安縣,0,,,,0,0,106.63633699959522,30.534615999765432,1,seat,,CHGIS V6,,,,
588,chgis_map_layer,county_seat,同時期CHGIS,county,,96242,,,,,,,安固縣,安固縣,0,,,,0,0,106.60523199957497,31.221837999740295,1,seat,,CHGIS V6,,,,
588,chgis_map_layer,county_seat,同時期CHGIS,county,,96246,,,,,,,宣漢縣,宣漢縣,0,,,,0,0,106.73039199963743,31.538253999775772,1,seat,,CHGIS V6,,,,
588,chgis_map_layer,county_seat,同時期CHGIS,county,,96250,,,,,,,宕渠縣,宕渠縣,0,,,,0,0,106.76949299965706,31.114945999795378,1,seat,,CHGIS V6,,,,
588,chgis_map_layer,county_seat,同時期CHGIS,county,,96261,,,,,,,石城縣,石城縣,0,,,,0,0,107.49544499988194,31.213782999933542,1,seat,,CHGIS V6,,,,
588,chgis_map_layer,county_seat,同時期CHGIS,county,,96266,,,,,,,東鄉縣,東鄉縣,0,,,,0,0,107.76241299992418,31.535119999957566,1,seat,,CHGIS V6,,,,
588,chgis_map_layer,county_seat,同時期CHGIS,county,,96268,,,,,,,三岡縣,三岡縣,0,,,,0,0,107.37526699985732,31.098332999919403,1,seat,,CHGIS V6,,,,
588,chgis_map_layer,county_seat,同時期CHGIS,county,,96271,,,,,,,石鼓縣,石鼓縣,0,,,,0,0,107.68608099991395,31.283854999952244,1,seat,,CHGIS V6,,,,
588,chgis_map_layer,county_seat,同時期CHGIS,county,,96273,,,,,,,永康縣,永康縣,0,,,,0,0,107.19512899981135,31.264104999890506,1,seat,,CHGIS V6,,,,
588,chgis_map_layer,county_seat,同時期CHGIS,county,,96276,,,,,,,流江縣,流江縣,0,,,,0,0,106.96887999974014,30.842978999850533,1,seat,,CHGIS V6,,,,
588,chgis_map_layer,county_seat,同時期CHGIS,county,,200207,,,,,,,宣漢縣,宣漢縣,0,,,,0,0,108.06024899995614,31.483235999976372,1,seat,,CHGIS V6,,,,
588,chgis_map_layer,county_seat,同時期CHGIS,county,,96060,,,,,,,峨眉縣,峨眉縣,0,,,,0,0,103.76269499540194,29.564744995514936,1,seat,,CHGIS V6,,,,
588,chgis_map_layer,county_seat,同時期CHGIS,county,,96077,,,,,,,犍為縣,犍為縣,0,,,,0,0,103.99326899572357,29.140456996414656,1,seat,,CHGIS V6,,,,
588,chgis_map_layer,county_seat,同時期CHGIS,county,,96088,,,,,,,平羌縣,平羌縣,0,,,,0,0,103.6461149952836,29.67323799503198,1,seat,,CHGIS V6,,,,
588,chgis_map_layer,county_seat,同時期CHGIS,county,,200214,,,,,,,威遠縣,威遠縣,0,,,,0,0,104.66352799714721,29.524943997970624,1,seat,,CHGIS V6,,,,
588,chgis_map_layer,county_seat,同時期CHGIS,county,,96390,,,,,,,磐石縣,磐石縣,0,,,,0,0,104.84715999751151,29.778739998262868,1,seat,,CHGIS V6,,,,
588,chgis_map_layer,county_seat,同時期CHGIS,county,,96392,,,,,,,資陽縣,資陽縣,0,,,,0,0,104.64707199714643,30.123019997837773,1,seat,,CHGIS V6,,,,
588,chgis_map_layer,county_seat,同時期CHGIS,county,,96403,,,,,,,內江縣,內江縣,0,,,,0,0,105.06397199790116,29.583381998621032,1,seat,,CHGIS V6,,,,
588,chgis_map_layer,county_seat,同時期CHGIS,county,,96411,,,,,,,普寧縣,普寧縣,0,,,,0,0,104.12978599612933,29.99568999659119,1,seat,,CHGIS V6,,,,
588,chgis_map_layer,county_seat,同時期CHGIS,county,,96414,,,,,,,籍縣,籍縣,0,,,,0,0,104.02069099601177,30.30988699616577,1,seat,,CHGIS V6,,,,
588,chgis_map_layer,county_seat,同時期CHGIS,county,,96422,,,,,,,蒲亭縣,蒲亭縣,0,,,,0,0,104.14396699614285,29.92514999665114,1,seat,,CHGIS V6,,,,
588,chgis_map_layer,county_seat,同時期CHGIS,county,,96166,,,,,,,洪雅縣,洪雅縣,0,,,,0,0,103.51103199532896,30.018790994326654,1,seat,,CHGIS V6,,,,
588,chgis_map_layer,county_seat,同時期CHGIS,county,,96174,,,,,,,廣通縣,廣通縣,0,,,,0,0,103.86265599571337,30.10996999569181,1,seat,,CHGIS V6,,,,
588,chgis_map_layer,county_seat,同時期CHGIS,county,,96183,,,,,,,隆山縣,隆山縣,0,,,,0,0,103.87472499575834,30.197225995705775,1,seat,,CHGIS V6,,,,
588,chgis_map_layer,county_seat,同時期CHGIS,county,,96189,,,,,,,青神縣,青神縣,0,,,,0,0,103.82508099555135,29.757039995675164,1,seat,,CHGIS V6,,,,
588,chgis_map_layer,county_seat,同時期CHGIS,county,,96364,,,,,,,始陽縣,始陽縣,0,,,,0,0,102.99500999581018,29.988826991666148,1,seat,,CHGIS V6,,,,
588,chgis_map_layer,county_seat,同時期CHGIS,county,,96375,,,,,,,蒙山縣,蒙山縣,0,,,,0,0,103.10830699563954,30.088456992267606,1,seat,,CHGIS V6,,,,
588,chgis_map_layer,county_seat,同時期CHGIS,county,,96024,,,,,,,江陽縣,江陽縣,0,,,,0,0,105.44804399852025,28.887687999129454,1,seat,,CHGIS V6,,,,
588,chgis_map_layer,county_seat,同時期CHGIS,county,,96033,,,,,,,合江縣,合江縣,0,,,,0,0,105.83499899900126,28.808539999440978,1,seat,,CHGIS V6,,,,
588,chgis_map_layer,county_seat,同時期CHGIS,county,,96039,,,,,,,綿水縣,綿水縣,0,,,,0,0,105.01163499782209,28.679358998649583,1,seat,,CHGIS V6,,,,
588,chgis_map_layer,county_seat,同時期CHGIS,county,,96046,,,,,,,漢安縣,漢安縣,0,,,,0,0,105.22586799818812,28.744395998909994,1,seat,,CHGIS V6,,,,
588,chgis_map_layer,county_seat,同時期CHGIS,county,,96109,,,,,,,安壽縣,安壽縣,0,,,,0,0,105.15744799812374,31.637431998517254,1,seat,,CHGIS V6,,,,
588,chgis_map_layer,county_seat,同時期CHGIS,county,,96116,,,,,,,巴西縣,巴西縣,0,,,,0,0,104.76016999748445,31.47625899783448,1,seat,,CHGIS V6,,,,
588,chgis_map_layer,county_seat,同時期CHGIS,county,,96123,,,,,,,萬安縣,萬安縣,0,,,,0,0,104.50381499703434,31.3044319972874,1,seat,,CHGIS V6,,,,
588,chgis_map_layer,county_seat,同時期CHGIS,county,,96127,,,,,,,魏城縣,魏城縣,0,,,,0,0,105.09188799801004,31.414163998443538,1,seat,,CHGIS V6,,,,
588,chgis_map_layer,county_seat,同時期CHGIS,county,,200240,,,,,,,金山縣,金山縣,0,,,,0,0,104.41858699697089,31.647220996989486,1,seat,,CHGIS V6,,,,
588,chgis_map_layer,county_seat,同時期CHGIS,county,,96138,,,,,,,晉熙縣,晉熙縣,0,,,,0,0,104.56127899716971,31.536356997378803,1,seat,,CHGIS V6,,,,
588,chgis_map_layer,county_seat,同時期CHGIS,county,,96001,,,,,,,江油縣,江油縣,0,,,,0,0,104.83263399769572,32.201789997859635,1,seat,,CHGIS V6,,,,
588,chgis_map_layer,county_seat,同時期CHGIS,county,,96007,,,,,,,平武縣,平武縣,0,,,,0,0,104.82452399773383,32.52627199778698,1,seat,,CHGIS V6,,,,
588,chgis_map_layer,county_seat,同時期CHGIS,county,,96009,,,,,,,方維縣,方維縣,0,,,,0,0,105.23342899830139,32.58771099852004,1,seat,,CHGIS V6,,,,
588,chgis_map_layer,county_seat,同時期CHGIS,county,,96010,,,,,,,馬盤縣,馬盤縣,0,,,,0,0,104.83754699774154,32.45975899782591,1,seat,,CHGIS V6,,,,
588,chgis_map_layer,county_seat,同時期CHGIS,county,,96014,,,,,,,昌隆縣,昌隆縣,0,,,,0,0,104.72021499745274,31.715625997707527,1,seat,,CHGIS V6,,,,
588,chgis_map_layer,county_seat,同時期CHGIS,county,,96019,,,,,,,北川縣,北川縣,0,,,,0,0,104.16492499669012,31.832576996182382,1,seat,,CHGIS V6,,,,
588,chgis_map_layer,county_seat,同時期CHGIS,county,,96425,,,,,,,嘉誠縣,嘉誠縣,0,,,,0,0,103.59583299719101,32.642104993519574,1,seat,,CHGIS V6,,,,
588,chgis_map_layer,county_seat,同時期CHGIS,county,,96426,,,,,,,交川縣,交川縣,0,,,,0,0,103.64057199700785,32.50670599380716,1,seat,,CHGIS V6,,,,
588,chgis_map_layer,county_seat,同時期CHGIS,county,,200249,,,,,,,清江縣,清江縣,0,,,,0,0,103.70559499645636,31.84144299440925,1,seat,,CHGIS V6,,,,
588,chgis_map_layer,county_seat,同時期CHGIS,county,,96430,,,,,,,翼針縣,翼針縣,0,,,,0,0,103.68110399660263,32.03566499421386,1,seat,,CHGIS V6,,,,
588,chgis_map_layer,county_seat,同時期CHGIS,county,,96438,,,,,,,廣年縣,廣年縣,0,,,,0,0,103.2174839977843,32.23085799162559,1,seat,,CHGIS V6,,,,
588,chgis_map_layer,county_seat,同時期CHGIS,county,,96441,,,,,,,平康縣,平康縣,0,,,,0,0,103.14770499809366,32.22988099118676,1,seat,,CHGIS V6,,,,
588,chgis_map_layer,county_seat,同時期CHGIS,county,,200252,,,,,,,汶川縣,汶川縣,0,,,,0,0,103.58236699625296,31.484021994002752,1,seat,,CHGIS V6,,,,
588,chgis_map_layer,county_seat,同時期CHGIS,county,,96051,,,,,,,廣陽縣,廣陽縣,0,,,,0,0,103.84887699637238,31.681813995081118,1,seat,,CHGIS V6,,,,
588,chgis_map_layer,county_seat,同時期CHGIS,county,,200254,,,,,,,金川縣,金川縣,0,,,,0,0,103.42144799648213,31.566546993164852,1,seat,,CHGIS V6,,,,
588,chgis_map_layer,county_seat,同時期CHGIS,county,,200264,,,,,,,依政縣,依政縣,0,,,,0,0,103.68990999559497,30.324369994959724,1,seat,,CHGIS V6,,,,
588,chgis_map_layer,county_seat,同時期CHGIS,county,,96160,,,,,,,臨溪縣,臨溪縣,0,,,,0,0,103.50612599548631,30.305232994180447,1,seat,,CHGIS V6,,,,
588,chgis_map_layer,county_seat,同時期CHGIS,county,,96161,,,,,,,廣定縣,廣定縣,0,,,,0,0,103.50630199542695,30.20177799422655,1,seat,,CHGIS V6,,,,
588,chgis_map_layer,county_seat,同時期CHGIS,county,,200270,,,,,,,邛都縣,邛都縣,0,,,,0,0,102.27412899703131,27.87166298817708,1,seat,,CHGIS V6,,,,
588,chgis_map_layer,county_seat,同時期CHGIS,county,,200276,,,,,,,越巂縣,越巂縣,0,,,,0,0,102.26552599713087,27.8921509880953,1,seat,,CHGIS V6,,,,
588,chgis_map_layer,county_seat,同時期CHGIS,county,,200280,,,,,,,台登縣,台登縣,0,,,,0,0,102.20047799835768,28.29368798726616,1,seat,,CHGIS V6,,,,
588,chgis_map_layer,county_seat,同時期CHGIS,county,,200291,,,,,,,邛部縣,邛部縣,0,,,,0,0,102.59438199593814,28.7169289899138,1,seat,,CHGIS V6,,,,
588,chgis_map_layer,county_seat,同時期CHGIS,county,,200328,,,,,,,僰道縣,僰道縣,0,,,,0,0,104.60747799702148,28.75619299798781,1,seat,,CHGIS V6,,,,
588,chgis_map_layer,county_seat,同時期CHGIS,county,,200334,,,,,,,開邊縣,開邊縣,0,,,,0,0,104.26999699627919,28.318313997352785,1,seat,,CHGIS V6,,,,
588,chgis_map_layer,county_seat,同時期CHGIS,county,,200336,,,,,,,富世縣,富世縣,0,,,,0,0,104.99614699778287,29.181910998571254,1,seat,,CHGIS V6,,,,
588,chgis_map_layer,county_seat,同時期CHGIS,county,,200348,,,,,,,南廣縣,南廣縣,0,,,,0,0,104.79382299740354,28.817643998306995,1,seat,,CHGIS V6,,,,
588,chgis_map_layer,county_seat,同時期CHGIS,county,,200393,,,,,,,難江縣,難江縣,0,,,,0,0,106.83665499968417,32.35484299979358,1,seat,,CHGIS V6,,,,
588,chgis_map_layer,county_seat,同時期CHGIS,county,,200397,,,,,,,褒內縣,褒內縣,0,,,,0,0,106.95718099973244,33.13321699981553,1,seat,,CHGIS V6,,,,
588,chgis_map_layer,county_seat,同時期CHGIS,county,,200401,,,,,,,嶓塚縣,嶓塚縣,0,,,,0,0,106.4849239995109,33.10473599964289,1,seat,,CHGIS V6,,,,
588,chgis_map_layer,county_seat,同時期CHGIS,county,,200403,,,,,,,鳴水縣,鳴水縣,0,,,,0,0,105.79384899898355,33.320440999147806,1,seat,,CHGIS V6,,,,
588,chgis_map_layer,county_seat,同時期CHGIS,county,,200404,,,,,,,長舉縣,長舉縣,0,,,,0,0,106.05838399922439,33.58559799936289,1,seat,,CHGIS V6,,,,
588,chgis_map_layer,county_seat,同時期CHGIS,county,,200410,,,,,,,豐寧縣,豐寧縣,0,,,,0,0,107.66581699990867,32.959224999942855,1,seat,,CHGIS V6,,,,
588,chgis_map_layer,county_seat,同時期CHGIS,county,,200413,,,,,,,豐陽縣,豐陽縣,0,,,,0,0,109.88782499999974,33.532203999999915,1,seat,,CHGIS V6,,,,
588,chgis_map_layer,county_seat,同時期CHGIS,county,,200419,,,,,,,洛南縣,洛南縣,0,,,,0,0,110.361298,34.026466,1,seat,,CHGIS V6,,,,
588,chgis_map_layer,county_seat,同時期CHGIS,county,,200423,,,,,,,黃土縣,黃土縣,0,,,,0,0,109.69840199999945,32.9367599999998,1,seat,,CHGIS V6,,,,
588,chgis_map_layer,county_seat,同時期CHGIS,county,,200427,,,,,,,豐利縣,豐利縣,0,,,,0,0,110.10785699999992,32.75595099999998,1,seat,,CHGIS V6,,,,
588,chgis_map_layer,county_seat,同時期CHGIS,county,,200436,,,,,,,臨河縣,臨河縣,0,,,,0,0,114.69875500015725,35.75485599986752,1,seat,,CHGIS V6,,,,
588,chgis_map_layer,county_seat,同時期CHGIS,county,,200450,,,,,,,盧氏縣,盧氏縣,0,,,,0,0,111.042442,34.054287000000016,1,seat,,CHGIS V6,,,,
588,chgis_map_layer,county_seat,同時期CHGIS,county,,43738,,,,,,,始安縣,始安縣,0,,,,0,0,110.286262,25.28006,1,seat,,CHGIS V6,,,,
588,chgis_map_layer,county_seat,同時期CHGIS,county,,43751,,,,,,,梁化縣,梁化縣,0,,,,0,0,109.77741299999985,24.91650799999994,1,seat,,CHGIS V6,,,,
588,chgis_map_layer,county_seat,同時期CHGIS,county,,43769,,,,,,,零陵縣,零陵縣,0,,,,0,0,110.90368000000001,25.858984000000003,1,seat,,CHGIS V6,,,,
588,chgis_map_layer,county_seat,同時期CHGIS,county,,43770,,,,,,,洮陽縣,洮陽縣,0,,,,0,0,111.169943,26.228656000000004,1,seat,,CHGIS V6,,,,
588,chgis_map_layer,county_seat,同時期CHGIS,county,,43775,,,,,,,觀陽縣,觀陽縣,0,,,,0,0,111.153641,25.487178999999998,1,seat,,CHGIS V6,,,,
588,chgis_map_layer,county_seat,同時期CHGIS,county,,43784,,,,,,,潭中縣,潭中縣,0,,,,0,0,109.42986299999944,24.279473999999723,1,seat,,CHGIS V6,,,,
588,chgis_map_layer,county_seat,同時期CHGIS,county,,43785,,,,,,,馬平縣,馬平縣,0,,,,0,0,109.4043959999994,24.309987999999702,1,seat,,CHGIS V6,,,,
588,chgis_map_layer,county_seat,同時期CHGIS,county,,43798,,,,,,,黃水縣,黃水縣,0,,,,0,0,108.77441899999508,24.958729999997605,1,seat,,CHGIS V6,,,,
588,chgis_map_layer,county_seat,同時期CHGIS,county,,43801,,,,,,,龍城縣,龍城縣,0,,,,0,0,109.24445599999886,24.532462999999446,1,seat,,CHGIS V6,,,,
588,chgis_map_layer,county_seat,同時期CHGIS,county,,43814,,,,,,,齊熙縣,齊熙縣,0,,,,0,0,109.24854299999875,25.06544299999943,1,seat,,CHGIS V6,,,,
588,chgis_map_layer,county_seat,同時期CHGIS,county,,43838,,,,,,,晉興縣,晉興縣,0,,,,0,0,108.27629099998924,23.166766999993083,1,seat,,CHGIS V6,,,,
588,chgis_map_layer,county_seat,同時期CHGIS,county,,43854,,,,,,,寧普縣,寧普縣,0,,,,0,0,109.25939899999949,22.67919499999956,1,seat,,CHGIS V6,,,,
588,chgis_map_layer,county_seat,同時期CHGIS,county,,43861,,,,,,,簡陽縣,簡陽縣,0,,,,0,0,109.05605299999904,22.645446999999148,1,seat,,CHGIS V6,,,,
588,chgis_map_layer,county_seat,同時期CHGIS,county,,43867,,,,,,,樂陽縣,樂陽縣,0,,,,0,0,109.40068199999969,22.744442999999734,1,seat,,CHGIS V6,,,,
588,chgis_map_layer,county_seat,同時期CHGIS,county,,43869,,,,,,,嶺縣,嶺縣,0,,,,0,0,108.98439799999878,22.62106299999894,1,seat,,CHGIS V6,,,,
588,chgis_map_layer,county_seat,同時期CHGIS,county,,43912,,,,,,,平樂縣,平樂縣,0,,,,0,0,110.63486899999998,24.642347000000004,1,seat,,CHGIS V6,,,,
588,chgis_map_layer,county_seat,同時期CHGIS,county,,43916,,,,,,,富川縣,富川縣,0,,,,0,0,111.29557000000001,24.526541000000005,1,seat,,CHGIS V6,,,,
588,chgis_map_layer,county_seat,同時期CHGIS,county,,43918,,,,,,,綏越縣,綏越縣,0,,,,0,0,111.351173,24.375565,1,seat,,CHGIS V6,,,,
588,chgis_map_layer,county_seat,同時期CHGIS,county,,43923,,,,,,,臨賀縣,臨賀縣,0,,,,0,0,111.65885200000002,24.336819,1,seat,,CHGIS V6,,,,
588,chgis_map_layer,county_seat,同時期CHGIS,county,,43926,,,,,,,蕩山縣,蕩山縣,0,,,,0,0,111.191238,24.22481,1,seat,,CHGIS V6,,,,
588,chgis_map_layer,county_seat,同時期CHGIS,county,,43928,,,,,,,興安縣,興安縣,0,,,,0,0,111.80012500000001,24.67234,1,seat,,CHGIS V6,,,,
588,chgis_map_layer,county_seat,同時期CHGIS,county,,43930,,,,,,,封陽縣,封陽縣,0,,,,0,0,111.71946,23.994185,1,seat,,CHGIS V6,,,,
588,chgis_map_layer,county_seat,同時期CHGIS,county,,43941,,,,,,,建陵縣,建陵縣,0,,,,0,0,110.22256699999998,24.422616999999995,1,seat,,CHGIS V6,,,,
588,chgis_map_layer,county_seat,同時期CHGIS,county,,43946,,,,,,,龍平縣,龍平縣,0,,,,0,0,110.80361200000002,24.169123000000003,1,seat,,CHGIS V6,,,,
588,chgis_map_layer,county_seat,同時期CHGIS,county,,43950,,,,,,,豪靜縣,豪靜縣,0,,,,0,0,110.98642000000001,23.801371,1,seat,,CHGIS V6,,,,
588,chgis_map_layer,county_seat,同時期CHGIS,county,,43952,,,,,,,開江縣,開江縣,0,,,,0,0,111.043701,23.889219,1,seat,,CHGIS V6,,,,
588,chgis_map_layer,county_seat,同時期CHGIS,county,,44057,,,,,,,領方縣,領方縣,0,,,,0,0,108.83553899999747,23.188703999998282,1,seat,,CHGIS V6,,,,
588,chgis_map_layer,county_seat,同時期CHGIS,county,,44147,,,,,,,廣信縣,廣信縣,0,,,,0,0,111.30857100000001,23.486898000000004,1,seat,,CHGIS V6,,,,
588,chgis_map_layer,county_seat,同時期CHGIS,county,,44151,,,,,,,猛陵縣,猛陵縣,0,,,,0,0,111.03935999999999,23.455824000000003,1,seat,,CHGIS V6,,,,
588,chgis_map_layer,county_seat,同時期CHGIS,county,,44155,,,,,,,寧新縣,寧新縣,0,,,,0,0,111.299034,23.27331,1,seat,,CHGIS V6,,,,
588,chgis_map_layer,county_seat,同時期CHGIS,county,,44157,,,,,,,遂城縣,遂城縣,0,,,,0,0,111.24039499999999,23.421976,1,seat,,CHGIS V6,,,,
588,chgis_map_layer,county_seat,同時期CHGIS,county,,44158,,,,,,,戎城縣,戎城縣,0,,,,0,0,111.24039499999999,23.421976,1,seat,,CHGIS V6,,,,
588,chgis_map_layer,county_seat,同時期CHGIS,county,,44159,,,,,,,夫寧縣,夫寧縣,0,,,,0,0,110.913522,23.378511,1,seat,,CHGIS V6,,,,
588,chgis_map_layer,county_seat,同時期CHGIS,county,,44165,,,,,,,安基縣,安基縣,0,,,,0,0,110.73590900000002,23.475642999999998,1,seat,,CHGIS V6,,,,
588,chgis_map_layer,county_seat,同時期CHGIS,county,,44176,,,,,,,陰石縣,陰石縣,0,,,,0,0,110.55103299999999,22.863588,1,seat,,CHGIS V6,,,,
588,chgis_map_layer,county_seat,同時期CHGIS,county,,44198,,,,,,,洊安縣,洊安縣,0,,,,0,0,111.94534300000001,24.07400499999999,1,seat,,CHGIS V6,,,,
588,chgis_map_layer,county_seat,同時期CHGIS,county,,44204,,,,,,,桂平縣,桂平縣,0,,,,0,0,110.06178499999999,23.397278999999994,1,seat,,CHGIS V6,,,,
588,chgis_map_layer,county_seat,同時期CHGIS,county,,44214,,,,,,,阿林縣,阿林縣,0,,,,0,0,110.157013,23.156472999999995,1,seat,,CHGIS V6,,,,
588,chgis_map_layer,county_seat,同時期CHGIS,county,,44221,,,,,,,武林縣,武林縣,0,,,,0,0,110.581725,23.514657999999997,1,seat,,CHGIS V6,,,,
588,chgis_map_layer,county_seat,同時期CHGIS,county,,44230,,,,,,,郁平縣,郁平縣,0,,,,0,0,109.60844399999985,23.099091999999885,1,seat,,CHGIS V6,,,,
588,chgis_map_layer,county_seat,同時期CHGIS,county,,44233,,,,,,,郁林縣,郁林縣,0,,,,0,0,109.64443199999987,22.920840999999903,1,seat,,CHGIS V6,,,,
588,chgis_map_layer,county_seat,同時期CHGIS,county,,44234,,,,,,,布山縣,布山縣,0,,,,0,0,109.92657499999994,23.215335999999976,1,seat,,CHGIS V6,,,,
588,chgis_map_layer,county_seat,同時期CHGIS,county,,44235,,,,,,,龍山縣,龍山縣,0,,,,0,0,109.5759429999998,23.20079799999986,1,seat,,CHGIS V6,,,,
588,chgis_map_layer,county_seat,同時期CHGIS,county,,44237,,,,,,,懷澤縣,懷澤縣,0,,,,0,0,109.54907799999984,22.84839899999985,1,seat,,CHGIS V6,,,,
588,chgis_map_layer,county_seat,同時期CHGIS,county,,44246,,,,,,,中留縣,中留縣,0,,,,0,0,109.53626999999973,23.53788199999983,1,seat,,CHGIS V6,,,,
588,chgis_map_layer,county_seat,同時期CHGIS,county,,44267,,,,,,,南昌縣,南昌縣,0,,,,0,0,110.02537500000001,22.18893799999999,1,seat,,CHGIS V6,,,,
588,chgis_map_layer,county_seat,同時期CHGIS,county,,44279,,,,,,,陸川縣,陸川縣,0,,,,0,0,110.53345499999999,22.26029,1,seat,,CHGIS V6,,,,
588,chgis_map_layer,county_seat,同時期CHGIS,county,,44289,,,,,,,石南縣,石南縣,0,,,,0,0,109.96424099999999,22.910993999999977,1,seat,,CHGIS V6,,,,
588,chgis_map_layer,county_seat,同時期CHGIS,county,,43788,,,,,,,象縣,象縣,0,,,,0,0,109.60187499999974,24.26021399999987,1,seat,,CHGIS V6,,,,
588,chgis_map_layer,county_seat,同時期CHGIS,county,,43824,,,,,,,武熙縣,武熙縣,0,,,,0,0,109.71842899999983,24.14619399999992,1,seat,,CHGIS V6,,,,
588,chgis_map_layer,county_seat,同時期CHGIS,county,,43932,,,,,,,荔浦縣,荔浦縣,0,,,,0,0,110.39119700000002,24.496014,1,seat,,CHGIS V6,,,,
588,chgis_map_layer,county_seat,同時期CHGIS,county,,43934,,,,,,,永豐縣,永豐縣,0,,,,0,0,110.273758,24.620953999999998,1,seat,,CHGIS V6,,,,
588,chgis_map_layer,county_seat,同時期CHGIS,county,,40166,,,,,,,侯官縣,侯官縣,0,,,,0,0,119.32157700574592,26.07395399194077,1,seat,,CHGIS V6,,,,
588,chgis_map_layer,county_seat,同時期CHGIS,county,,40167,,,,,,,原豐縣,原豐縣,0,,,,0,0,119.32157700574592,26.07395399194077,1,seat,,CHGIS V6,,,,
588,chgis_map_layer,county_seat,同時期CHGIS,county,,40214,,,,,,,溫麻縣,溫麻縣,0,,,,0,0,120.01265300140132,26.811345986634603,1,seat,,CHGIS V6,,,,
588,chgis_map_layer,county_seat,同時期CHGIS,county,,40228,,,,,,,建安縣,建安縣,0,,,,0,0,118.32378400502766,27.03886399599987,1,seat,,CHGIS V6,,,,
588,chgis_map_layer,county_seat,同時期CHGIS,county,,40237,,,,,,,建陽縣,建陽縣,0,,,,0,0,118.08625700452208,27.45958899661786,1,seat,,CHGIS V6,,,,
588,chgis_map_layer,county_seat,同時期CHGIS,county,,40243,,,,,,,吳興縣,吳興縣,0,,,,0,0,118.53625500541654,27.924685994951915,1,seat,,CHGIS V6,,,,
588,chgis_map_layer,county_seat,同時期CHGIS,county,,40255,,,,,,,晉安縣,晉安縣,0,,,,0,0,118.53784900490622,24.953763995837587,1,seat,,CHGIS V6,,,,
588,chgis_map_layer,county_seat,同時期CHGIS,county,,40268,,,,,,,邵武縣,邵武縣,0,,,,0,0,117.4833980031015,27.337691998038252,1,seat,,CHGIS V6,,,,
588,chgis_map_layer,county_seat,同時期CHGIS,county,,40275,,,,,,,綏城縣,綏城縣,0,,,,0,0,116.66783900152761,26.83066599916654,1,seat,,CHGIS V6,,,,
588,chgis_map_layer,county_seat,同時期CHGIS,county,,40297,,,,,,,莆田縣,莆田縣,0,,,,0,0,119.07619600570548,25.32222599353971,1,seat,,CHGIS V6,,,,
588,chgis_map_layer,county_seat,同時期CHGIS,county,,40310,,,,,,,將樂縣,將樂縣,0,,,,0,0,117.45501700296327,26.720820998176574,1,seat,,CHGIS V6,,,,
588,chgis_map_layer,county_seat,同時期CHGIS,county,,40314,,,,,,,沙村縣,沙村縣,0,,,,0,0,117.82266300375312,26.39124199750807,1,seat,,CHGIS V6,,,,
588,chgis_map_layer,county_seat,同時期CHGIS,county,,40327,,,,,,,龍溪縣,龍溪縣,0,,,,0,0,117.67615500290233,24.46686499808547,1,seat,,CHGIS V6,,,,
588,chgis_map_layer,county_seat,同時期CHGIS,county,,40329,,,,,,,綏安縣,綏安縣,0,,,,0,0,117.31320900202405,23.804128998703334,1,seat,,CHGIS V6,,,,
588,chgis_map_layer,county_seat,同時期CHGIS,county,,40333,,,,,,,蘭水縣,蘭水縣,0,,,,0,0,117.50569200259814,24.572993998357024,1,seat,,CHGIS V6,,,,
588,chgis_map_layer,county_seat,同時期CHGIS,county,,40137,,,,,,,長城縣,長城縣,0,,,,0,0,119.91379899231558,31.012051983563513,1,seat,,CHGIS V6,,,,
588,chgis_map_layer,county_seat,同時期CHGIS,county,,40145,,,,,,,原鄉縣,原鄉縣,0,,,,0,0,119.65317599744031,30.89160498616888,1,seat,,CHGIS V6,,,,
588,chgis_map_layer,county_seat,同時期CHGIS,county,,40147,,,,,,,安吉縣,安吉縣,0,,,,0,0,119.54862199960354,30.585385987357096,1,seat,,CHGIS V6,,,,
588,chgis_map_layer,county_seat,同時期CHGIS,county,,40161,,,,,,,故鄣縣,故鄣縣,0,,,,0,0,119.60508099808786,30.90242098658171,1,seat,,CHGIS V6,,,,
588,chgis_map_layer,county_seat,同時期CHGIS,county,,40162,,,,,,,義鄉縣,義鄉縣,0,,,,0,0,119.75494699488821,31.178518984935963,1,seat,,CHGIS V6,,,,
588,chgis_map_layer,county_seat,同時期CHGIS,county,,40054,,,,,,,嘉興縣,嘉興縣,0,,,,0,0,120.75312596179018,30.745342973930224,1,seat,,CHGIS V6,,,,
588,chgis_map_layer,county_seat,同時期CHGIS,county,,40071,,,,,,,海鹽縣,海鹽縣,0,,,,0,0,120.9320219523842,30.51785897181969,1,seat,,CHGIS V6,,,,
588,chgis_map_layer,county_seat,同時期CHGIS,county,,40078,,,,,,,錢唐縣,錢唐縣,0,,,,0,0,120.16862498905506,30.29412498176254,1,seat,,CHGIS V6,,,,
588,chgis_map_layer,county_seat,同時期CHGIS,county,,40085,,,,,,,余杭縣,余杭縣,0,,,,0,0,119.9405899944808,30.271768984132045,1,seat,,CHGIS V6,,,,
588,chgis_map_layer,county_seat,同時期CHGIS,county,,40092,,,,,,,富陽縣,富陽縣,0,,,,0,0,119.94775399508578,30.053433984299023,1,seat,,CHGIS V6,,,,
588,chgis_map_layer,county_seat,同時期CHGIS,county,,40093,,,,,,,臨安縣,臨安縣,0,,,,0,0,119.71657999812864,30.318826986167636,1,seat,,CHGIS V6,,,,
588,chgis_map_layer,county_seat,同時期CHGIS,county,,40100,,,,,,,於潛縣,於潛縣,0,,,,0,0,119.39478300190807,30.192014988903512,1,seat,,CHGIS V6,,,,
588,chgis_map_layer,county_seat,同時期CHGIS,county,,40112,,,,,,,鹽官縣,鹽官縣,0,,,,0,0,120.5374989754672,30.40627997730978,1,seat,,CHGIS V6,,,,
588,chgis_map_layer,county_seat,同時期CHGIS,county,,40120,,,,,,,新城縣,新城縣,0,,,,0,0,119.72395299894654,29.97099898643534,1,seat,,CHGIS V6,,,,
588,chgis_map_layer,county_seat,同時期CHGIS,county,,40127,,,,,,,烏程縣,烏程縣,0,,,,0,0,120.0993119883639,30.864963981797544,1,seat,,CHGIS V6,,,,
588,chgis_map_layer,county_seat,同時期CHGIS,county,,40131,,,,,,,東遷縣,東遷縣,0,,,,0,0,120.35575098002224,30.86387597886589,1,seat,,CHGIS V6,,,,
588,chgis_map_layer,county_seat,同時期CHGIS,county,,40134,,,,,,,武康縣,武康縣,0,,,,0,0,119.9640649929859,30.550452983588183,1,seat,,CHGIS V6,,,,
588,chgis_map_layer,county_seat,同時期CHGIS,county,,40378,,,,,,,常熟縣,常熟縣,0,,,,0,0,120.6923869583404,31.53992697336411,1,seat,,CHGIS V6,,,,
588,chgis_map_layer,county_seat,同時期CHGIS,county,,40395,,,,,,,昆山縣,昆山縣,0,,,,0,0,121.1284329306415,31.03648396786571,1,seat,,CHGIS V6,,,,
588,chgis_map_layer,county_seat,同時期CHGIS,county,,40404,,,,,,,吳縣,吳縣,0,,,,0,0,120.61862196466318,31.31270997478973,1,seat,,CHGIS V6,,,,
588,chgis_map_layer,county_seat,同時期CHGIS,county,,40417,,,,,,,海陽縣,海陽縣,0,,,,0,0,120.92116394005785,31.72676696962931,1,seat,,CHGIS V6,,,,
588,chgis_map_layer,county_seat,同時期CHGIS,county,,40418,,,,,,,信義縣,信義縣,0,,,,0,0,120.85856594881237,31.373189971279082,1,seat,,CHGIS V6,,,,
588,chgis_map_layer,county_seat,同時期CHGIS,county,,40419,,,,,,,海虞縣,海虞縣,0,,,,0,0,120.73378795467886,31.64658197257547,1,seat,,CHGIS V6,,,,
588,chgis_map_layer,county_seat,同時期CHGIS,county,,40420,,,,,,,興國縣,興國縣,0,,,,0,0,120.95237693890034,31.607963969396348,1,seat,,CHGIS V6,,,,
588,chgis_map_layer,county_seat,同時期CHGIS,county,,40421,,,,,,,南沙縣,南沙縣,0,,,,0,0,120.70906795488551,31.792619972656723,1,seat,,CHGIS V6,,,,
588,chgis_map_layer,county_seat,同時期CHGIS,county,,40422,,,,,,,前京縣,前京縣,0,,,,0,0,121.41493690562787,30.702260964016727,1,seat,,CHGIS V6,,,,
588,chgis_map_layer,county_seat,同時期CHGIS,county,,40431,,,,,,,利城縣,利城縣,0,,,,0,0,120.04532498499239,31.880887981065957,1,seat,,CHGIS V6,,,,
588,chgis_map_layer,county_seat,同時期CHGIS,county,,40433,,,,,,,梁豐縣,梁豐縣,0,,,,0,0,120.54328896428457,31.857282974871413,1,seat,,CHGIS V6,,,,
588,chgis_map_layer,county_seat,同時期CHGIS,county,,40434,,,,,,,江陰縣,江陰縣,0,,,,0,0,120.26608997704696,31.90876997840655,1,seat,,CHGIS V6,,,,
588,chgis_map_layer,county_seat,同時期CHGIS,county,,40445,,,,,,,無錫縣,無錫縣,0,,,,0,0,120.29766797790674,31.57461397852288,1,seat,,CHGIS V6,,,,
588,chgis_map_layer,county_seat,同時期CHGIS,county,,40452,,,,,,,晉陵縣,晉陵縣,0,,,,0,0,119.95230098812527,31.7827839822241,1,seat,,CHGIS V6,,,,
588,chgis_map_layer,county_seat,同時期CHGIS,county,,40455,,,,,,,蘭陵縣,蘭陵縣,0,,,,0,0,119.80053399087181,32.013219983540594,1,seat,,CHGIS V6,,,,
588,chgis_map_layer,county_seat,同時期CHGIS,county,,40463,,,,,,,陽羨縣,陽羨縣,0,,,,0,0,119.81562399310103,31.353705984153752,1,seat,,CHGIS V6,,,,
588,chgis_map_layer,county_seat,同時期CHGIS,county,,40464,,,,,,,臨津縣,臨津縣,0,,,,0,0,119.68987599514017,31.449557985261364,1,seat,,CHGIS V6,,,,
588,chgis_map_layer,county_seat,同時期CHGIS,county,,40467,,,,,,,國山縣,國山縣,0,,,,0,0,119.71334899520416,31.3057809851934,1,seat,,CHGIS V6,,,,
588,chgis_map_layer,county_seat,同時期CHGIS,county,,40515,,,,,,,湖熟縣,湖熟縣,0,,,,0,0,118.97966800180754,31.859502990601413,1,seat,,CHGIS V6,,,,
588,chgis_map_layer,county_seat,同時期CHGIS,county,,40522,,,,,,,秣陵縣,秣陵縣,0,,,,0,0,118.76899000250202,32.05256299181896,1,seat,,CHGIS V6,,,,
588,chgis_map_layer,county_seat,同時期CHGIS,county,,40525,,,,,,,建康縣,建康縣,0,,,,0,0,118.76899000250202,32.05256299181896,1,seat,,CHGIS V6,,,,
588,chgis_map_layer,county_seat,同時期CHGIS,county,,40530,,,,,,,江乘縣,江乘縣,0,,,,0,0,119.0521990008062,32.17655498986822,1,seat,,CHGIS V6,,,,
588,chgis_map_layer,county_seat,同時期CHGIS,county,,40533,,,,,,,句容縣,句容縣,0,,,,0,0,119.16273500039418,31.94653498923837,1,seat,,CHGIS V6,,,,
588,chgis_map_layer,county_seat,同時期CHGIS,county,,40536,,,,,,,同夏縣,同夏縣,0,,,,0,0,118.82351900237097,31.99038199152356,1,seat,,CHGIS V6,,,,
588,chgis_map_layer,county_seat,同時期CHGIS,county,,40538,,,,,,,江寧縣,江寧縣,0,,,,0,0,118.59563400320322,31.863769992917724,1,seat,,CHGIS V6,,,,
588,chgis_map_layer,county_seat,同時期CHGIS,county,,40560,,,,,,,六合縣,六合縣,0,,,,0,0,118.83789800180294,32.34841899120119,1,seat,,CHGIS V6,,,,
588,chgis_map_layer,county_seat,同時期CHGIS,county,,40568,,,,,,,丹徒縣,丹徒縣,0,,,,0,0,119.5149919956565,32.19528998610307,1,seat,,CHGIS V6,,,,
588,chgis_map_layer,county_seat,同時期CHGIS,county,,40575,,,,,,,曲阿縣,曲阿縣,0,,,,0,0,119.56985499540016,31.995801985805386,1,seat,,CHGIS V6,,,,
588,chgis_map_layer,county_seat,同時期CHGIS,county,,40577,,,,,,,延陵縣,延陵縣,0,,,,0,0,119.47828699711454,31.88237398674049,1,seat,,CHGIS V6,,,,
588,chgis_map_layer,county_seat,同時期CHGIS,county,,40583,,,,,,,溧陽縣,溧陽縣,0,,,,0,0,118.96814900269389,31.305571991055462,1,seat,,CHGIS V6,,,,
588,chgis_map_layer,county_seat,同時期CHGIS,county,,40591,,,,,,,永世縣,永世縣,0,,,,0,0,119.46861399860946,31.37003998730791,1,seat,,CHGIS V6,,,,
588,chgis_map_layer,county_seat,同時期CHGIS,county,,40610,,,,,,,松陽縣,松陽縣,0,,,,0,0,119.40692100426715,28.53122899003023,1,seat,,CHGIS V6,,,,
588,chgis_map_layer,county_seat,同時期CHGIS,county,,40624,,,,,,,定陽縣,定陽縣,0,,,,0,0,118.60101300527836,28.81626499433915,1,seat,,CHGIS V6,,,,
588,chgis_map_layer,county_seat,同時期CHGIS,county,,40638,,,,,,,太末縣,太末縣,0,,,,0,0,119.17237900467323,29.034787991230512,1,seat,,CHGIS V6,,,,
588,chgis_map_layer,county_seat,同時期CHGIS,county,,40646,,,,,,,信安縣,信安縣,0,,,,0,0,118.86795000527789,28.92895199301548,1,seat,,CHGIS V6,,,,
588,chgis_map_layer,county_seat,同時期CHGIS,county,,40655,,,,,,,章安縣,章安縣,0,,,,0,0,121.41879293276551,28.713874967845783,1,seat,,CHGIS V6,,,,
588,chgis_map_layer,county_seat,同時期CHGIS,county,,40657,,,,,,,臨海縣,臨海縣,0,,,,0,0,121.12059795525191,28.843131971982373,1,seat,,CHGIS V6,,,,
588,chgis_map_layer,county_seat,同時期CHGIS,county,,40659,,,,,,,寧海縣,寧海縣,0,,,,0,0,121.45593792222266,29.271109966300248,1,seat,,CHGIS V6,,,,
588,chgis_map_layer,county_seat,同時期CHGIS,county,,40664,,,,,,,始豐縣,始豐縣,0,,,,0,0,121.02655795891138,29.138257972830992,1,seat,,CHGIS V6,,,,
588,chgis_map_layer,county_seat,同時期CHGIS,county,,40672,,,,,,,樂安縣,樂安縣,0,,,,0,0,120.7334599767178,28.852206977091132,1,seat,,CHGIS V6,,,,
588,chgis_map_layer,county_seat,同時期CHGIS,county,,40677,,,,,,,樂成縣,樂成縣,0,,,,0,0,120.95768697040697,28.13067597520028,1,seat,,CHGIS V6,,,,
588,chgis_map_layer,county_seat,同時期CHGIS,county,,40682,,,,,,,橫陽縣,橫陽縣,0,,,,0,0,120.55644198874914,27.675717980569566,1,seat,,CHGIS V6,,,,
588,chgis_map_layer,county_seat,同時期CHGIS,county,,40691,,,,,,,安固縣,安固縣,0,,,,0,0,120.63069098596203,27.790511979609743,1,seat,,CHGIS V6,,,,
588,chgis_map_layer,county_seat,同時期CHGIS,county,,40699,,,,,,,永寧縣,永寧縣,0,,,,0,0,120.65322098422614,28.018290979093624,1,seat,,CHGIS V6,,,,
588,chgis_map_layer,county_seat,同時期CHGIS,county,,40703,,,,,,,長山縣,長山縣,0,,,,0,0,119.64991800169877,29.104711987812923,1,seat,,CHGIS V6,,,,
588,chgis_map_layer,county_seat,同時期CHGIS,county,,40716,,,,,,,豐安縣,豐安縣,0,,,,0,0,119.87135399819533,29.453971985623134,1,seat,,CHGIS V6,,,,
588,chgis_map_layer,county_seat,同時期CHGIS,county,,40719,,,,,,,烏傷縣,烏傷縣,0,,,,0,0,120.07162499514418,29.300086983895575,1,seat,,CHGIS V6,,,,
588,chgis_map_layer,county_seat,同時期CHGIS,county,,40722,,,,,,,吳寧縣,吳寧縣,0,,,,0,0,120.35510598826994,29.283538980969283,1,seat,,CHGIS V6,,,,
588,chgis_map_layer,county_seat,同時期CHGIS,county,,40726,,,,,,,永康縣,永康縣,0,,,,0,0,120.02525299721118,28.89726798474842,1,seat,,CHGIS V6,,,,
588,chgis_map_layer,county_seat,同時期CHGIS,county,,40737,,,,,,,句章縣,句章縣,0,,,,0,0,121.35023492612905,29.775006966981493,1,seat,,CHGIS V6,,,,
588,chgis_map_layer,county_seat,同時期CHGIS,county,,40740,,,,,,,鄮县,鄮县,0,,,,0,0,121.72701288012249,29.844327960792988,1,seat,,CHGIS V6,,,,
588,chgis_map_layer,county_seat,同時期CHGIS,county,,40755,,,,,,,鄞縣,鄞縣,0,,,,0,0,121.5529419054673,29.689517963959513,1,seat,,CHGIS V6,,,,
588,chgis_map_layer,county_seat,同時期CHGIS,county,,40758,,,,,,,山陰縣,山陰縣,0,,,,0,0,120.57826197632139,30.004514977397015,1,seat,,CHGIS V6,,,,
588,chgis_map_layer,county_seat,同時期CHGIS,county,,40767,,,,,,,剡縣,剡縣,0,,,,0,0,120.81527696773533,29.58748997498561,1,seat,,CHGIS V6,,,,
588,chgis_map_layer,county_seat,同時期CHGIS,county,,40772,,,,,,,上虞縣,上虞縣,0,,,,0,0,120.87674696069078,30.017283973468608,1,seat,,CHGIS V6,,,,
588,chgis_map_layer,county_seat,同時期CHGIS,county,,40776,,,,,,,始寧縣,始寧縣,0,,,,0,0,120.8498409644601,29.75947197425546,1,seat,,CHGIS V6,,,,
588,chgis_map_layer,county_seat,同時期CHGIS,county,,40782,,,,,,,永興縣,永興縣,0,,,,0,0,120.18833898907234,30.169282981704026,1,seat,,CHGIS V6,,,,
588,chgis_map_layer,county_seat,同時期CHGIS,county,,40785,,,,,,,餘姚縣,餘姚縣,0,,,,0,0,121.15276294058302,30.04906696945643,1,seat,,CHGIS V6,,,,
588,chgis_map_layer,county_seat,同時期CHGIS,county,,40791,,,,,,,諸暨縣,諸暨縣,0,,,,0,0,120.22766098998817,29.71313698183544,1,seat,,CHGIS V6,,,,
588,chgis_map_layer,county_seat,同時期CHGIS,county,,40801,,,,,,,建德縣,建德縣,0,,,,0,0,119.49885600224023,29.544480988632248,1,seat,,CHGIS V6,,,,
588,chgis_map_layer,county_seat,同時期CHGIS,county,,40804,,,,,,,始新縣,始新縣,0,,,,0,0,118.96516500465302,29.612286992121195,1,seat,,CHGIS V6,,,,
588,chgis_map_layer,county_seat,同時期CHGIS,county,,40812,,,,,,,桐盧縣,桐盧縣,0,,,,0,0,119.63426500057533,29.741301987400618,1,seat,,CHGIS V6,,,,
588,chgis_map_layer,county_seat,同時期CHGIS,county,,40817,,,,,,,壽昌縣,壽昌縣,0,,,,0,0,119.0953240046328,29.307031991535695,1,seat,,CHGIS V6,,,,
588,chgis_map_layer,county_seat,同時期CHGIS,county,,40821,,,,,,,遂安縣,遂安縣,0,,,,0,0,118.73839900499952,29.48077299340077,1,seat,,CHGIS V6,,,,
588,chgis_map_layer,county_seat,同時期CHGIS,county,,40834,,,,,,,贛縣,贛縣,0,,,,0,0,114.93248000016875,25.846999999917596,1,seat,,CHGIS V6,,,,
588,chgis_map_layer,county_seat,同時期CHGIS,county,,40836,,,,,,,雩都縣,雩都縣,0,,,,0,0,115.48969400037659,25.95706599981316,1,seat,,CHGIS V6,,,,
588,chgis_map_layer,county_seat,同時期CHGIS,county,,40847,,,,,,,安遠縣,安遠縣,0,,,,0,0,115.39747200030442,25.12054699984673,1,seat,,CHGIS V6,,,,
588,chgis_map_layer,county_seat,同時期CHGIS,county,,40858,,,,,,,平固縣,平固縣,0,,,,0,0,115.28944100029305,26.172606999855933,1,seat,,CHGIS V6,,,,
588,chgis_map_layer,county_seat,同時期CHGIS,county,,40863,,,,,,,寧都縣,寧都縣,0,,,,0,0,116.05444500079247,26.588391999593632,1,seat,,CHGIS V6,,,,
588,chgis_map_layer,county_seat,同時期CHGIS,county,,40864,,,,,,,虔化縣,虔化縣,0,,,,0,0,116.00174700073896,26.456096999622996,1,seat,,CHGIS V6,,,,
588,chgis_map_layer,county_seat,同時期CHGIS,county,,40872,,,,,,,南康縣,南康縣,0,,,,0,0,114.74516300012317,25.658570999939815,1,seat,,CHGIS V6,,,,
588,chgis_map_layer,county_seat,同時期CHGIS,county,,40878,,,,,,,南野縣,南野縣,0,,,,0,0,114.71327200011588,25.578067999943283,1,seat,,CHGIS V6,,,,
588,chgis_map_layer,county_seat,同時期CHGIS,county,,40881,,,,,,,彼陽縣,彼陽縣,0,,,,0,0,116.26436000097522,26.25627599949304,1,seat,,CHGIS V6,,,,
588,chgis_map_layer,county_seat,同時期CHGIS,county,,40886,,,,,,,石陽縣,石陽縣,0,,,,0,0,115.13931400026073,27.33241499987153,1,seat,,CHGIS V6,,,,
588,chgis_map_layer,county_seat,同時期CHGIS,county,,40889,,,,,,,西昌縣,西昌縣,0,,,,0,0,114.88768900017257,26.791921999916386,1,seat,,CHGIS V6,,,,
588,chgis_map_layer,county_seat,同時期CHGIS,county,,40898,,,,,,,吉陽縣,吉陽縣,0,,,,0,0,115.09071900024544,27.462800999879022,1,seat,,CHGIS V6,,,,
588,chgis_map_layer,county_seat,同時期CHGIS,county,,40900,,,,,,,陽豐縣,陽豐縣,0,,,,0,0,115.51702900042996,27.15916399978489,1,seat,,CHGIS V6,,,,
588,chgis_map_layer,county_seat,同時期CHGIS,county,,40908,,,,,,,平都縣,平都縣,0,,,,0,0,114.60845200011644,27.38246199994388,1,seat,,CHGIS V6,,,,
588,chgis_map_layer,county_seat,同時期CHGIS,county,,40920,,,,,,,遂興縣,遂興縣,0,,,,0,0,114.72570700013031,26.487400999937186,1,seat,,CHGIS V6,,,,
588,chgis_map_layer,county_seat,同時期CHGIS,county,,40922,,,,,,,永新縣,永新縣,0,,,,0,0,114.11002300004692,27.01371099997796,1,seat,,CHGIS V6,,,,
588,chgis_map_layer,county_seat,同時期CHGIS,county,,40935,,,,,,,安復縣,安復縣,0,,,,0,0,114.27449900006573,27.385362999968834,1,seat,,CHGIS V6,,,,
588,chgis_map_layer,county_seat,同時期CHGIS,county,,40936,,,,,,,廣興縣,廣興縣,0,,,,0,0,113.98336800003695,27.067367999982775,1,seat,,CHGIS V6,,,,
588,chgis_map_layer,county_seat,同時期CHGIS,county,,40938,,,,,,,東昌縣,東昌縣,0,,,,0,0,115.03003000021756,27.022390999893787,1,seat,,CHGIS V6,,,,
588,chgis_map_layer,county_seat,同時期CHGIS,county,,40940,,,,,,,興平縣,興平縣,0,,,,0,0,115.5951390004845,27.465096999754824,1,seat,,CHGIS V6,,,,
588,chgis_map_layer,county_seat,同時期CHGIS,county,,40944,,,,,,,新淦縣,新淦縣,0,,,,0,0,115.53960400046691,28.064372999760025,1,seat,,CHGIS V6,,,,
588,chgis_map_layer,county_seat,同時期CHGIS,county,,40948,,,,,,,新渝縣,新渝縣,0,,,,0,0,114.94207500020184,27.79068599990046,1,seat,,CHGIS V6,,,,
588,chgis_map_layer,county_seat,同時期CHGIS,county,,40957,,,,,,,巴丘縣,巴丘縣,0,,,,0,0,115.14727800026769,27.55368799986744,1,seat,,CHGIS V6,,,,
588,chgis_map_layer,county_seat,同時期CHGIS,county,,40959,,,,,,,吳平縣,吳平縣,0,,,,0,0,115.16020300027877,27.910504999860535,1,seat,,CHGIS V6,,,,
588,chgis_map_layer,county_seat,同時期CHGIS,county,,40966,,,,,,,宜陽縣,宜陽縣,0,,,,0,0,114.37588500008117,27.794265999961073,1,seat,,CHGIS V6,,,,
588,chgis_map_layer,county_seat,同時期CHGIS,county,,40971,,,,,,,萍鄉縣,萍鄉縣,0,,,,0,0,114.01811000004156,27.63172799998052,1,seat,,CHGIS V6,,,,
588,chgis_map_layer,county_seat,同時期CHGIS,county,,40976,,,,,,,康樂縣,康樂縣,0,,,,0,0,114.55339800011342,28.29543899994442,1,seat,,CHGIS V6,,,,
588,chgis_map_layer,county_seat,同時期CHGIS,county,,40982,,,,,,,南城縣,南城縣,0,,,,0,0,116.62744900152487,27.55971699915349,1,seat,,CHGIS V6,,,,
588,chgis_map_layer,county_seat,同時期CHGIS,county,,40984,,,,,,,南豐縣,南豐縣,0,,,,0,0,116.38981000115808,26.827551999386717,1,seat,,CHGIS V6,,,,
588,chgis_map_layer,county_seat,同時期CHGIS,county,,40992,,,,,,,永城縣,永城縣,0,,,,0,0,116.91116200195756,27.30432899888226,1,seat,,CHGIS V6,,,,
588,chgis_map_layer,county_seat,同時期CHGIS,county,,40994,,,,,,,東興縣,東興縣,0,,,,0,0,116.99296000211064,27.400862998775708,1,seat,,CHGIS V6,,,,
588,chgis_map_layer,county_seat,同時期CHGIS,county,,40996,,,,,,,臨汝縣,臨汝縣,0,,,,0,0,116.33857700116478,27.985128999363035,1,seat,,CHGIS V6,,,,
588,chgis_map_layer,county_seat,同時期CHGIS,county,,41001,,,,,,,宜黃縣,宜黃縣,0,,,,0,0,116.22269700101106,27.547721999462517,1,seat,,CHGIS V6,,,,
588,chgis_map_layer,county_seat,同時期CHGIS,county,,41007,,,,,,,西豐縣,西豐縣,0,,,,0,0,116.35726700117668,27.768603999361055,1,seat,,CHGIS V6,,,,
588,chgis_map_layer,county_seat,同時期CHGIS,county,,41008,,,,,,,定川縣,定川縣,0,,,,0,0,116.39596800123924,28.069619999315577,1,seat,,CHGIS V6,,,,
588,chgis_map_layer,county_seat,同時期CHGIS,county,,41009,,,,,,,巴山縣,巴山縣,0,,,,0,0,115.97026600076923,27.667487999598123,1,seat,,CHGIS V6,,,,
588,chgis_map_layer,county_seat,同時期CHGIS,county,,41010,,,,,,,新建縣,新建縣,0,,,,0,0,115.90254100071134,27.664376999630353,1,seat,,CHGIS V6,,,,
588,chgis_map_layer,county_seat,同時期CHGIS,county,,41011,,,,,,,安浦縣,安浦縣,0,,,,0,0,115.6729790005262,27.227242999734003,1,seat,,CHGIS V6,,,,
588,chgis_map_layer,county_seat,同時期CHGIS,county,,41013,,,,,,,西寧縣,西寧縣,0,,,,0,0,116.01732200080393,27.48862599958088,1,seat,,CHGIS V6,,,,
588,chgis_map_layer,county_seat,同時期CHGIS,county,,41092,,,,,,,南昌縣,南昌縣,0,,,,0,0,115.89772000073947,28.674895999599205,1,seat,,CHGIS V6,,,,
588,chgis_map_layer,county_seat,同時期CHGIS,county,,41098,,,,,,,豐城縣,豐城縣,0,,,,0,0,115.74778200060615,28.13088199968324,1,seat,,CHGIS V6,,,,
588,chgis_map_layer,county_seat,同時期CHGIS,county,,41108,,,,,,,鐘陵縣,鐘陵縣,0,,,,0,0,116.2590710010877,28.364484999399522,1,seat,,CHGIS V6,,,,
588,chgis_map_layer,county_seat,同時期CHGIS,county,,41111,,,,,,,新吳縣,新吳縣,0,,,,0,0,115.25537900033187,28.741195999827795,1,seat,,CHGIS V6,,,,
588,chgis_map_layer,county_seat,同時期CHGIS,county,,41130,,,,,,,艾縣,艾縣,0,,,,0,0,114.34673800008322,28.971079999958825,1,seat,,CHGIS V6,,,,
588,chgis_map_layer,county_seat,同時期CHGIS,county,,41142,,,,,,,永修縣,永修縣,0,,,,0,0,115.51463000047464,29.207559999743467,1,seat,,CHGIS V6,,,,
588,chgis_map_layer,county_seat,同時期CHGIS,county,,41154,,,,,,,彭澤縣,彭澤縣,0,,,,0,0,116.23218600109044,29.584999999354505,1,seat,,CHGIS V6,,,,
588,chgis_map_layer,county_seat,同時期CHGIS,county,,41166,,,,,,,鄱陽縣,鄱陽縣,0,,,,0,0,116.6638330016466,28.994166999009447,1,seat,,CHGIS V6,,,,
588,chgis_map_layer,county_seat,同時期CHGIS,county,,41171,,,,,,,余干縣,余干縣,0,,,,0,0,116.68195300166471,28.691544999015132,1,seat,,CHGIS V6,,,,
588,chgis_map_layer,county_seat,同時期CHGIS,county,,41175,,,,,,,銀城縣,銀城縣,0,,,,0,0,117.94197000414785,29.112040996614432,1,seat,,CHGIS V6,,,,
588,chgis_map_layer,county_seat,同時期CHGIS,county,,41189,,,,,,,安仁縣,安仁縣,0,,,,0,0,116.90325900201573,28.40442999878858,1,seat,,CHGIS V6,,,,
588,chgis_map_layer,county_seat,同時期CHGIS,county,,41196,,,,,,,廣晉縣,廣晉縣,0,,,,0,0,116.76658600181673,29.578492998841618,1,seat,,CHGIS V6,,,,
588,chgis_map_layer,county_seat,同時期CHGIS,county,,41199,,,,,,,上饒縣,上饒縣,0,,,,0,0,117.96489000425038,28.45069099671719,1,seat,,CHGIS V6,,,,
588,chgis_map_layer,county_seat,同時期CHGIS,county,,41202,,,,,,,葛陽縣,葛陽縣,0,,,,0,0,117.42131100303342,28.401875997989766,1,seat,,CHGIS V6,,,,
588,chgis_map_layer,county_seat,同時期CHGIS,county,,41221,,,,,,,望蔡縣,望蔡縣,0,,,,0,0,114.92675000020277,28.24136899989875,1,seat,,CHGIS V6,,,,
588,chgis_map_layer,county_seat,同時期CHGIS,county,,41233,,,,,,,廣豐縣,廣豐縣,0,,,,0,0,115.86183800069406,28.133996999634114,1,seat,,CHGIS V6,,,,
588,chgis_map_layer,county_seat,同時期CHGIS,county,,41236,,,,,,,汝南縣,汝南縣,0,,,,0,0,115.95586800081156,29.666966999531304,1,seat,,CHGIS V6,,,,
588,chgis_map_layer,county_seat,同時期CHGIS,county,,41237,,,,,,,晉陽縣,晉陽縣,0,,,,0,0,116.96776900214037,30.348390998484433,1,seat,,CHGIS V6,,,,
588,chgis_map_layer,county_seat,同時期CHGIS,county,,41238,,,,,,,和城縣,和城縣,0,,,,0,0,116.91141500204917,30.21321699858381,1,seat,,CHGIS V6,,,,
588,chgis_map_layer,county_seat,同時期CHGIS,county,,41239,,,,,,,天水縣,天水縣,0,,,,0,0,116.73696600177107,29.82016999885427,1,seat,,CHGIS V6,,,,
588,chgis_map_layer,county_seat,同時期CHGIS,county,,41118,,,,,,,豫寧縣,豫寧縣,0,,,,0,0,115.00853100024014,29.252776999874413,1,seat,,CHGIS V6,,,,
588,chgis_map_layer,county_seat,同時期CHGIS,county,,41137,,,,,,,建昌縣,建昌縣,0,,,,0,0,115.76181800063976,29.087831999649637,1,seat,,CHGIS V6,,,,
588,chgis_map_layer,county_seat,同時期CHGIS,county,,41217,,,,,,,建城縣,建城縣,0,,,,0,0,115.3722760003826,28.425597999802687,1,seat,,CHGIS V6,,,,
588,chgis_map_layer,county_seat,同時期CHGIS,county,,41145,,,,,,,柴桑縣,柴桑縣,0,,,,0,0,115.94367300080019,29.641568999539228,1,seat,,CHGIS V6,,,,
588,chgis_map_layer,county_seat,同時期CHGIS,county,,41377,,,,,,,丹陽縣,丹陽縣,0,,,,0,0,118.71336000314969,31.65600899238093,1,seat,,CHGIS V6,,,,
588,chgis_map_layer,county_seat,同時期CHGIS,county,,41302,,,,,,,宛陵縣,宛陵縣,0,,,,0,0,118.74250000382364,30.94694099261783,1,seat,,CHGIS V6,,,,
588,chgis_map_layer,county_seat,同時期CHGIS,county,,41305,,,,,,,宛陵縣,宛陵縣,0,,,,0,0,118.48513000412649,30.912299993947634,1,seat,,CHGIS V6,,,,
588,chgis_map_layer,county_seat,同時期CHGIS,county,,41306,,,,,,,懷安縣,懷安縣,0,,,,0,0,119.11209900321481,30.46415699068784,1,seat,,CHGIS V6,,,,
588,chgis_map_layer,county_seat,同時期CHGIS,county,,41310,,,,,,,寧國縣,寧國縣,0,,,,0,0,118.99633300351215,30.601193991337116,1,seat,,CHGIS V6,,,,
588,chgis_map_layer,county_seat,同時期CHGIS,county,,41313,,,,,,,涇縣,涇縣,0,,,,0,0,118.4065860042724,30.686709994405373,1,seat,,CHGIS V6,,,,
588,chgis_map_layer,county_seat,同時期CHGIS,county,,41314,,,,,,,安吳縣,安吳縣,0,,,,0,0,118.25991100424179,30.5902009950596,1,seat,,CHGIS V6,,,,
588,chgis_map_layer,county_seat,同時期CHGIS,county,,41316,,,,,,,逡遒縣,逡遒縣,0,,,,0,0,118.75675200359674,31.141606992429228,1,seat,,CHGIS V6,,,,
588,chgis_map_layer,county_seat,同時期CHGIS,county,,41317,,,,,,,當塗縣,當塗縣,0,,,,0,0,118.36799300415082,30.879165994493114,1,seat,,CHGIS V6,,,,
588,chgis_map_layer,county_seat,同時期CHGIS,county,,41319,,,,,,,歙縣,歙縣,0,,,,0,0,118.4339450047132,29.865769994628593,1,seat,,CHGIS V6,,,,
588,chgis_map_layer,county_seat,同時期CHGIS,county,,41323,,,,,,,黝縣,黝縣,0,,,,0,0,117.93932900401168,29.922755996403573,1,seat,,CHGIS V6,,,,
588,chgis_map_layer,county_seat,同時期CHGIS,county,,41327,,,,,,,海寧縣,海寧縣,0,,,,0,0,118.22474700451399,29.782716995486314,1,seat,,CHGIS V6,,,,
588,chgis_map_layer,county_seat,同時期CHGIS,county,,41340,,,,,,,南陵縣,南陵縣,0,,,,0,0,118.0410000037838,31.171690995682347,1,seat,,CHGIS V6,,,,
588,chgis_map_layer,county_seat,同時期CHGIS,county,,41341,,,,,,,石城縣,石城縣,0,,,,0,0,117.22762300259274,30.482547998023666,1,seat,,CHGIS V6,,,,
588,chgis_map_layer,county_seat,同時期CHGIS,county,,41345,,,,,,,臨城縣,臨城縣,0,,,,0,0,117.85781000371205,30.617897996459362,1,seat,,CHGIS V6,,,,
588,chgis_map_layer,county_seat,同時期CHGIS,county,,41348,,,,,,,光陽縣,光陽縣,0,,,,0,0,117.88676500380932,30.416301996426895,1,seat,,CHGIS V6,,,,
588,chgis_map_layer,county_seat,同時期CHGIS,county,,41349,,,,,,,石埭縣,石埭縣,0,,,,0,0,117.46669800306591,30.207768997580253,1,seat,,CHGIS V6,,,,
588,chgis_map_layer,county_seat,同時期CHGIS,county,,41353,,,,,,,定陵縣,定陵縣,0,,,,0,0,117.95119500382802,30.721427996134107,1,seat,,CHGIS V6,,,,
588,chgis_map_layer,county_seat,同時期CHGIS,county,,41355,,,,,,,廣封縣,廣封縣,0,,,,0,0,119.30697600139442,30.83772698904632,1,seat,,CHGIS V6,,,,
588,chgis_map_layer,county_seat,同時期CHGIS,county,,41356,,,,,,,石封縣,石封縣,0,,,,0,0,119.4201890002684,30.894685988127122,1,seat,,CHGIS V6,,,,
588,chgis_map_layer,county_seat,同時期CHGIS,county,,41365,,,,,,,於湖縣,於湖縣,0,,,,0,0,118.45684000376676,31.426514993843192,1,seat,,CHGIS V6,,,,
588,chgis_map_layer,county_seat,同時期CHGIS,county,,41369,,,,,,,襄垣縣,襄垣縣,0,,,,0,0,118.3626180038678,31.334948994322072,1,seat,,CHGIS V6,,,,
588,chgis_map_layer,county_seat,同時期CHGIS,county,,41371,,,,,,,繁昌縣,繁昌縣,0,,,,0,0,118.17478200389235,31.19104199517126,1,seat,,CHGIS V6,,,,
588,chgis_map_layer,county_seat,同時期CHGIS,county,,41682,,,,,,,郴縣,郴縣,0,,,,0,0,113.02513900000332,25.80271899999853,1,seat,,CHGIS V6,,,,
588,chgis_map_layer,county_seat,同時期CHGIS,county,,41690,,,,,,,便縣,便縣,0,,,,0,0,113.11494400000448,26.133933999998032,1,seat,,CHGIS V6,,,,
588,chgis_map_layer,county_seat,同時期CHGIS,county,,41693,,,,,,,晉寧縣,晉寧縣,0,,,,0,0,113.41030100000928,25.954623999995732,1,seat,,CHGIS V6,,,,
588,chgis_map_layer,county_seat,同時期CHGIS,county,,41707,,,,,,,盧陽縣,盧陽縣,0,,,,0,0,113.67976500001627,25.545516999992206,1,seat,,CHGIS V6,,,,
588,chgis_map_layer,county_seat,同時期CHGIS,county,,41716,,,,,,,臨湘縣,臨湘縣,0,,,,0,0,112.97813400000393,28.198197999998392,1,seat,,CHGIS V6,,,,
588,chgis_map_layer,county_seat,同時期CHGIS,county,,41725,,,,,,,醴陵縣,醴陵縣,0,,,,0,0,113.49410300001384,27.668517999993817,1,seat,,CHGIS V6,,,,
588,chgis_map_layer,county_seat,同時期CHGIS,county,,41730,,,,,,,瀏陽縣,瀏陽縣,0,,,,0,0,113.88464800003385,28.34964799998415,1,seat,,CHGIS V6,,,,
588,chgis_map_layer,county_seat,同時期CHGIS,county,,41853,,,,,,,衡山縣,衡山縣,0,,,,0,0,112.82908100000228,27.146649999999095,1,seat,,CHGIS V6,,,,
588,chgis_map_layer,county_seat,同時期CHGIS,county,,41740,,,,,,,湘鄉縣,湘鄉縣,0,,,,0,0,112.51874600000087,27.737247999999685,1,seat,,CHGIS V6,,,,
588,chgis_map_layer,county_seat,同時期CHGIS,county,,41745,,,,,,,岳陽縣,岳陽縣,0,,,,0,0,113.0808410000055,28.811719999997692,1,seat,,CHGIS V6,,,,
588,chgis_map_layer,county_seat,同時期CHGIS,county,,41746,,,,,,,玉山縣,玉山縣,0,,,,0,0,113.11299100000599,28.807989999997467,1,seat,,CHGIS V6,,,,
588,chgis_map_layer,county_seat,同時期CHGIS,county,,41747,,,,,,,湘濱縣,湘濱縣,0,,,,0,0,113.06809300000525,28.61817499999781,1,seat,,CHGIS V6,,,,
588,chgis_map_layer,county_seat,同時期CHGIS,county,,41748,,,,,,,湘陰縣,湘陰縣,0,,,,0,0,112.86032700000294,28.751661999998824,1,seat,,CHGIS V6,,,,
588,chgis_map_layer,county_seat,同時期CHGIS,county,,41756,,,,,,,益陽縣,益陽縣,0,,,,0,0,112.33528900000051,28.597808999999845,1,seat,,CHGIS V6,,,,
588,chgis_map_layer,county_seat,同時期CHGIS,county,,41762,,,,,,,攸水縣,攸水縣,0,,,,0,0,113.42860600001129,27.156112999994992,1,seat,,CHGIS V6,,,,
588,chgis_map_layer,county_seat,同時期CHGIS,county,,41770,,,,,,,茶陵縣,茶陵縣,0,,,,0,0,113.80075600002534,27.004593999988316,1,seat,,CHGIS V6,,,,
588,chgis_map_layer,county_seat,同時期CHGIS,county,,41775,,,,,,,羅縣,羅縣,0,,,,0,0,113.06494000000528,28.825092999997786,1,seat,,CHGIS V6,,,,
588,chgis_map_layer,county_seat,同時期CHGIS,county,,41783,,,,,,,建寧縣,建寧縣,0,,,,0,0,113.1652680000061,27.489171999997406,1,seat,,CHGIS V6,,,,
588,chgis_map_layer,county_seat,同時期CHGIS,county,,41786,,,,,,,湘西縣,湘西縣,0,,,,0,0,113.02512800000413,27.407562999998287,1,seat,,CHGIS V6,,,,
588,chgis_map_layer,county_seat,同時期CHGIS,county,,41788,,,,,,,新康縣,新康縣,0,,,,0,0,112.19560600000025,28.170389999999927,1,seat,,CHGIS V6,,,,
588,chgis_map_layer,county_seat,同時期CHGIS,county,,41796,,,,,,,沅陵縣,沅陵縣,0,,,,0,0,110.396965,28.458191,1,seat,,CHGIS V6,,,,
588,chgis_map_layer,county_seat,同時期CHGIS,county,,41806,,,,,,,辰陽縣,辰陽縣,0,,,,0,0,110.18264799999997,28.018481999999995,1,seat,,CHGIS V6,,,,
588,chgis_map_layer,county_seat,同時期CHGIS,county,,41813,,,,,,,鹽泉縣,鹽泉縣,0,,,,0,0,110.56111599999998,28.654455999999993,1,seat,,CHGIS V6,,,,
588,chgis_map_layer,county_seat,同時期CHGIS,county,,41814,,,,,,,夜郎縣,夜郎縣,0,,,,0,0,109.77827399999971,28.19003299999991,1,seat,,CHGIS V6,,,,
588,chgis_map_layer,county_seat,同時期CHGIS,county,,41821,,,,,,,南平縣,南平縣,0,,,,0,0,112.20332900000018,25.38874999999994,1,seat,,CHGIS V6,,,,
588,chgis_map_layer,county_seat,同時期CHGIS,county,,41829,,,,,,,臨武縣,臨武縣,0,,,,0,0,112.60959400000084,25.318958999999644,1,seat,,CHGIS V6,,,,
588,chgis_map_layer,county_seat,同時期CHGIS,county,,41842,,,,,,,重安縣,重安縣,0,,,,0,0,112.36050900000046,27.00394499999985,1,seat,,CHGIS V6,,,,
588,chgis_map_layer,county_seat,同時期CHGIS,county,,41838,,,,,,,陰山縣,陰山縣,0,,,,0,0,113.25382700000725,26.99598799999686,1,seat,,CHGIS V6,,,,
588,chgis_map_layer,county_seat,同時期CHGIS,county,,41851,,,,,,,洡陽縣,洡陽縣,0,,,,0,0,112.94079700000292,26.509119999998784,1,seat,,CHGIS V6,,,,
588,chgis_map_layer,county_seat,同時期CHGIS,county,,41843,,,,,,,臨烝縣,臨烝縣,0,,,,0,0,112.59703800000105,26.90161699999961,1,seat,,CHGIS V6,,,,
588,chgis_map_layer,county_seat,同時期CHGIS,county,,41857,,,,,,,新城縣,新城縣,0,,,,0,0,112.9227140000028,26.609082999998837,1,seat,,CHGIS V6,,,,
588,chgis_map_layer,county_seat,同時期CHGIS,county,,41860,,,,,,,湘潭縣,湘潭縣,0,,,,0,0,113.35610300000951,27.165908999995818,1,seat,,CHGIS V6,,,,
588,chgis_map_layer,county_seat,同時期CHGIS,county,,41868,,,,,,,新寧縣,新寧縣,0,,,,0,0,112.33917800000036,26.29650599999987,1,seat,,CHGIS V6,,,,
588,chgis_map_layer,county_seat,同時期CHGIS,county,,41903,,,,,,,漢壽縣,漢壽縣,0,,,,0,0,111.89573500000006,29.116981999999982,1,seat,,CHGIS V6,,,,
588,chgis_map_layer,county_seat,同時期CHGIS,county,,41906,,,,,,,臨沅縣,臨沅縣,0,,,,0,0,111.69130000000003,29.034806999999994,1,seat,,CHGIS V6,,,,
588,chgis_map_layer,county_seat,同時期CHGIS,county,,41907,,,,,,,沅南縣,沅南縣,0,,,,0,0,111.59529900000001,28.785905999999997,1,seat,,CHGIS V6,,,,
588,chgis_map_layer,county_seat,同時期CHGIS,county,,41908,,,,,,,龍陽縣,龍陽縣,0,,,,0,0,111.96997100000009,28.911767999999984,1,seat,,CHGIS V6,,,,
588,chgis_map_layer,county_seat,同時期CHGIS,county,,41919,,,,,,,藥山縣,藥山縣,0,,,,0,0,112.35051700000052,28.763648999999834,1,seat,,CHGIS V6,,,,
588,chgis_map_layer,county_seat,同時期CHGIS,county,,41925,,,,,,,重華縣,重華縣,0,,,,0,0,112.6576990000016,28.9749159999994,1,seat,,CHGIS V6,,,,
588,chgis_map_layer,county_seat,同時期CHGIS,county,,41935,,,,,,,零陽縣,零陽縣,0,,,,0,0,111.14300900000002,29.434099000000007,1,seat,,CHGIS V6,,,,
588,chgis_map_layer,county_seat,同時期CHGIS,county,,41948,,,,,,,石門縣,石門縣,0,,,,0,0,111.373611,29.588543,1,seat,,CHGIS V6,,,,
588,chgis_map_layer,county_seat,同時期CHGIS,county,,41950,,,,,,,作唐縣,作唐縣,0,,,,0,0,112.19654500000028,29.530962999999915,1,seat,,CHGIS V6,,,,
588,chgis_map_layer,county_seat,同時期CHGIS,county,,41955,,,,,,,泠道縣,泠道縣,0,,,,0,0,112.0951430000001,25.510814999999962,1,seat,,CHGIS V6,,,,
588,chgis_map_layer,county_seat,同時期CHGIS,county,,41958,,,,,,,泉陵縣,泉陵縣,0,,,,0,0,111.61256399999999,26.210339,1,seat,,CHGIS V6,,,,
588,chgis_map_layer,county_seat,同時期CHGIS,county,,41960,,,,,,,謝沐縣,謝沐縣,0,,,,0,0,111.17401799999999,25.118279,1,seat,,CHGIS V6,,,,
588,chgis_map_layer,county_seat,同時期CHGIS,county,,41961,,,,,,,祁陽縣,祁陽縣,0,,,,0,0,112.16732000000019,26.701960999999944,1,seat,,CHGIS V6,,,,
588,chgis_map_layer,county_seat,同時期CHGIS,county,,41975,,,,,,,馮乘縣,馮乘縣,0,,,,0,0,111.47849000000001,24.823343,1,seat,,CHGIS V6,,,,
588,chgis_map_layer,county_seat,同時期CHGIS,county,,41980,,,,,,,營浦縣,營浦縣,0,,,,0,0,111.620505,25.537297,1,seat,,CHGIS V6,,,,
588,chgis_map_layer,county_seat,同時期CHGIS,county,,41981,,,,,,,永陽縣,永陽縣,0,,,,0,0,111.58136000000003,25.562844999999996,1,seat,,CHGIS V6,,,,
588,chgis_map_layer,county_seat,同時期CHGIS,county,,41996,,,,,,,營道縣,營道縣,0,,,,0,0,111.98636700000007,25.503416999999978,1,seat,,CHGIS V6,,,,
588,chgis_map_layer,county_seat,同時期CHGIS,county,,42000,,,,,,,永昌縣,永昌縣,0,,,,0,0,111.77066800000004,26.852839999999997,1,seat,,CHGIS V6,,,,
588,chgis_map_layer,county_seat,同時期CHGIS,county,,42003,,,,,,,舂陵縣,舂陵縣,0,,,,0,0,111.98302500000007,25.845576999999984,1,seat,,CHGIS V6,,,,
588,chgis_map_layer,county_seat,同時期CHGIS,county,,42004,,,,,,,應陽縣,應陽縣,0,,,,0,0,111.483521,26.614882999999995,1,seat,,CHGIS V6,,,,
588,chgis_map_layer,county_seat,同時期CHGIS,county,,42012,,,,,,,扶夷縣,扶夷縣,0,,,,0,0,111.23485700000002,27.005932,1,seat,,CHGIS V6,,,,
588,chgis_map_layer,county_seat,同時期CHGIS,county,,42014,,,,,,,邵陵縣,邵陵縣,0,,,,0,0,111.474937,27.249315,1,seat,,CHGIS V6,,,,
588,chgis_map_layer,county_seat,同時期CHGIS,county,,42017,,,,,,,都梁縣,都梁縣,0,,,,0,0,110.647535,26.738720000000008,1,seat,,CHGIS V6,,,,
588,chgis_map_layer,county_seat,同時期CHGIS,county,,42020,,,,,,,邵陽縣,邵陽縣,0,,,,0,0,111.77311400000004,27.305274999999998,1,seat,,CHGIS V6,,,,
588,chgis_map_layer,county_seat,同時期CHGIS,county,,42024,,,,,,,武強縣,武強縣,0,,,,0,0,110.62229100000002,26.730705,1,seat,,CHGIS V6,,,,
588,chgis_map_layer,county_seat,同時期CHGIS,county,,42048,,,,,,,零陵縣,零陵縣,0,,,,0,0,109.49142799999908,28.751313999999674,1,seat,,CHGIS V6,,,,
588,chgis_map_layer,county_seat,同時期CHGIS,county,,42070,,,,,,,大鄉縣,大鄉縣,0,,,,0,0,109.96596799999988,28.985163999999973,1,seat,,CHGIS V6,,,,
588,chgis_map_layer,county_seat,同時期CHGIS,county,,42085,,,,,,,龍檦縣,龍檦縣,0,,,,0,0,109.81185199999979,27.19512899999993,1,seat,,CHGIS V6,,,,
588,chgis_map_layer,county_seat,同時期CHGIS,county,,42094,,,,,,,吳昌縣,吳昌縣,0,,,,0,0,113.65890500002156,28.573445999990096,1,seat,,CHGIS V6,,,,
588,chgis_map_layer,county_seat,同時期CHGIS,county,,42100,,,,,,,巴陵縣,巴陵縣,0,,,,0,0,113.09765600000601,29.37125999999744,1,seat,,CHGIS V6,,,,
588,chgis_map_layer,county_seat,同時期CHGIS,county,,42102,,,,,,,安南縣,安南縣,0,,,,0,0,112.55928800000119,29.518756999999564,1,seat,,CHGIS V6,,,,
588,chgis_map_layer,county_seat,同時期CHGIS,county,,42383,,,,,,,南巴縣,南巴縣,0,,,,0,0,111.13141600000002,21.628096,1,seat,,CHGIS V6,,,,
588,chgis_map_layer,county_seat,同時期CHGIS,county,,42385,,,,,,,電白縣,電白縣,0,,,,0,0,111.00349900000002,22.016524000000004,1,seat,,CHGIS V6,,,,
588,chgis_map_layer,county_seat,同時期CHGIS,county,,42387,,,,,,,務德縣,務德縣,0,,,,0,0,111.017957,22.151756,1,seat,,CHGIS V6,,,,
588,chgis_map_layer,county_seat,同時期CHGIS,county,,42389,,,,,,,寧化縣,寧化縣,0,,,,0,0,111.11791200000002,22.18585,1,seat,,CHGIS V6,,,,
588,chgis_map_layer,county_seat,同時期CHGIS,county,,42396,,,,,,,連江縣,連江縣,0,,,,0,0,111.34163700000002,21.493204,1,seat,,CHGIS V6,,,,
588,chgis_map_layer,county_seat,同時期CHGIS,county,,42399,,,,,,,梁德縣,梁德縣,0,,,,0,0,110.938805,22.363495,1,seat,,CHGIS V6,,,,
588,chgis_map_layer,county_seat,同時期CHGIS,county,,42405,,,,,,,石龍縣,石龍縣,0,,,,0,0,110.62531299999999,21.654027999999997,1,seat,,CHGIS V6,,,,
588,chgis_map_layer,county_seat,同時期CHGIS,county,,42425,,,,,,,齊康縣,齊康縣,0,,,,0,0,110.15652600000001,20.261125999999997,1,seat,,CHGIS V6,,,,
588,chgis_map_layer,county_seat,同時期CHGIS,county,,42435,,,,,,,扇沙縣,扇沙縣,0,,,,0,0,110.374313,21.395261999999995,1,seat,,CHGIS V6,,,,
588,chgis_map_layer,county_seat,同時期CHGIS,county,,42436,,,,,,,椹縣,椹縣,0,,,,0,0,109.97308,21.328350999999984,1,seat,,CHGIS V6,,,,
588,chgis_map_layer,county_seat,同時期CHGIS,county,,42448,,,,,,,武德縣,武德縣,0,,,,0,0,110.773739,19.759297,1,seat,,CHGIS V6,,,,
588,chgis_map_layer,county_seat,同時期CHGIS,county,,42474,,,,,,,義倫縣,義倫縣,0,,,,0,0,109.20698700000057,19.814140999999587,1,seat,,CHGIS V6,,,,
588,chgis_map_layer,county_seat,同時期CHGIS,county,,42524,,,,,,,合浦縣,合浦縣,0,,,,0,0,109.47006999999994,21.91325799999981,1,seat,,CHGIS V6,,,,
588,chgis_map_layer,county_seat,同時期CHGIS,county,,42533,,,,,,,龍蘇縣,龍蘇縣,0,,,,0,0,109.55055199999987,22.422095999999858,1,seat,,CHGIS V6,,,,
588,chgis_map_layer,county_seat,同時期CHGIS,county,,42534,,,,,,,大廉縣,大廉縣,0,,,,0,0,109.47640199999995,21.705571999999822,1,seat,,CHGIS V6,,,,
588,chgis_map_layer,county_seat,同時期CHGIS,county,,42546,,,,,,,封山縣,封山縣,0,,,,0,0,109.33741799999973,22.22733699999968,1,seat,,CHGIS V6,,,,
588,chgis_map_layer,county_seat,同時期CHGIS,county,,42553,,,,,,,安平縣,安平縣,0,,,,0,0,108.05276399999096,21.54997699999025,1,seat,,CHGIS V6,,,,
588,chgis_map_layer,county_seat,同時期CHGIS,county,,42557,,,,,,,海平縣,海平縣,0,,,,0,0,107.66960499997941,21.446263999979497,1,seat,,CHGIS V6,,,,
588,chgis_map_layer,county_seat,同時期CHGIS,county,,42561,,,,,,,玉山縣,玉山縣,0,,,,0,0,108.45049999999615,21.858882999995874,1,seat,,CHGIS V6,,,,
588,chgis_map_layer,county_seat,同時期CHGIS,county,,42565,,,,,,,宋廣縣,宋廣縣,0,,,,0,0,108.94867699999888,22.286605999998862,1,seat,,CHGIS V6,,,,
588,chgis_map_layer,county_seat,同時期CHGIS,county,,42575,,,,,,,程鄉縣,程鄉縣,0,,,,0,0,116.11049700067267,24.315780999637774,1,seat,,CHGIS V6,,,,
588,chgis_map_layer,county_seat,同時期CHGIS,county,,42578,,,,,,,興寧縣,興寧縣,0,,,,0,0,115.69923600040282,24.215482999785937,1,seat,,CHGIS V6,,,,
588,chgis_map_layer,county_seat,同時期CHGIS,county,,42593,,,,,,,始興縣,始興縣,0,,,,0,0,114.03466000003145,24.984045999984275,1,seat,,CHGIS V6,,,,
588,chgis_map_layer,county_seat,同時期CHGIS,county,,42602,,,,,,,陽山縣,陽山縣,0,,,,0,0,112.62415700000072,24.47315299999966,1,seat,,CHGIS V6,,,,
588,chgis_map_layer,county_seat,同時期CHGIS,county,,42604,,,,,,,桂陽縣,桂陽縣,0,,,,0,0,112.37812100000029,24.779700999999868,1,seat,,CHGIS V6,,,,
588,chgis_map_layer,county_seat,同時期CHGIS,county,,42606,,,,,,,希平縣,希平縣,0,,,,0,0,112.17645300000012,24.694096999999946,1,seat,,CHGIS V6,,,,
588,chgis_map_layer,county_seat,同時期CHGIS,county,,42608,,,,,,,廣惠縣,廣惠縣,0,,,,0,0,112.07833100000009,24.770005999999974,1,seat,,CHGIS V6,,,,
588,chgis_map_layer,county_seat,同時期CHGIS,county,,42622,,,,,,,安遂縣,安遂縣,0,,,,0,0,111.721893,22.935515999999996,1,seat,,CHGIS V6,,,,
588,chgis_map_layer,county_seat,同時期CHGIS,county,,42629,,,,,,,龍鄉縣,龍鄉縣,0,,,,0,0,111.43830900000002,22.547064000000002,1,seat,,CHGIS V6,,,,
588,chgis_map_layer,county_seat,同時期CHGIS,county,,42634,,,,,,,永熙縣,永熙縣,0,,,,0,0,111.52877299999999,22.758935000000005,1,seat,,CHGIS V6,,,,
588,chgis_map_layer,county_seat,同時期CHGIS,county,,42638,,,,,,,安南縣,安南縣,0,,,,0,0,111.30812799999998,22.726545,1,seat,,CHGIS V6,,,,
588,chgis_map_layer,county_seat,同時期CHGIS,county,,42641,,,,,,,開陽縣,開陽縣,0,,,,0,0,111.611732,22.597128,1,seat,,CHGIS V6,,,,
588,chgis_map_layer,county_seat,同時期CHGIS,county,,42643,,,,,,,羅陽縣,羅陽縣,0,,,,0,0,111.39912399999999,22.830919000000005,1,seat,,CHGIS V6,,,,
588,chgis_map_layer,county_seat,同時期CHGIS,county,,42140,,,,,,,海陽縣,海陽縣,0,,,,0,0,116.63665800107718,23.667705999365698,1,seat,,CHGIS V6,,,,
588,chgis_map_layer,county_seat,同時期CHGIS,county,,42143,,,,,,,潮陽縣,潮陽縣,0,,,,0,0,116.47822400085548,23.258577999483887,1,seat,,CHGIS V6,,,,
588,chgis_map_layer,county_seat,同時期CHGIS,county,,42151,,,,,,,海寧縣,海寧縣,0,,,,0,0,116.09712900053805,23.038060999675896,1,seat,,CHGIS V6,,,,
588,chgis_map_layer,county_seat,同時期CHGIS,county,,42153,,,,,,,義招縣,義招縣,0,,,,0,0,116.68862900124941,24.354482999294873,1,seat,,CHGIS V6,,,,
588,chgis_map_layer,county_seat,同時期CHGIS,county,,42163,,,,,,,懷安縣,懷安縣,0,,,,0,0,114.67352300007143,23.113707999957082,1,seat,,CHGIS V6,,,,
588,chgis_map_layer,county_seat,同時期CHGIS,county,,42171,,,,,,,博羅縣,博羅縣,0,,,,0,0,114.27360600003476,23.172246999978732,1,seat,,CHGIS V6,,,,
588,chgis_map_layer,county_seat,同時期CHGIS,county,,42174,,,,,,,新豐縣,新豐縣,0,,,,0,0,114.35390300004997,24.125154999973205,1,seat,,CHGIS V6,,,,
588,chgis_map_layer,county_seat,同時期CHGIS,county,,42180,,,,,,,海豐縣,海豐縣,0,,,,0,0,115.33480800019692,22.975711999882108,1,seat,,CHGIS V6,,,,
588,chgis_map_layer,county_seat,同時期CHGIS,county,,42184,,,,,,,龍川縣,龍川縣,0,,,,0,0,115.18617200019465,24.060002999896323,1,seat,,CHGIS V6,,,,
588,chgis_map_layer,county_seat,同時期CHGIS,county,,42190,,,,,,,河源縣,河源縣,0,,,,0,0,114.69146000008429,23.73683399995341,1,seat,,CHGIS V6,,,,
588,chgis_map_layer,county_seat,同時期CHGIS,county,,42193,,,,,,,番禺縣,番禺縣,0,,,,0,0,113.25606600000322,23.134623999997807,1,seat,,CHGIS V6,,,,
588,chgis_map_layer,county_seat,同時期CHGIS,county,,42203,,,,,,,寶安縣,寶安縣,0,,,,0,0,113.91857900001362,22.545150999990017,1,seat,,CHGIS V6,,,,
588,chgis_map_layer,county_seat,同時期CHGIS,county,,42212,,,,,,,增城縣,增城縣,0,,,,0,0,113.86380300001585,23.411842999990416,1,seat,,CHGIS V6,,,,
588,chgis_map_layer,county_seat,同時期CHGIS,county,,42216,,,,,,,盆允縣,盆允縣,0,,,,0,0,113.01797900000126,22.634569999998934,1,seat,,CHGIS V6,,,,
588,chgis_map_layer,county_seat,同時期CHGIS,county,,42220,,,,,,,新夷縣,新夷縣,0,,,,0,0,112.84721400000063,22.500207999999382,1,seat,,CHGIS V6,,,,
588,chgis_map_layer,county_seat,同時期CHGIS,county,,42222,,,,,,,宋元縣,宋元縣,0,,,,0,0,113.08613600000155,22.5894199999987,1,seat,,CHGIS V6,,,,
588,chgis_map_layer,county_seat,同時期CHGIS,county,,42223,,,,,,,化召縣,化召縣,0,,,,0,0,113.08613600000155,22.5894199999987,1,seat,,CHGIS V6,,,,
588,chgis_map_layer,county_seat,同時期CHGIS,county,,42224,,,,,,,豐樂縣,豐樂縣,0,,,,0,0,112.82367000000069,22.64408699999942,1,seat,,CHGIS V6,,,,
588,chgis_map_layer,county_seat,同時期CHGIS,county,,42231,,,,,,,中宿縣,中宿縣,0,,,,0,0,112.89028400000142,23.90139299999919,1,seat,,CHGIS V6,,,,
588,chgis_map_layer,county_seat,同時期CHGIS,county,,42233,,,,,,,威正縣,威正縣,0,,,,0,0,112.72985100000076,23.64615299999954,1,seat,,CHGIS V6,,,,
588,chgis_map_layer,county_seat,同時期CHGIS,county,,42234,,,,,,,廉平縣,廉平縣,0,,,,0,0,113.06843600000224,23.601914999998655,1,seat,,CHGIS V6,,,,
588,chgis_map_layer,county_seat,同時期CHGIS,county,,42235,,,,,,,恩洽縣,恩洽縣,0,,,,0,0,112.89028400000142,23.90139299999919,1,seat,,CHGIS V6,,,,
588,chgis_map_layer,county_seat,同時期CHGIS,county,,42236,,,,,,,浮護縣,浮護縣,0,,,,0,0,113.39332400000578,23.792315999996667,1,seat,,CHGIS V6,,,,
588,chgis_map_layer,county_seat,同時期CHGIS,county,,42238,,,,,,,曲江縣,曲江縣,0,,,,0,0,113.60341700001209,24.810208999993897,1,seat,,CHGIS V6,,,,
588,chgis_map_layer,county_seat,同時期CHGIS,county,,42242,,,,,,,梁化縣,梁化縣,0,,,,0,0,113.34679400000697,25.134873999996643,1,seat,,CHGIS V6,,,,
588,chgis_map_layer,county_seat,同時期CHGIS,county,,42244,,,,,,,平石縣,平石縣,0,,,,0,0,113.01343500000296,25.30191999999865,1,seat,,CHGIS V6,,,,
588,chgis_map_layer,county_seat,同時期CHGIS,county,,42250,,,,,,,翁源縣,翁源縣,0,,,,0,0,114.08532200003191,24.480481999983382,1,seat,,CHGIS V6,,,,
588,chgis_map_layer,county_seat,同時期CHGIS,county,,42258,,,,,,,湞陽縣,湞陽縣,0,,,,0,0,113.40207700000651,24.17293699999647,1,seat,,CHGIS V6,,,,
588,chgis_map_layer,county_seat,同時期CHGIS,county,,42264,,,,,,,含洭縣,含洭縣,0,,,,0,0,113.12419900000317,24.258880999998308,1,seat,,CHGIS V6,,,,
588,chgis_map_layer,county_seat,同時期CHGIS,county,,42266,,,,,,,高要縣,高要縣,0,,,,0,0,112.45315500000022,23.056920999999846,1,seat,,CHGIS V6,,,,
588,chgis_map_layer,county_seat,同時期CHGIS,county,,42267,,,,,,,博林縣,博林縣,0,,,,0,0,112.3026750000001,22.88416499999993,1,seat,,CHGIS V6,,,,
588,chgis_map_layer,county_seat,同時期CHGIS,county,,42268,,,,,,,撫納縣,撫納縣,0,,,,0,0,112.41238400000019,22.957467999999874,1,seat,,CHGIS V6,,,,
588,chgis_map_layer,county_seat,同時期CHGIS,county,,42269,,,,,,,四會縣,四會縣,0,,,,0,0,112.69453400000062,23.3487089999996,1,seat,,CHGIS V6,,,,
588,chgis_map_layer,county_seat,同時期CHGIS,county,,42272,,,,,,,始昌縣,始昌縣,0,,,,0,0,112.69590000000065,23.468230999999594,1,seat,,CHGIS V6,,,,
588,chgis_map_layer,county_seat,同時期CHGIS,county,,42273,,,,,,,宋元縣,宋元縣,0,,,,0,0,112.58974400000042,23.33586299999973,1,seat,,CHGIS V6,,,,
588,chgis_map_layer,county_seat,同時期CHGIS,county,,42274,,,,,,,樂山縣,樂山縣,0,,,,0,0,112.66107200000057,23.437751999999648,1,seat,,CHGIS V6,,,,
588,chgis_map_layer,county_seat,同時期CHGIS,county,,42275,,,,,,,安樂縣,安樂縣,0,,,,0,0,112.7438510000007,23.246034999999534,1,seat,,CHGIS V6,,,,
588,chgis_map_layer,county_seat,同時期CHGIS,county,,42276,,,,,,,義立縣,義立縣,0,,,,0,0,112.77774000000089,23.58030499999946,1,seat,,CHGIS V6,,,,
588,chgis_map_layer,county_seat,同時期CHGIS,county,,42284,,,,,,,新興縣,新興縣,0,,,,0,0,112.22508200000006,22.702914999999944,1,seat,,CHGIS V6,,,,
588,chgis_map_layer,county_seat,同時期CHGIS,county,,42285,,,,,,,索廬縣,索廬縣,0,,,,0,0,112.21277400000004,22.570129999999942,1,seat,,CHGIS V6,,,,
588,chgis_map_layer,county_seat,同時期CHGIS,county,,42290,,,,,,,陽春縣,陽春縣,0,,,,0,0,111.79067999999998,22.175906999999995,1,seat,,CHGIS V6,,,,
588,chgis_map_layer,county_seat,同時期CHGIS,county,,42292,,,,,,,龍潭縣,龍潭縣,0,,,,0,0,111.926405,22.36220299999999,1,seat,,CHGIS V6,,,,
588,chgis_map_layer,county_seat,同時期CHGIS,county,,42294,,,,,,,流南縣,流南縣,0,,,,0,0,111.85279800000002,22.344305,1,seat,,CHGIS V6,,,,
588,chgis_map_layer,county_seat,同時期CHGIS,county,,42298,,,,,,,甘泉縣,甘泉縣,0,,,,0,0,111.732162,22.352303999999997,1,seat,,CHGIS V6,,,,
588,chgis_map_layer,county_seat,同時期CHGIS,county,,42302,,,,,,,高涼縣,高涼縣,0,,,,0,0,111.887047,21.864985999999995,1,seat,,CHGIS V6,,,,
588,chgis_map_layer,county_seat,同時期CHGIS,county,,42306,,,,,,,杜陵縣,杜陵縣,0,,,,0,0,111.62740300000002,21.750427,1,seat,,CHGIS V6,,,,
588,chgis_map_layer,county_seat,同時期CHGIS,county,,42309,,,,,,,廣化縣,廣化縣,0,,,,0,0,111.67717000000002,21.956139,1,seat,,CHGIS V6,,,,
588,chgis_map_layer,county_seat,同時期CHGIS,county,,42314,,,,,,,平興縣,平興縣,0,,,,0,0,112.55898400000028,22.81990499999977,1,seat,,CHGIS V6,,,,
588,chgis_map_layer,county_seat,同時期CHGIS,county,,42315,,,,,,,初寧縣,初寧縣,0,,,,0,0,112.69558700000047,22.86233499999962,1,seat,,CHGIS V6,,,,
588,chgis_map_layer,county_seat,同時期CHGIS,county,,42316,,,,,,,建寧縣,建寧縣,0,,,,0,0,112.43407400000015,22.73228999999986,1,seat,,CHGIS V6,,,,
588,chgis_map_layer,county_seat,同時期CHGIS,county,,42317,,,,,,,招興縣,招興縣,0,,,,0,0,112.79366300000063,22.813987999999465,1,seat,,CHGIS V6,,,,
588,chgis_map_layer,county_seat,同時期CHGIS,county,,42318,,,,,,,崇化縣,崇化縣,0,,,,0,0,112.74955700000052,22.749755999999554,1,seat,,CHGIS V6,,,,
588,chgis_map_layer,county_seat,同時期CHGIS,county,,42319,,,,,,,熙穆縣,熙穆縣,0,,,,0,0,112.60580400000036,22.87069299999973,1,seat,,CHGIS V6,,,,
588,chgis_map_layer,county_seat,同時期CHGIS,county,,42320,,,,,,,崇德縣,崇德縣,0,,,,0,0,112.55653900000026,22.706425999999784,1,seat,,CHGIS V6,,,,
588,chgis_map_layer,county_seat,同時期CHGIS,county,,42321,,,,,,,南安縣,南安縣,0,,,,0,0,112.79128800000069,22.928087999999466,1,seat,,CHGIS V6,,,,
588,chgis_map_layer,county_seat,同時期CHGIS,county,,42322,,,,,,,梁泰縣,梁泰縣,0,,,,0,0,112.78802700000064,22.859243999999478,1,seat,,CHGIS V6,,,,
588,chgis_map_layer,county_seat,同時期CHGIS,county,,42327,,,,,,,齊安縣,齊安縣,0,,,,0,0,112.35194900000008,22.23813699999991,1,seat,,CHGIS V6,,,,
588,chgis_map_layer,county_seat,同時期CHGIS,county,,42332,,,,,,,新招縣,新招縣,0,,,,0,0,112.42775300000024,23.49094399999985,1,seat,,CHGIS V6,,,,
588,chgis_map_layer,county_seat,同時期CHGIS,county,,42334,,,,,,,化蒙縣,化蒙縣,0,,,,0,0,112.39724700000022,23.60643799999987,1,seat,,CHGIS V6,,,,
588,chgis_map_layer,county_seat,同時期CHGIS,county,,42335,,,,,,,化穆縣,化穆縣,0,,,,0,0,112.65480000000056,23.502459999999655,1,seat,,CHGIS V6,,,,
588,chgis_map_layer,county_seat,同時期CHGIS,county,,42337,,,,,,,化注縣,化注縣,0,,,,0,0,112.30510000000014,23.619994999999914,1,seat,,CHGIS V6,,,,
588,chgis_map_layer,county_seat,同時期CHGIS,county,,42340,,,,,,,封平縣,封平縣,0,,,,0,0,112.76776100000048,22.456769999999523,1,seat,,CHGIS V6,,,,
588,chgis_map_layer,county_seat,同時期CHGIS,county,,42342,,,,,,,義寧縣,義寧縣,0,,,,0,0,112.35811600000011,22.511666999999903,1,seat,,CHGIS V6,,,,
588,chgis_map_layer,county_seat,同時期CHGIS,county,,42347,,,,,,,始康縣,始康縣,0,,,,0,0,112.90927400000078,22.417701999999252,1,seat,,CHGIS V6,,,,
588,chgis_map_layer,county_seat,同時期CHGIS,county,,42348,,,,,,,初賓縣,初賓縣,0,,,,0,0,112.94471000000095,22.521605999999156,1,seat,,CHGIS V6,,,,
588,chgis_map_layer,county_seat,同時期CHGIS,county,,42349,,,,,,,封平縣,封平縣,0,,,,0,0,112.78420300000053,22.521020999999504,1,seat,,CHGIS V6,,,,
588,chgis_map_layer,county_seat,同時期CHGIS,county,,42352,,,,,,,端溪縣,端溪縣,0,,,,0,0,111.77101900000001,23.146790999999993,1,seat,,CHGIS V6,,,,
588,chgis_map_layer,county_seat,同時期CHGIS,county,,42354,,,,,,,元溪縣,元溪縣,0,,,,0,0,112.12206300000005,23.09887299999997,1,seat,,CHGIS V6,,,,
588,chgis_map_layer,county_seat,同時期CHGIS,county,,42356,,,,,,,封興縣,封興縣,0,,,,0,0,111.63408700000001,23.518067999999996,1,seat,,CHGIS V6,,,,
588,chgis_map_layer,county_seat,同時期CHGIS,county,,42361,,,,,,,威城縣,威城縣,0,,,,0,0,111.54055800000002,23.145522999999997,1,seat,,CHGIS V6,,,,
588,chgis_map_layer,county_seat,同時期CHGIS,county,,42362,,,,,,,都城縣,都城縣,0,,,,0,0,111.52143100000002,23.242224,1,seat,,CHGIS V6,,,,
588,chgis_map_layer,county_seat,同時期CHGIS,county,,42363,,,,,,,晉化縣,晉化縣,0,,,,0,0,111.47534200000001,23.011263,1,seat,,CHGIS V6,,,,
588,chgis_map_layer,county_seat,同時期CHGIS,county,,42364,,,,,,,悅城縣,悅城縣,0,,,,0,0,112.16348300000007,23.276025999999963,1,seat,,CHGIS V6,,,,
588,chgis_map_layer,county_seat,同時期CHGIS,county,,42365,,,,,,,樂城縣,樂城縣,0,,,,0,0,112.12206300000005,23.09887299999997,1,seat,,CHGIS V6,,,,
588,chgis_map_layer,county_seat,同時期CHGIS,county,,42368,,,,,,,文招縣,文招縣,0,,,,0,0,112.09369600000004,23.230782999999978,1,seat,,CHGIS V6,,,,
588,chgis_map_layer,county_seat,同時期CHGIS,county,,42371,,,,,,,梁信縣,梁信縣,0,,,,0,0,111.508102,23.445099,1,seat,,CHGIS V6,,,,
588,chgis_map_layer,county_seat,同時期CHGIS,county,,42374,,,,,,,開建縣,開建縣,0,,,,0,0,111.80409200000003,23.75867999999999,1,seat,,CHGIS V6,,,,
588,chgis_map_layer,county_seat,同時期CHGIS,county,,42682,,,,,,,江都縣,江都縣,0,,,,0,0,119.44940799641616,32.27119198661565,1,seat,,CHGIS V6,,,,
588,chgis_map_layer,county_seat,同時期CHGIS,county,,42688,,,,,,,廣陵縣,廣陵縣,0,,,,0,0,119.4371869962457,32.39126998660618,1,seat,,CHGIS V6,,,,
588,chgis_map_layer,county_seat,同時期CHGIS,county,,42703,,,,,,,海陵縣,海陵縣,0,,,,0,0,119.9112399859006,32.49587198175239,1,seat,,CHGIS V6,,,,
588,chgis_map_layer,county_seat,同時期CHGIS,county,,42715,,,,,,,高郵縣,高郵縣,0,,,,0,0,119.43733199505229,32.790709986207396,1,seat,,CHGIS V6,,,,
588,chgis_map_layer,county_seat,同時期CHGIS,county,,42719,,,,,,,寧海縣,寧海縣,0,,,,0,0,120.33539597107381,32.34263597683542,1,seat,,CHGIS V6,,,,
588,chgis_map_layer,county_seat,同時期CHGIS,county,,42722,,,,,,,安宜縣,安宜縣,0,,,,0,0,119.28057699621934,33.18181298722063,1,seat,,CHGIS V6,,,,
588,chgis_map_layer,county_seat,同時期CHGIS,county,,42741,,,,,,,鹽城縣,鹽城縣,0,,,,0,0,120.13371997286492,33.38516197778034,1,seat,,CHGIS V6,,,,
588,chgis_map_layer,county_seat,同時期CHGIS,county,,42747,,,,,,,淮陰縣,淮陰縣,0,,,,0,0,118.93358599916549,33.53131498970533,1,seat,,CHGIS V6,,,,
588,chgis_map_layer,county_seat,同時期CHGIS,county,,42764,,,,,,,山陽縣,山陽縣,0,,,,0,0,119.14110599715355,33.50278898810918,1,seat,,CHGIS V6,,,,
588,chgis_map_layer,county_seat,同時期CHGIS,county,,42774,,,,,,,漣水縣,漣水縣,0,,,,0,0,119.26123099485837,33.76637298683728,1,seat,,CHGIS V6,,,,
588,chgis_map_layer,county_seat,同時期CHGIS,county,,42777,,,,,,,彭城縣,彭城縣,0,,,,0,0,117.18768300192748,34.26963399744008,1,seat,,CHGIS V6,,,,
588,chgis_map_layer,county_seat,同時期CHGIS,county,,42784,,,,,,,龍城縣,龍城縣,0,,,,0,0,116.92396700168813,34.205475998031396,1,seat,,CHGIS V6,,,,
588,chgis_map_layer,county_seat,同時期CHGIS,county,,42797,,,,,,,安陽縣,安陽縣,0,,,,0,0,116.36128000110084,34.456917998891576,1,seat,,CHGIS V6,,,,
588,chgis_map_layer,county_seat,同時期CHGIS,county,,42806,,,,,,,豐縣,豐縣,0,,,,0,0,116.58418300128723,34.70361699856108,1,seat,,CHGIS V6,,,,
588,chgis_map_layer,county_seat,同時期CHGIS,county,,42807,,,,,,,沛縣,沛縣,0,,,,0,0,116.92694800159948,34.737994997945464,1,seat,,CHGIS V6,,,,
588,chgis_map_layer,county_seat,同時期CHGIS,county,,42823,,,,,,,下邳縣,下邳縣,0,,,,0,0,117.88688400222755,34.11826499525007,1,seat,,CHGIS V6,,,,
588,chgis_map_layer,county_seat,同時期CHGIS,county,,42833,,,,,,,武原縣,武原縣,0,,,,0,0,117.82067900205402,34.46844099539328,1,seat,,CHGIS V6,,,,
588,chgis_map_layer,county_seat,同時期CHGIS,county,,42839,,,,,,,宿豫縣,宿豫縣,0,,,,0,0,118.46140700145756,33.80152599261064,1,seat,,CHGIS V6,,,,
588,chgis_map_layer,county_seat,同時期CHGIS,county,,42863,,,,,,,龍城縣,龍城縣,0,,,,0,0,116.98579400175173,34.199207997907436,1,seat,,CHGIS V6,,,,
588,chgis_map_layer,county_seat,同時期CHGIS,county,,42872,,,,,,,朐山縣,朐山縣,0,,,,0,0,119.1260119945653,34.582212987275014,1,seat,,CHGIS V6,,,,
588,chgis_map_layer,county_seat,同時期CHGIS,county,,42885,,,,,,,廣饒縣,廣饒縣,0,,,,0,0,119.228045992962,34.58669598634616,1,seat,,CHGIS V6,,,,
588,chgis_map_layer,county_seat,同時期CHGIS,county,,42892,,,,,,,懷仁縣,懷仁縣,0,,,,0,0,119.08838699426131,34.89665998732202,1,seat,,CHGIS V6,,,,
588,chgis_map_layer,county_seat,同時期CHGIS,county,,42898,,,,,,,沭陽縣,沭陽縣,0,,,,0,0,118.77732099928552,34.134147990393515,1,seat,,CHGIS V6,,,,
588,chgis_map_layer,county_seat,同時期CHGIS,county,,42953,,,,,,,淮陽縣,淮陽縣,0,,,,0,0,118.93358599916549,33.53131498970533,1,seat,,CHGIS V6,,,,
588,chgis_map_layer,county_seat,同時期CHGIS,county,,43001,,,,,,,懷寧縣,懷寧縣,0,,,,0,0,116.56720000151651,30.630345998976907,1,seat,,CHGIS V6,,,,
588,chgis_map_layer,county_seat,同時期CHGIS,county,,43007,,,,,,,晉熙縣,晉熙縣,0,,,,0,0,116.28860200116313,30.418644999261367,1,seat,,CHGIS V6,,,,
588,chgis_map_layer,county_seat,同時期CHGIS,county,,43018,,,,,,,新冶縣,新冶縣,0,,,,0,0,116.67433200167493,30.1235369989001,1,seat,,CHGIS V6,,,,
588,chgis_map_layer,county_seat,同時期CHGIS,county,,43022,,,,,,,樅陽縣,樅陽縣,0,,,,0,0,117.21058700254596,30.69370999802231,1,seat,,CHGIS V6,,,,
588,chgis_map_layer,county_seat,同時期CHGIS,county,,43035,,,,,,,襄安縣,襄安縣,0,,,,0,0,117.86484500342576,31.601735996153284,1,seat,,CHGIS V6,,,,
588,chgis_map_layer,county_seat,同時期CHGIS,county,,43060,,,,,,,合肥縣,合肥縣,0,,,,0,0,117.27645900251953,31.864455997687568,1,seat,,CHGIS V6,,,,
588,chgis_map_layer,county_seat,同時期CHGIS,county,,43065,,,,,,,慎縣,慎縣,0,,,,0,0,117.55443600290573,31.99764599697965,1,seat,,CHGIS V6,,,,
588,chgis_map_layer,county_seat,同時期CHGIS,county,,43075,,,,,,,鐘離縣,鐘離縣,0,,,,0,0,117.64022100273428,32.901633996501694,1,seat,,CHGIS V6,,,,
588,chgis_map_layer,county_seat,同時期CHGIS,county,,43086,,,,,,,定遠縣,定遠縣,0,,,,0,0,117.83130400308019,32.41874999601784,1,seat,,CHGIS V6,,,,
588,chgis_map_layer,county_seat,同時期CHGIS,county,,43104,,,,,,,歷陽縣,歷陽縣,0,,,,0,0,118.361122003608,31.714223994161994,1,seat,,CHGIS V6,,,,
588,chgis_map_layer,county_seat,同時期CHGIS,county,,43110,,,,,,,烏江縣,烏江縣,0,,,,0,0,118.45504000342497,31.85731499364691,1,seat,,CHGIS V6,,,,
588,chgis_map_layer,county_seat,同時期CHGIS,county,,43141,,,,,,,霍山縣,霍山縣,0,,,,0,0,116.32011400119251,31.40778299916888,1,seat,,CHGIS V6,,,,
588,chgis_map_layer,county_seat,同時期CHGIS,county,,43157,,,,,,,壽春縣,壽春縣,0,,,,0,0,116.77711500171348,32.57574799850527,1,seat,,CHGIS V6,,,,
588,chgis_map_layer,county_seat,同時期CHGIS,county,,43161,,,,,,,新昌縣,新昌縣,0,,,,0,0,118.30416100319835,32.31699399415729,1,seat,,CHGIS V6,,,,
588,chgis_map_layer,county_seat,同時期CHGIS,county,,43189,,,,,,,蕭縣,蕭縣,0,,,,0,0,116.72009300162863,32.70558499857645,1,seat,,CHGIS V6,,,,
588,chgis_map_layer,county_seat,同時期CHGIS,county,,43204,,,,,,,符離縣,符離縣,0,,,,0,0,117.20867900208329,33.68701899750073,1,seat,,CHGIS V6,,,,
588,chgis_map_layer,county_seat,同時期CHGIS,county,,43213,,,,,,,蘄縣,蘄縣,0,,,,0,0,117.01277200190911,33.44256199797132,1,seat,,CHGIS V6,,,,
588,chgis_map_layer,county_seat,同時期CHGIS,county,,43219,,,,,,,安豐縣,安豐縣,0,,,,0,0,116.67452000159679,32.334126998682294,1,seat,,CHGIS V6,,,,
588,chgis_map_layer,county_seat,同時期CHGIS,county,,43229,,,,,,,龍山縣,龍山縣,0,,,,0,0,116.30776200110311,33.59054199902308,1,seat,,CHGIS V6,,,,
588,chgis_map_layer,county_seat,同時期CHGIS,county,,43237,,,,,,,晉陵縣,晉陵縣,0,,,,0,0,117.87887600259559,33.47837499550286,1,seat,,CHGIS V6,,,,
588,chgis_map_layer,county_seat,同時期CHGIS,county,,43273,,,,,,,臨渙縣,臨渙縣,0,,,,0,0,116.78322300162219,33.56409699837479,1,seat,,CHGIS V6,,,,
588,chgis_map_layer,county_seat,同時期CHGIS,county,,43278,,,,,,,白樿縣,白樿縣,0,,,,0,0,116.65903500145807,33.78826899854671,1,seat,,CHGIS V6,,,,
588,chgis_map_layer,county_seat,同時期CHGIS,county,,43289,,,,,,,盱眙縣,盱眙縣,0,,,,0,0,118.50559600219191,33.03163399278055,1,seat,,CHGIS V6,,,,
588,chgis_map_layer,county_seat,同時期CHGIS,county,,43305,,,,,,,石梁縣,石梁縣,0,,,,0,0,118.86167200115035,32.69338599081396,1,seat,,CHGIS V6,,,,
588,chgis_map_layer,county_seat,同時期CHGIS,county,,43311,,,,,,,開化縣,開化縣,0,,,,0,0,116.37270900125084,31.564043999107028,1,seat,,CHGIS V6,,,,
588,chgis_map_layer,county_seat,同時期CHGIS,county,,43318,,,,,,,汝陰縣,汝陰縣,0,,,,0,0,115.80901300068666,32.90305699948724,1,seat,,CHGIS V6,,,,
588,chgis_map_layer,county_seat,同時期CHGIS,county,,43329,,,,,,,許昌縣,許昌縣,0,,,,0,0,116.06556700090051,32.836398999303796,1,seat,,CHGIS V6,,,,
588,chgis_map_layer,county_seat,同時期CHGIS,county,,43341,,,,,,,小黃縣,小黃縣,0,,,,0,0,115.77090500064159,33.87929199947173,1,seat,,CHGIS V6,,,,
588,chgis_map_layer,county_seat,同時期CHGIS,county,,43349,,,,,,,浚儀縣,浚儀縣,0,,,,0,0,115.99253700081536,33.63885999931977,1,seat,,CHGIS V6,,,,
588,chgis_map_layer,county_seat,同時期CHGIS,county,,43367,,,,,,,陳留縣,陳留縣,0,,,,0,0,115.6221830005537,33.17778699958659,1,seat,,CHGIS V6,,,,
588,chgis_map_layer,county_seat,同時期CHGIS,county,,43369,,,,,,,渦陽縣,渦陽縣,0,,,,0,0,116.5557480013869,33.26863899874913,1,seat,,CHGIS V6,,,,
588,chgis_map_layer,county_seat,同時期CHGIS,county,,43380,,,,,,,高塘縣,高塘縣,0,,,,0,0,116.11419700097069,30.151212999409708,1,seat,,CHGIS V6,,,,
588,chgis_map_layer,county_seat,同時期CHGIS,county,,43382,,,,,,,廬江縣,廬江縣,0,,,,0,0,117.28835300262432,31.25336299777249,1,seat,,CHGIS V6,,,,
588,chgis_map_layer,county_seat,同時期CHGIS,county,,43385,,,,,,,涂山縣,涂山縣,0,,,,0,0,117.11163400213773,32.78573799787648,1,seat,,CHGIS V6,,,,
588,chgis_map_layer,county_seat,同時期CHGIS,county,,43393,,,,,,,滁水縣,滁水縣,0,,,,0,0,118.26437400337815,32.09834699443369,1,seat,,CHGIS V6,,,,
588,chgis_map_layer,county_seat,同時期CHGIS,county,,42654,,,,,,,安京縣,安京縣,0,,,,0,0,108.45258299999547,22.136643999995794,1,seat,,CHGIS V6,,,,
588,chgis_map_layer,county_seat,同時期CHGIS,county,,43920,,,,,,,馮乘縣,馮乘縣,0,,,,0,0,111.506638,24.936453,1,seat,,CHGIS V6,,,,
588,chgis_map_layer,county_seat,同時期CHGIS,county,,87382,,,,,,,浮陽縣,浮陽縣,0,,,,0,0,117.02598600078059,38.20459399712854,1,seat,,CHGIS V6,,,,
588,chgis_map_layer,county_seat,同時期CHGIS,county,,88244,,,,,,,南皮縣,南皮縣,0,,,,0,0,116.69679000085111,38.03756999796171,1,seat,,CHGIS V6,,,,
588,chgis_map_layer,county_seat,同時期CHGIS,county,,88213,,,,,,,漁陽縣,漁陽縣,0,,,,0,0,117.40181999946385,40.04385999543316,1,seat,,CHGIS V6,,,,
588,chgis_map_layer,county_seat,同時期CHGIS,county,,87904,,,,,,,廣平縣,廣平縣,0,,,,0,0,114.72307000015795,36.70102999985264,1,seat,,CHGIS V6,,,,
588,chgis_map_layer,county_seat,同時期CHGIS,county,,87961,,,,,,,廣宗縣,廣宗縣,0,,,,0,0,115.411415000374,36.94711699958621,1,seat,,CHGIS V6,,,,
588,chgis_map_layer,county_seat,同時期CHGIS,county,,88010,,,,,,,樂城縣,樂城縣,0,,,,0,0,116.11968200063704,38.19174999890878,1,seat,,CHGIS V6,,,,
588,chgis_map_layer,county_seat,同時期CHGIS,county,,88013,,,,,,,成平縣,成平縣,0,,,,0,0,116.523811000771,38.29038599827528,1,seat,,CHGIS V6,,,,
588,chgis_map_layer,county_seat,同時期CHGIS,county,,88028,,,,,,,鄚縣,鄚縣,0,,,,0,0,116.11154200057585,38.85794799887404,1,seat,,CHGIS V6,,,,
588,chgis_map_layer,county_seat,同時期CHGIS,county,,88053,,,,,,,東光縣,東光縣,0,,,,0,0,116.5274580008343,37.88379699831218,1,seat,,CHGIS V6,,,,
588,chgis_map_layer,county_seat,同時期CHGIS,county,,88154,,,,,,,南和縣,南和縣,0,,,,0,0,114.68615000014812,36.99765799985833,1,seat,,CHGIS V6,,,,
588,chgis_map_layer,county_seat,同時期CHGIS,county,,200474,,,,,,,內丘縣,內丘縣,0,,,,0,0,114.51186000011319,37.294999999891886,1,seat,,CHGIS V6,,,,
588,chgis_map_layer,county_seat,同時期CHGIS,county,,88298,,,,,,,廣昌縣,廣昌縣,0,,,,0,0,114.68877000013168,39.354009999834865,1,seat,,CHGIS V6,,,,
588,chgis_map_layer,county_seat,同時期CHGIS,county,,88343,,,,,,,廣阿縣,廣阿縣,0,,,,0,0,114.8507500001835,37.35029999981152,1,seat,,CHGIS V6,,,,
588,chgis_map_layer,county_seat,同時期CHGIS,county,,88430,,,,,,,井陘縣,井陘縣,0,,,,0,0,114.05126000005168,38.187487999950655,1,seat,,CHGIS V6,,,,
588,chgis_map_layer,county_seat,同時期CHGIS,county,,88435,,,,,,,蒲吾縣,蒲吾縣,0,,,,0,0,114.21235000006784,38.24927999993256,1,seat,,CHGIS V6,,,,
588,chgis_map_layer,county_seat,同時期CHGIS,county,,88446,,,,,,,行唐縣,行唐縣,0,,,,0,0,114.54361000011288,38.436069999877155,1,seat,,CHGIS V6,,,,
588,chgis_map_layer,county_seat,同時期CHGIS,county,,88449,,,,,,,靈壽縣,靈壽縣,0,,,,0,0,114.36438700008648,38.30467599991073,1,seat,,CHGIS V6,,,,
588,chgis_map_layer,county_seat,同時期CHGIS,county,,88470,,,,,,,新市縣,新市縣,0,,,,0,0,114.68176000013885,38.268789999847144,1,seat,,CHGIS V6,,,,
588,chgis_map_layer,county_seat,同時期CHGIS,county,,88117,,,,,,,武強縣,武強縣,0,,,,0,0,115.85923000053474,37.994429999210425,1,seat,,CHGIS V6,,,,
588,chgis_map_layer,county_seat,同時期CHGIS,county,,88124,,,,,,,安平縣,安平縣,0,,,,0,0,115.50820900037765,38.228801999487814,1,seat,,CHGIS V6,,,,
588,chgis_map_layer,county_seat,同時期CHGIS,county,,70735,,,,,,,陰盤縣,陰盤縣,0,,,,0,0,109.25767999999734,34.3989499999987,1,seat,,CHGIS V6,,,,
